trip_id,started_at,rider_type,bike_type,start_station,end_station,duration_min,distance_km,temperature_c
T200000,2025-01-01 08:19:00,member,classic,Market Hall,University Ave,11.7,2.59,1.7
T200001,2025-01-01 08:44:00,member,electric,Stadium,Lakeside,5,1.29,6.9
T200002,2025-01-01 10:40:00,member,electric,Stadium,Harbor Front,9.7,2.63,1.8
T200003,2025-01-01 19:37:00,member,electric,Museum Mile,Museum Mile,3.6,0.64,4
T200004,2025-01-02 08:51:00,member,classic,University Ave,Tech Campus,13.2,2.38,0.6
T200005,2025-01-02 13:13:00,casual,classic,Tech Campus,University Ave,36.4,7.42,-0.3
T200006,2025-01-02 16:19:00,casual,classic,City Hall,Tech Campus,17.2,3.01,1.9
T200007,2025-01-02 17:59:00,member,classic,Museum Mile,Lakeside,12.4,2.34,8.7
T200008,2025-01-03 10:00:00,member,classic,Harbor Front,Museum Mile,12.1,2.69,1.8
T200009,2025-01-03 10:16:00,member,electric,Market Hall,Harbor Front,6.9,2.1,4.2
T200010,2025-01-03 11:49:00,casual,classic,Central Station,Tech Campus,19.2,4,0.6
T200011,2025-01-03 11:56:00,casual,electric,Harbor Front,Lakeside,2,0.6,0.7
T200012,2025-01-03 12:10:00,casual,electric,Central Station,Riverside Park,9.2,2.7,0.7
T200013,2025-01-03 12:51:00,member,electric,Market Hall,Union Square,8.2,2.33,3.4
T200014,2025-01-03 12:53:00,member,electric,Old Town,Museum Mile,7.5,1.99,2.9
T200015,2025-01-03 17:21:00,member,classic,Lakeside,University Ave,13.2,2.57,4.1
T200016,2025-01-03 17:37:00,member,electric,Central Station,Tech Campus,4.1,0.97,3.8
T200017,2025-01-03 18:01:00,casual,electric,Central Station,Tech Campus,46.4,13.25,1.3
T200018,2025-01-03 19:40:00,member,electric,Museum Mile,Old Town,12.5,3.7,7.2
T200019,2025-01-04 07:03:00,member,electric,Old Town,Museum Mile,11.8,2.91,2.4
T200020,2025-01-04 07:50:00,member,classic,Market Hall,Tech Campus,15.6,2.78,3.2
T200021,2025-01-04 07:55:00,member,electric,Riverside Park,Union Square,6.7,1.58,4.3
T200022,2025-01-04 10:26:00,member,classic,Central Station,Central Station,20.8,2.38,2.4
T200023,2025-01-04 19:10:00,casual,electric,University Ave,Market Hall,32,7.46,3.2
T200024,2025-01-05 08:23:00,member,electric,Union Square,City Hall,13.5,3.72,-2
T200025,2025-01-05 08:26:00,member,electric,Stadium,Central Station,2,0.62,7
T200026,2025-01-05 10:57:00,casual,electric,City Hall,Union Square,23.7,6.93,-2.2
T200027,2025-01-05 12:05:00,member,electric,Union Square,Museum Mile,13.3,3.6,6.9
T200028,2025-01-05 17:02:00,member,electric,City Hall,Union Square,11.2,3.35,2.9
T200029,2025-01-06 07:26:00,member,classic,City Hall,University Ave,7.6,1.66,4.2
T200030,2025-01-06 17:23:00,member,electric,Museum Mile,Union Square,7.2,1.95,0.7
T200031,2025-01-06 21:49:00,member,electric,Central Station,Union Square,7.6,2.22,1.8
T200032,2025-01-07 15:06:00,casual,classic,University Ave,City Hall,27.8,4.81,7.8
T200033,2025-01-07 16:26:00,member,electric,Central Station,Old Town,10.2,2.51,4.7
T200034,2025-01-07 17:44:00,member,classic,Riverside Park,Riverside Park,7.2,0.96,0.9
T200035,2025-01-07 18:36:00,member,classic,Harbor Front,Harbor Front,5.4,0.58,1.9
T200036,2025-01-07 19:54:00,member,classic,Harbor Front,Lakeside,6.4,1.07,-0.7
T200037,2025-01-08 08:43:00,member,classic,Stadium,Museum Mile,9.3,1.83,4.7
T200038,2025-01-08 12:01:00,member,classic,Union Square,Union Square,2.4,0.3,1.4
T200039,2025-01-08 13:24:00,casual,classic,Market Hall,Old Town,21,4.32,11.8
T200040,2025-01-08 14:34:00,casual,electric,Harbor Front,Harbor Front,19.8,2.75,-2
T200041,2025-01-09 08:52:00,member,classic,Harbor Front,Central Station,16.6,3.64,0.4
T200042,2025-01-09 10:04:00,member,classic,Museum Mile,Market Hall,13.3,2.72,1.6
T200043,2025-01-09 10:08:00,casual,electric,Tech Campus,City Hall,22,6.47,6.4
T200044,2025-01-09 16:05:00,member,electric,University Ave,Museum Mile,19.2,4.76,3.3
T200045,2025-01-09 17:24:00,member,classic,Tech Campus,Union Square,12.6,2.42,8
T200046,2025-01-09 18:14:00,casual,electric,Central Station,Museum Mile,17.4,5.27,-3.6
T200047,2025-01-09 18:58:00,member,classic,Harbor Front,City Hall,15.6,2.62,2.8
T200048,2025-01-09 19:10:00,casual,classic,Tech Campus,Union Square,10.1,2.23,2.5
T200049,2025-01-10 08:10:00,member,classic,Central Station,Tech Campus,5.6,1.03,5.3
T200050,2025-01-10 08:17:00,member,classic,Harbor Front,Riverside Park,13.3,2.97,4
T200051,2025-01-10 08:35:00,member,classic,City Hall,Stadium,21.6,4.32,2.5
T200052,2025-01-10 08:40:00,member,classic,Old Town,Old Town,6.2,0.65,2.2
T200053,2025-01-10 09:15:00,member,classic,Tech Campus,Tech Campus,18.9,1.93,1.9
T200054,2025-01-10 17:42:00,member,classic,Stadium,Old Town,20.4,4.35,3.5
T200055,2025-01-10 17:52:00,member,classic,Harbor Front,Museum Mile,17.5,3.13,3.6
T200056,2025-01-10 19:30:00,member,electric,University Ave,City Hall,8.2,2.11,2.5
T200057,2025-01-11 07:23:00,member,electric,Central Station,Central Station,7.6,1.17,2.4
T200058,2025-01-11 18:13:00,casual,classic,Union Square,Harbor Front,27.8,6.03,8.4
T200059,2025-01-12 07:53:00,member,classic,Riverside Park,Central Station,13.7,2.71,-0.6
T200060,2025-01-12 08:20:00,member,classic,Union Square,Harbor Front,7.9,1.78,-2.7
T200061,2025-01-12 08:21:00,member,classic,Museum Mile,Museum Mile,13.5,1.51,3
T200062,2025-01-12 12:17:00,member,classic,Lakeside,Union Square,25.3,5.37,-4.4
T200063,2025-01-12 15:26:00,member,electric,Market Hall,Central Station,8.9,2.56,-1.9
T200064,2025-01-12 20:34:00,casual,classic,Central Station,Harbor Front,22.4,4.52,1
T200065,2025-01-13 14:58:00,casual,electric,Lakeside,City Hall,30.2,8.24,4.9
T200066,2025-01-14 08:36:00,member,classic,Harbor Front,Market Hall,7.7,1.47,1.7
T200067,2025-01-14 12:21:00,casual,electric,Tech Campus,Lakeside,32.7,8.05,4.7
T200068,2025-01-14 18:27:00,casual,classic,Harbor Front,Lakeside,37.8,7.23,5.8
T200069,2025-01-15 07:18:00,member,classic,Stadium,Stadium,10.9,1.35,6.8
T200070,2025-01-15 07:24:00,member,electric,Harbor Front,City Hall,2.4,0.57,5.3
T200071,2025-01-15 11:32:00,casual,electric,Stadium,Lakeside,17.3,4.74,3.3
T200072,2025-01-15 18:07:00,casual,electric,Harbor Front,University Ave,21.5,4.92,10.2
T200073,2025-01-15 18:21:00,member,electric,Harbor Front,Lakeside,13.7,3.93,6.3
T200074,2025-01-16 07:01:00,member,classic,Central Station,Old Town,5,0.94,2.7
T200075,2025-01-16 07:14:00,member,classic,Market Hall,Harbor Front,11.8,2.31,6.2
T200076,2025-01-16 09:55:00,member,classic,Museum Mile,Harbor Front,10.2,2.23,4.2
T200077,2025-01-16 20:40:00,casual,classic,Museum Mile,Harbor Front,19.1,3.95,7
T200078,2025-01-17 07:18:00,member,classic,Museum Mile,Museum Mile,4.3,0.55,3.9
T200079,2025-01-17 11:17:00,casual,classic,Stadium,Old Town,14.5,2.71,1.9
T200080,2025-01-17 11:28:00,casual,classic,Museum Mile,University Ave,36.9,7.3,2.2
T200081,2025-01-17 13:05:00,member,electric,University Ave,Tech Campus,7.1,1.73,1.2
T200082,2025-01-18 07:06:00,member,classic,Central Station,Old Town,7.7,1.65,3.1
T200083,2025-01-18 11:37:00,casual,classic,Market Hall,Tech Campus,5.2,0.97,4.7
T200084,2025-01-18 12:06:00,casual,electric,Riverside Park,Lakeside,22.2,5.46,-1
T200085,2025-01-18 13:09:00,casual,classic,Museum Mile,Riverside Park,30,5.97,6.8
T200086,2025-01-18 17:36:00,member,classic,Lakeside,Stadium,6.9,1.29,1.9
T200087,2025-01-19 12:27:00,member,electric,University Ave,Market Hall,12.1,3.72,-0.4
T200088,2025-01-19 12:49:00,casual,electric,Tech Campus,Stadium,12.8,3.95,3.6
T200089,2025-01-19 14:31:00,casual,classic,Stadium,City Hall,16.5,3.22,3.6
T200090,2025-01-19 17:21:00,member,classic,Tech Campus,Central Station,8.8,1.94,0.9
T200091,2025-01-19 18:13:00,casual,electric,Central Station,Tech Campus,13.2,3.33,1.5
T200092,2025-01-19 18:58:00,member,classic,Riverside Park,Market Hall,11.6,2.27,4.8
T200093,2025-01-19 19:20:00,member,electric,University Ave,Central Station,13.1,3.55,3.3
T200094,2025-01-20 07:04:00,member,classic,Tech Campus,Tech Campus,8.7,1.06,5.8
T200095,2025-01-20 07:52:00,member,electric,Central Station,Old Town,11.3,2.75,0.4
T200096,2025-01-20 15:09:00,member,classic,Old Town,University Ave,4.4,0.96,2.8
T200097,2025-01-20 17:10:00,member,classic,Museum Mile,City Hall,5.9,1.16,4.4
T200098,2025-01-20 18:25:00,member,electric,Stadium,Stadium,5,0.88,0.9
T200099,2025-01-21 11:33:00,casual,electric,Tech Campus,Central Station,24.2,6.31,9.8
T200100,2025-01-21 13:09:00,member,electric,Lakeside,Lakeside,2,0.3,6.4
T200101,2025-01-21 13:47:00,casual,classic,Riverside Park,City Hall,38.4,8.09,6
T200102,2025-01-21 13:49:00,member,classic,University Ave,Central Station,17.6,3.95,4.5
T200103,2025-01-21 15:58:00,member,electric,Tech Campus,University Ave,8.5,2.64,5.9
T200104,2025-01-22 10:47:00,casual,classic,Central Station,Lakeside,34.3,7.67,6.9
T200105,2025-01-22 12:29:00,member,electric,Lakeside,Museum Mile,9.3,2.38,3.1
T200106,2025-01-22 12:46:00,member,electric,Market Hall,University Ave,15.2,3.63,2.4
T200107,2025-01-22 18:19:00,member,classic,Lakeside,Lakeside,8.8,1.19,5.7
T200108,2025-01-22 18:52:00,member,classic,University Ave,City Hall,10.8,2.15,6.6
T200109,2025-01-22 19:29:00,member,classic,Tech Campus,University Ave,14.9,2.69,3.8
T200110,2025-01-22 19:37:00,casual,electric,University Ave,University Ave,22.2,4.02,-3.4
T200111,2025-01-23 09:03:00,member,electric,Museum Mile,Market Hall,9.3,2.29,6.2
T200112,2025-01-23 13:04:00,casual,classic,Lakeside,Lakeside,39.1,4.02,-0.4
T200113,2025-01-23 19:12:00,member,classic,University Ave,City Hall,14.2,2.71,0.2
T200114,2025-01-23 20:01:00,casual,electric,Central Station,Tech Campus,13.2,3.98,6.4
T200115,2025-01-24 14:20:00,casual,electric,University Ave,Stadium,20.6,4.71,0.9
T200116,2025-01-24 16:02:00,member,classic,Central Station,Market Hall,14.6,2.59,-2.1
T200117,2025-01-24 16:12:00,member,electric,Stadium,Riverside Park,10.2,2.67,6.2
T200118,2025-01-24 20:33:00,casual,electric,Stadium,University Ave,27.8,6.66,6.8
T200119,2025-01-24 21:24:00,member,classic,Harbor Front,Museum Mile,3,0.5,1
T200120,2025-01-25 11:07:00,casual,electric,Old Town,Museum Mile,10.9,2.53,4.7
T200121,2025-01-25 12:12:00,casual,electric,Central Station,Tech Campus,20.5,5.37,3.6
T200122,2025-01-25 18:26:00,casual,classic,City Hall,Market Hall,19.2,3.36,0.1
T200123,2025-01-25 20:16:00,casual,classic,Stadium,Old Town,31.5,5.61,3.7
T200124,2025-01-26 07:56:00,member,classic,Union Square,Riverside Park,7.4,1.48,8.3
T200125,2025-01-26 13:01:00,member,electric,City Hall,Tech Campus,13.7,4.24,3.6
T200126,2025-01-26 13:18:00,casual,electric,Union Square,Stadium,2,0.51,2.6
T200127,2025-01-26 21:20:00,member,classic,Museum Mile,Tech Campus,15.7,3.22,1.3
T200128,2025-01-27 15:42:00,member,classic,Museum Mile,Stadium,22.1,3.78,3.1
T200129,2025-01-27 16:14:00,member,electric,City Hall,Stadium,9.7,2.37,1.8
T200130,2025-01-27 17:20:00,casual,electric,Union Square,Union Square,23.2,3.77,3.7
T200131,2025-01-27 17:40:00,member,classic,Old Town,Museum Mile,2,0.43,-3.2
T200132,2025-01-27 19:32:00,casual,electric,City Hall,Lakeside,37.6,10.48,3.4
T200133,2025-01-28 09:09:00,member,electric,Museum Mile,Museum Mile,13.1,1.8,1.4
T200134,2025-01-28 10:54:00,casual,electric,Central Station,Union Square,19.3,4.77,4.4
T200135,2025-01-28 15:12:00,casual,classic,Riverside Park,University Ave,27.7,5.02,0.7
T200136,2025-01-28 16:06:00,member,classic,Central Station,Tech Campus,10.8,2.37,6.3
T200137,2025-02-01 07:00:00,member,electric,Central Station,University Ave,16.7,4.14,7.7
T200138,2025-02-01 07:41:00,member,electric,Market Hall,Market Hall,5.1,0.71,1.4
T200139,2025-02-01 08:16:00,member,classic,University Ave,Central Station,13,2.53,11.1
T200140,2025-02-01 09:39:00,member,classic,Museum Mile,Stadium,2.3,0.45,0.7
T200141,2025-02-01 10:05:00,member,classic,Harbor Front,Old Town,16.4,2.87,-2.3
T200142,2025-02-01 12:33:00,member,electric,Tech Campus,Market Hall,5,1.3,8.4
T200143,2025-02-01 12:55:00,casual,electric,Central Station,Union Square,26.1,6.96,-1.5
T200144,2025-02-01 13:11:00,casual,electric,Riverside Park,Museum Mile,43.9,13.09,3.6
T200145,2025-02-01 15:48:00,member,electric,Central Station,Central Station,10.3,1.53,9.4
T200146,2025-02-01 16:57:00,member,classic,University Ave,Old Town,14.1,3.09,5.9
T200147,2025-02-02 08:03:00,member,classic,University Ave,Central Station,15.2,2.93,0.7
T200148,2025-02-02 08:44:00,member,electric,Lakeside,Lakeside,3.2,0.56,7.5
T200149,2025-02-02 12:46:00,casual,classic,Stadium,University Ave,21.1,4.39,2
T200150,2025-02-02 13:05:00,casual,electric,Riverside Park,Harbor Front,13.2,3.43,4.3
T200151,2025-02-02 18:59:00,member,classic,Union Square,Museum Mile,17.2,3.5,4.1
T200152,2025-02-03 08:24:00,member,electric,Riverside Park,Riverside Park,17.7,2.8,3.5
T200153,2025-02-03 10:16:00,casual,electric,Union Square,Central Station,8.7,2.16,3.2
T200154,2025-02-03 10:41:00,casual,classic,Old Town,Old Town,44,4.9,7
T200155,2025-02-03 10:51:00,member,classic,Union Square,City Hall,16.5,3.03,9.3
T200156,2025-02-03 15:54:00,member,electric,Lakeside,Lakeside,3.3,0.48,2.2
T200157,2025-02-03 16:31:00,member,classic,Riverside Park,Riverside Park,11.9,1.43,3.2
T200158,2025-02-03 17:53:00,member,classic,Central Station,Lakeside,13.8,2.58,1.4
T200159,2025-02-04 09:31:00,member,classic,University Ave,Stadium,12.6,2.15,6.9
T200160,2025-02-04 10:16:00,member,classic,Riverside Park,Central Station,11.8,2.18,4.9
T200161,2025-02-04 14:43:00,casual,classic,Central Station,Central Station,24.4,2.67,7.7
T200162,2025-02-04 16:08:00,member,electric,Central Station,Market Hall,18.3,5.21,5.5
T200163,2025-02-04 18:09:00,member,electric,Stadium,University Ave,2.8,0.8,8.8
T200164,2025-02-04 19:07:00,member,classic,University Ave,Market Hall,8.7,1.6,3.2
T200165,2025-02-05 13:03:00,casual,classic,Museum Mile,Harbor Front,36.8,6.28,7.4
T200166,2025-02-05 16:00:00,casual,classic,Museum Mile,Union Square,19.3,3.48,1.8
T200167,2025-02-05 16:00:00,member,electric,Central Station,Harbor Front,10.9,2.53,4.7
T200168,2025-02-05 16:33:00,casual,classic,Old Town,Market Hall,12.3,2.46,3.5
T200169,2025-02-05 17:54:00,member,electric,City Hall,Riverside Park,10.8,3.27,5.6
T200170,2025-02-05 18:21:00,casual,electric,Market Hall,Tech Campus,29.8,7.96,5.4
T200171,2025-02-05 18:24:00,member,classic,Lakeside,Stadium,8.6,1.66,-0.8
T200172,2025-02-06 08:13:00,member,electric,Museum Mile,Old Town,9.9,2.67,6.2
T200173,2025-02-06 08:59:00,member,classic,Tech Campus,Central Station,2,0.38,5.7
T200174,2025-02-06 12:15:00,casual,classic,Market Hall,Market Hall,47.8,6.26,14.2
T200175,2025-02-06 14:35:00,casual,classic,Riverside Park,Union Square,22.7,4.31,3.6
T200176,2025-02-06 16:37:00,member,electric,Central Station,University Ave,8.4,2.16,5.2
T200177,2025-02-07 08:05:00,member,classic,Union Square,Central Station,11.9,2.39,3.5
T200178,2025-02-07 08:31:00,member,classic,Tech Campus,Harbor Front,16.6,2.91,5.7
T200179,2025-02-07 12:57:00,member,classic,Market Hall,Stadium,14.9,3.33,10.1
T200180,2025-02-07 16:56:00,member,electric,Harbor Front,Lakeside,9.1,2.73,5.2
T200181,2025-02-08 07:59:00,member,electric,Tech Campus,Market Hall,9.7,2.94,6.2
T200182,2025-02-08 10:54:00,member,electric,Union Square,Union Square,7.8,1.24,4.3
T200183,2025-02-08 19:12:00,member,classic,Central Station,Old Town,18.3,3.27,0.3
T200184,2025-02-08 19:23:00,member,electric,Harbor Front,Riverside Park,8.3,2.35,1.5
T200185,2025-02-09 07:06:00,member,classic,Lakeside,Museum Mile,7.5,1.25,4.4
T200186,2025-02-09 13:40:00,casual,electric,Lakeside,Harbor Front,39,8.9,7
T200187,2025-02-09 15:09:00,member,classic,Central Station,Lakeside,18.7,4.27,2.5
T200188,2025-02-09 15:37:00,member,classic,Riverside Park,City Hall,9.3,2.01,8.2
T200189,2025-02-09 16:59:00,member,electric,Riverside Park,Central Station,10.2,2.45,9.2
T200190,2025-02-09 17:58:00,member,classic,Central Station,Harbor Front,20.2,3.42,2.1
T200191,2025-02-09 18:54:00,member,classic,Lakeside,City Hall,11.6,2,2.2
T200192,2025-02-10 08:36:00,member,electric,Market Hall,Central Station,15.4,3.86,4.4
T200193,2025-02-10 13:13:00,member,electric,Market Hall,Old Town,9,2.73,4.3
T200194,2025-02-10 13:49:00,member,classic,Harbor Front,Old Town,8.8,1.56,1.8
T200195,2025-02-10 16:32:00,member,electric,Lakeside,City Hall,9.5,2.22,4.7
T200196,2025-02-10 17:01:00,casual,electric,Market Hall,Stadium,20.9,5.28,0.6
T200197,2025-02-10 18:59:00,member,classic,Museum Mile,Museum Mile,3.4,0.38,3.1
T200198,2025-02-11 08:11:00,member,classic,Museum Mile,Museum Mile,12.9,1.57,3.8
T200199,2025-02-11 16:14:00,member,classic,Lakeside,City Hall,4.1,0.91,4.3
T200200,2025-02-11 19:50:00,member,classic,Harbor Front,City Hall,14.1,2.83,5
T200201,2025-02-12 13:53:00,casual,classic,Central Station,Central Station,2.7,0.3,6.8
T200202,2025-02-12 14:23:00,casual,electric,Stadium,Harbor Front,7.5,1.99,2.1
T200203,2025-02-12 18:48:00,member,classic,Old Town,Harbor Front,2.5,0.5,-0.3
T200204,2025-02-12 21:34:00,member,classic,Riverside Park,University Ave,18.2,3.43,1
T200205,2025-02-13 07:23:00,member,classic,Harbor Front,Lakeside,6.3,1.41,10.2
T200206,2025-02-13 08:00:00,member,classic,Lakeside,Old Town,16,3.33,6.4
T200207,2025-02-13 12:20:00,member,electric,Union Square,Museum Mile,18.5,5.51,4.9
T200208,2025-02-13 14:24:00,casual,electric,Harbor Front,Market Hall,5.3,1.37,5.8
T200209,2025-02-13 18:20:00,member,electric,Central Station,Central Station,15.4,2.22,5
T200210,2025-02-14 08:54:00,member,classic,Tech Campus,University Ave,12.8,2.6,3.7
T200211,2025-02-14 10:18:00,member,classic,Central Station,Market Hall,4.8,1.04,4.7
T200212,2025-02-14 19:41:00,member,classic,Central Station,Harbor Front,17.5,3.14,2.3
T200213,2025-02-14 21:43:00,member,electric,Riverside Park,City Hall,15.6,4.44,1
T200214,2025-02-15 07:12:00,member,electric,Riverside Park,Market Hall,11.5,3.5,4.8
T200215,2025-02-15 09:51:00,member,classic,Old Town,Museum Mile,11.9,2,2
T200216,2025-02-15 10:57:00,member,classic,City Hall,Museum Mile,19.3,4.07,4.4
T200217,2025-02-15 10:57:00,casual,classic,Lakeside,Riverside Park,37,7.2,-0.6
T200218,2025-02-15 15:09:00,member,classic,City Hall,City Hall,12.6,1.62,5.2
T200219,2025-02-15 17:05:00,member,classic,Central Station,University Ave,15.5,2.83,3.1
T200220,2025-02-15 17:08:00,member,electric,Market Hall,Stadium,10.8,3.18,5.5
T200221,2025-02-15 18:48:00,member,classic,Old Town,Market Hall,4.1,0.7,5.7
T200222,2025-02-16 07:12:00,member,classic,Museum Mile,Riverside Park,9.7,1.67,2.5
T200223,2025-02-16 10:06:00,casual,classic,Tech Campus,Tech Campus,13.7,1.5,2.1
T200224,2025-02-16 10:14:00,member,classic,Stadium,Stadium,14.9,1.83,5.4
T200225,2025-02-16 12:14:00,member,electric,Old Town,Tech Campus,8.2,2.55,8.2
T200226,2025-02-16 12:49:00,casual,classic,Union Square,Central Station,22.4,3.81,1.3
T200227,2025-02-16 13:16:00,member,classic,Harbor Front,Harbor Front,16.8,2.02,5.4
T200228,2025-02-17 08:22:00,member,electric,Old Town,Market Hall,9.8,2.43,4.5
T200229,2025-02-17 08:53:00,member,electric,City Hall,Old Town,10,2.91,3.9
T200230,2025-02-17 09:46:00,member,classic,Harbor Front,Central Station,8.5,1.64,3.4
T200231,2025-02-17 10:17:00,casual,electric,Stadium,Harbor Front,13.3,3.85,0.4
T200232,2025-02-17 10:50:00,casual,classic,Museum Mile,University Ave,18.2,3.28,3
T200233,2025-02-17 11:54:00,casual,electric,Union Square,Harbor Front,8.7,2.51,-0.5
T200234,2025-02-17 12:32:00,member,classic,Tech Campus,Museum Mile,23.9,4.86,7.8
T200235,2025-02-17 18:54:00,casual,electric,Stadium,Harbor Front,25.2,7.01,5.6
T200236,2025-02-17 20:48:00,casual,electric,Riverside Park,Riverside Park,25.3,4.59,1.7
T200237,2025-02-18 08:20:00,member,electric,Lakeside,University Ave,4.9,1.51,8.9
T200238,2025-02-18 15:37:00,member,electric,Market Hall,Old Town,3.3,0.81,5.3
T200239,2025-02-18 17:06:00,member,electric,Market Hall,Riverside Park,2,0.61,8.6
T200240,2025-02-18 17:32:00,member,classic,Museum Mile,Harbor Front,9.5,2.01,5.7
T200241,2025-02-18 18:53:00,member,classic,City Hall,Tech Campus,6.9,1.26,1.1
T200242,2025-02-19 10:10:00,casual,electric,Old Town,City Hall,38.1,9.5,6.8
T200243,2025-02-19 17:08:00,member,classic,Central Station,Harbor Front,5.5,1,1.3
T200244,2025-02-19 17:48:00,member,electric,University Ave,Union Square,12.6,3.58,-1
T200245,2025-02-19 18:53:00,member,classic,Tech Campus,Riverside Park,5.3,0.9,6.4
T200246,2025-02-19 19:42:00,casual,classic,Central Station,Union Square,2,0.43,9.2
T200247,2025-02-20 07:09:00,member,classic,University Ave,Market Hall,2.7,0.6,1.1
T200248,2025-02-20 13:15:00,member,classic,City Hall,Old Town,3.2,0.57,7
T200249,2025-02-20 16:50:00,casual,classic,Harbor Front,Old Town,2,0.46,5.5
T200250,2025-02-20 17:38:00,member,classic,Lakeside,City Hall,5.9,1.08,8.4
T200251,2025-02-20 18:12:00,member,classic,Tech Campus,Market Hall,21.9,4.29,5.9
T200252,2025-02-21 08:00:00,member,classic,University Ave,Riverside Park,14.5,3.3,4.7
T200253,2025-02-21 08:33:00,member,classic,Stadium,Stadium,14.3,1.93,0.7
T200254,2025-02-21 10:08:00,member,electric,University Ave,Museum Mile,11.5,3.35,7.5
T200255,2025-02-21 12:53:00,member,classic,University Ave,Stadium,2,0.36,8.6
T200256,2025-02-21 14:13:00,casual,classic,Riverside Park,Old Town,22.3,4.99,6.1
T200257,2025-02-21 15:02:00,casual,electric,Stadium,Central Station,11.4,3.31,0.5
T200258,2025-02-21 15:19:00,member,electric,Riverside Park,Lakeside,3.7,1,6.6
T200259,2025-02-21 17:42:00,member,classic,Market Hall,Museum Mile,8.7,1.86,4.4
T200260,2025-02-21 18:03:00,member,electric,Museum Mile,Stadium,2,0.48,5.4
T200261,2025-02-22 09:47:00,member,classic,Lakeside,Lakeside,2,0.3,5.3
T200262,2025-02-22 09:49:00,member,electric,Lakeside,Union Square,12.9,3.61,4.6
T200263,2025-02-22 13:19:00,member,electric,Central Station,Riverside Park,9.1,2.12,2.8
T200264,2025-02-22 16:09:00,casual,classic,University Ave,Central Station,21.8,4.49,1.5
T200265,2025-02-22 18:50:00,member,electric,Union Square,Market Hall,10.9,3.14,5.8
T200266,2025-02-22 21:55:00,member,electric,Union Square,University Ave,5,1.38,8.8
T200267,2025-02-23 08:24:00,member,classic,Old Town,Old Town,3.1,0.32,5.3
T200268,2025-02-23 08:37:00,member,electric,Old Town,Central Station,6.4,1.87,4.1
T200269,2025-02-23 10:49:00,member,classic,Old Town,Market Hall,10.2,1.93,4.4
T200270,2025-02-23 16:52:00,casual,electric,Stadium,Central Station,9.1,2.59,4.5
T200271,2025-02-23 17:40:00,member,electric,Central Station,Central Station,2,0.32,6
T200272,2025-02-23 18:40:00,member,classic,Stadium,Stadium,11.5,1.19,7.6
T200273,2025-02-24 07:52:00,member,classic,University Ave,Lakeside,18.3,3.61,3.2
T200274,2025-02-24 09:07:00,member,classic,Tech Campus,Central Station,21,3.61,4.2
T200275,2025-02-24 15:21:00,member,classic,University Ave,Central Station,4.2,0.83,8.4
T200276,2025-02-24 17:45:00,member,electric,Market Hall,Stadium,7.4,1.97,5.7
T200277,2025-02-24 17:56:00,member,classic,Museum Mile,Union Square,19.9,3.39,4.2
T200278,2025-02-25 07:39:00,member,electric,Old Town,Old Town,11,1.6,4.4
T200279,2025-02-25 10:03:00,casual,electric,Lakeside,University Ave,2,0.56,5.7
T200280,2025-02-25 10:14:00,member,classic,Museum Mile,Riverside Park,6.8,1.51,8.3
T200281,2025-02-25 10:23:00,casual,classic,Tech Campus,Harbor Front,27.4,4.77,6
T200282,2025-02-25 13:52:00,casual,classic,Lakeside,Lakeside,10.6,1.39,4.4
T200283,2025-02-25 16:32:00,casual,electric,City Hall,Union Square,16,4.32,2.3
T200284,2025-02-25 17:34:00,member,classic,Tech Campus,Tech Campus,11,1.28,2.2
T200285,2025-02-26 16:26:00,member,electric,Central Station,Museum Mile,15.7,4.36,0.5
T200286,2025-02-26 19:25:00,member,electric,Old Town,Riverside Park,11.9,2.78,6.8
T200287,2025-02-27 07:15:00,member,classic,Old Town,Old Town,2,0.3,2.4
T200288,2025-02-27 07:33:00,member,classic,Tech Campus,University Ave,2,0.36,6.2
T200289,2025-02-27 09:41:00,member,classic,Harbor Front,Old Town,6.5,1.29,-2.2
T200290,2025-02-27 14:26:00,casual,classic,Lakeside,Tech Campus,3.5,0.72,3.5
T200291,2025-02-27 14:59:00,casual,electric,Riverside Park,Market Hall,18.3,5.56,0.6
T200292,2025-02-27 18:44:00,member,classic,Union Square,Museum Mile,9.6,2.15,-0.2
T200293,2025-02-28 07:13:00,member,classic,Tech Campus,Stadium,10.2,2.01,3.4
T200294,2025-02-28 09:05:00,member,classic,Riverside Park,Lakeside,10.3,1.81,3.1
T200295,2025-02-28 12:35:00,member,classic,Old Town,Tech Campus,14.6,2.56,7.4
T200296,2025-02-28 17:46:00,member,electric,University Ave,Central Station,6.6,1.71,3.4
T200297,2025-02-28 21:21:00,member,classic,University Ave,Lakeside,9.5,2.01,2.6
T200298,2025-03-01 07:08:00,member,electric,Riverside Park,City Hall,7.7,2.34,8.3
T200299,2025-03-01 07:11:00,member,electric,City Hall,Lakeside,8.1,2.02,8.7
T200300,2025-03-01 09:23:00,member,electric,Market Hall,Market Hall,14.1,2.48,11.8
T200301,2025-03-01 12:39:00,member,classic,University Ave,Museum Mile,8.5,1.74,5.4
T200302,2025-03-01 13:00:00,casual,classic,Market Hall,Market Hall,46.7,4.67,8.4
T200303,2025-03-01 15:49:00,casual,electric,Museum Mile,Old Town,11.2,3.46,7.9
T200304,2025-03-02 07:04:00,member,classic,Lakeside,Lakeside,5.4,0.65,8.2
T200305,2025-03-02 08:42:00,member,classic,Old Town,Union Square,12,2.48,6.9
T200306,2025-03-02 08:57:00,member,electric,Stadium,University Ave,14.9,3.43,1.2
T200307,2025-03-02 10:40:00,member,electric,Union Square,Museum Mile,8,2.01,4.1
T200308,2025-03-02 12:04:00,member,classic,Market Hall,Riverside Park,6.1,1.17,8.1
T200309,2025-03-02 13:41:00,member,electric,Riverside Park,Riverside Park,8.3,1.3,13.8
T200310,2025-03-02 17:29:00,member,classic,Market Hall,Market Hall,17.7,2.21,6.5
T200311,2025-03-02 17:39:00,member,electric,Museum Mile,Museum Mile,8,1.43,5.1
T200312,2025-03-02 18:26:00,member,classic,Central Station,City Hall,9,1.66,10
T200313,2025-03-02 20:06:00,casual,classic,Stadium,Museum Mile,15.6,3.13,0.5
T200314,2025-03-03 10:31:00,member,classic,Union Square,University Ave,25.1,5.7,10.4
T200315,2025-03-03 11:04:00,casual,classic,Riverside Park,Old Town,15.4,2.93,7.5
T200316,2025-03-03 12:37:00,casual,classic,Old Town,Stadium,20.8,4.34,8.5
T200317,2025-03-03 13:11:00,casual,classic,Stadium,City Hall,10.8,1.95,11.3
T200318,2025-03-03 13:52:00,casual,classic,Museum Mile,Museum Mile,26.1,3.12,10.2
T200319,2025-03-03 16:42:00,member,electric,Riverside Park,Riverside Park,17.6,2.86,7.7
T200320,2025-03-03 17:32:00,member,classic,Museum Mile,Tech Campus,13.8,2.81,8.1
T200321,2025-03-03 17:48:00,member,classic,City Hall,Stadium,7.8,1.43,8.1
T200322,2025-03-03 18:24:00,member,classic,Stadium,Old Town,14.7,2.8,8.8
T200323,2025-03-03 19:22:00,member,electric,Market Hall,Stadium,15.1,3.92,8.9
T200324,2025-03-03 20:02:00,casual,electric,Market Hall,Stadium,32.9,7.72,5.8
T200325,2025-03-03 21:38:00,member,classic,Union Square,Union Square,7,0.72,14.8
T200326,2025-03-04 08:23:00,member,electric,Tech Campus,University Ave,6.1,1.38,6.5
T200327,2025-03-04 09:32:00,member,electric,Market Hall,Lakeside,8.1,2.31,7.5
T200328,2025-03-04 13:22:00,member,classic,Tech Campus,Riverside Park,17.5,3.61,10.7
T200329,2025-03-04 13:40:00,member,electric,City Hall,City Hall,2.7,0.49,14.9
T200330,2025-03-04 14:13:00,casual,electric,Lakeside,Stadium,24.4,6.8,9.7
T200331,2025-03-04 15:35:00,member,classic,Lakeside,Museum Mile,3.4,0.7,6.2
T200332,2025-03-04 16:55:00,casual,electric,Central Station,Central Station,21.7,3.22,12.4
T200333,2025-03-04 17:59:00,casual,classic,Tech Campus,Tech Campus,13.6,1.85,11.9
T200334,2025-03-04 18:47:00,member,electric,Lakeside,Old Town,11.6,3.55,6.6
T200335,2025-03-04 19:22:00,casual,electric,Central Station,Museum Mile,28.8,8,8.1
T200336,2025-03-04 19:35:00,casual,classic,Union Square,Old Town,22.9,4.18,7.5
T200337,2025-03-04 21:09:00,member,classic,Old Town,Old Town,17,1.9,11.5
T200338,2025-03-05 07:57:00,member,electric,University Ave,Harbor Front,3.5,0.8,10.9
T200339,2025-03-05 08:45:00,member,electric,Old Town,Museum Mile,8.4,2.04,11.7
T200340,2025-03-05 08:55:00,member,classic,Union Square,University Ave,22.1,4.46,10.2
T200341,2025-03-05 09:23:00,member,classic,Central Station,Market Hall,13.2,2.86,8.8
T200342,2025-03-05 09:34:00,member,electric,Market Hall,University Ave,20.2,6.21,5.3
T200343,2025-03-05 13:23:00,member,electric,Union Square,Harbor Front,5.1,1.21,11.1
T200344,2025-03-05 14:53:00,casual,classic,University Ave,Old Town,27.4,4.75,17.5
T200345,2025-03-05 15:05:00,casual,electric,Union Square,Old Town,21.5,6.39,9.4
T200346,2025-03-05 16:20:00,member,electric,Union Square,Lakeside,2,0.6,5.9
T200347,2025-03-05 17:41:00,member,classic,University Ave,Market Hall,7,1.23,7.3
T200348,2025-03-05 18:35:00,member,electric,Museum Mile,Market Hall,11.4,3.38,5.4
T200349,2025-03-06 08:23:00,member,classic,Riverside Park,City Hall,7.2,1.22,7.4
T200350,2025-03-06 08:37:00,member,classic,Harbor Front,Lakeside,5.4,1.19,10.9
T200351,2025-03-06 11:04:00,casual,electric,University Ave,Central Station,14.6,4.21,9.3
T200352,2025-03-06 13:03:00,member,classic,Union Square,Union Square,12.4,1.68,9
T200353,2025-03-06 13:11:00,casual,classic,Central Station,Lakeside,25.2,5.04,6.7
T200354,2025-03-06 16:31:00,member,classic,Museum Mile,Lakeside,8.7,1.67,8.1
T200355,2025-03-06 17:09:00,casual,electric,Harbor Front,Central Station,8.1,2.08,7.4
T200356,2025-03-06 17:52:00,member,electric,Old Town,Harbor Front,9.7,2.7,7.6
T200357,2025-03-06 19:20:00,member,electric,Museum Mile,Lakeside,12.3,3.82,4.8
T200358,2025-03-07 08:30:00,member,classic,Old Town,Museum Mile,6.8,1.29,14.1
T200359,2025-03-07 08:43:00,member,electric,Museum Mile,Stadium,12.6,3.27,8.4
T200360,2025-03-07 10:11:00,member,classic,Old Town,Museum Mile,16.6,3.29,7.9
T200361,2025-03-07 10:36:00,member,electric,Lakeside,Central Station,5.6,1.47,7.5
T200362,2025-03-07 12:59:00,casual,electric,Museum Mile,Tech Campus,36.6,9.68,5.6
T200363,2025-03-07 15:35:00,member,classic,Market Hall,Central Station,20.2,4.18,5.3
T200364,2025-03-08 07:02:00,member,classic,Tech Campus,Stadium,9.1,1.73,9.6
T200365,2025-03-08 07:23:00,member,classic,Old Town,Tech Campus,19.6,3.91,10.5
T200366,2025-03-08 10:59:00,member,classic,Central Station,Harbor Front,20.7,3.73,10.3
T200367,2025-03-08 12:29:00,member,electric,Harbor Front,City Hall,8.7,2.48,16.5
T200368,2025-03-08 15:14:00,casual,electric,Union Square,Union Square,17.2,2.57,7.8
T200369,2025-03-08 15:57:00,member,electric,Tech Campus,Market Hall,2,0.61,11
T200370,2025-03-08 17:33:00,member,classic,Old Town,Stadium,11.7,2.46,12.5
T200371,2025-03-08 18:33:00,casual,classic,Central Station,Riverside Park,38.3,8.5,10.1
T200372,2025-03-08 19:03:00,member,classic,Riverside Park,Tech Campus,21.6,4.25,10.9
T200373,2025-03-09 09:44:00,member,classic,Central Station,University Ave,7.6,1.69,5.8
T200374,2025-03-09 10:26:00,member,classic,Old Town,City Hall,28.1,5.13,6.6
T200375,2025-03-09 12:00:00,member,classic,Museum Mile,Lakeside,10.5,2.18,7.6
T200376,2025-03-09 12:09:00,member,electric,Central Station,Museum Mile,9.6,2.35,9.6
T200377,2025-03-09 13:13:00,casual,classic,University Ave,City Hall,10.2,1.82,8.3
T200378,2025-03-09 16:45:00,casual,classic,Union Square,Lakeside,9.7,1.86,9.5
T200379,2025-03-09 17:05:00,member,classic,Market Hall,Central Station,4.8,0.87,10.1
T200380,2025-03-09 17:10:00,member,classic,Union Square,Lakeside,12,2.3,7.1
T200381,2025-03-10 07:30:00,member,electric,Tech Campus,Tech Campus,14.7,2.03,7.1
T200382,2025-03-10 08:12:00,member,classic,City Hall,Museum Mile,4.2,0.72,8.2
T200383,2025-03-10 08:15:00,member,classic,University Ave,Market Hall,12.4,2.82,5.7
T200384,2025-03-10 08:28:00,member,electric,Old Town,Riverside Park,13.8,3.47,9.5
T200385,2025-03-10 09:44:00,member,classic,Union Square,Harbor Front,23.8,3.97,4.4
T200386,2025-03-10 11:49:00,casual,electric,Stadium,Lakeside,5.4,1.28,9.2
T200387,2025-03-10 12:47:00,member,electric,Museum Mile,Museum Mile,11.1,1.86,3.2
T200388,2025-03-10 15:50:00,member,electric,Harbor Front,University Ave,11,3.06,3.3
T200389,2025-03-10 16:07:00,casual,classic,Museum Mile,Stadium,36.7,7.94,7.2
T200390,2025-03-10 16:54:00,casual,classic,Museum Mile,Harbor Front,21.3,4.47,11.6
T200391,2025-03-10 17:41:00,member,electric,City Hall,Lakeside,12.7,3.38,9.9
T200392,2025-03-10 19:43:00,member,classic,Stadium,University Ave,4.4,0.91,5.8
T200393,2025-03-10 19:45:00,casual,classic,City Hall,Old Town,39.1,7.97,3.1
T200394,2025-03-11 07:22:00,member,classic,Union Square,Union Square,21.8,2.28,10.6
T200395,2025-03-11 11:27:00,casual,electric,University Ave,University Ave,29.4,5.2,9.5
T200396,2025-03-11 12:35:00,member,electric,Tech Campus,Lakeside,13.5,4.09,4.4
T200397,2025-03-11 12:50:00,member,electric,City Hall,Market Hall,17.2,4.26,6.9
T200398,2025-03-11 13:03:00,member,classic,Riverside Park,Central Station,15.4,3.13,10.6
T200399,2025-03-11 13:27:00,member,electric,Riverside Park,Old Town,5.9,1.48,7.8
T200400,2025-03-11 13:30:00,member,classic,City Hall,Tech Campus,12.9,2.77,14.1
T200401,2025-03-11 15:23:00,member,classic,Market Hall,Stadium,17.8,3.85,9.3
T200402,2025-03-11 15:25:00,casual,classic,Museum Mile,Stadium,9.3,1.57,8.2
T200403,2025-03-11 18:38:00,member,classic,Market Hall,Market Hall,5.1,0.52,5.3
T200404,2025-03-11 21:15:00,member,classic,Tech Campus,Harbor Front,15.3,2.89,6.5
T200405,2025-03-12 07:06:00,member,electric,Museum Mile,Museum Mile,10.3,1.91,7.5
T200406,2025-03-12 09:57:00,member,classic,Central Station,Central Station,9.9,1.09,4.5
T200407,2025-03-12 10:04:00,casual,electric,Lakeside,City Hall,4.3,1.11,11.6
T200408,2025-03-12 11:09:00,casual,electric,Lakeside,Union Square,20.4,5.75,10.1
T200409,2025-03-12 12:24:00,member,electric,Harbor Front,Union Square,12.8,3.72,7.8
T200410,2025-03-12 14:19:00,casual,classic,Union Square,Museum Mile,13.5,2.52,7.7
T200411,2025-03-12 16:40:00,casual,electric,Harbor Front,Riverside Park,20.6,5,6.7
T200412,2025-03-13 11:06:00,casual,electric,Museum Mile,Old Town,14.4,4.26,3.9
T200413,2025-03-13 12:40:00,member,electric,Museum Mile,Museum Mile,12.1,1.72,10.5
T200414,2025-03-13 16:37:00,member,electric,Old Town,Stadium,7.1,1.86,4.2
T200415,2025-03-13 17:10:00,member,classic,Stadium,Harbor Front,11.2,2.34,9.4
T200416,2025-03-13 18:49:00,member,classic,Central Station,City Hall,15.8,3.03,-0.6
T200417,2025-03-13 19:37:00,member,classic,Old Town,Tech Campus,8.5,1.46,13.8
T200418,2025-03-14 07:26:00,member,electric,Old Town,Museum Mile,4.7,1.19,4.9
T200419,2025-03-14 07:34:00,member,classic,Old Town,Harbor Front,13,2.38,7.6
T200420,2025-03-14 09:58:00,member,classic,City Hall,Museum Mile,14.4,2.97,22.2
T200421,2025-03-14 12:37:00,member,classic,Museum Mile,University Ave,6.7,1.28,5.3
T200422,2025-03-14 15:30:00,casual,classic,City Hall,Tech Campus,15.3,2.78,6.8
T200423,2025-03-14 17:22:00,member,electric,Union Square,Stadium,8.3,2.33,9.7
T200424,2025-03-14 17:28:00,member,electric,Old Town,Lakeside,16.2,5.03,10.3
T200425,2025-03-14 21:41:00,member,classic,University Ave,Riverside Park,3.1,0.55,4.4
T200426,2025-03-15 07:02:00,member,electric,Stadium,Old Town,5.5,1.51,10
T200427,2025-03-15 08:34:00,member,classic,University Ave,City Hall,10.8,1.86,9.3
T200428,2025-03-15 11:35:00,casual,classic,Museum Mile,Stadium,38.3,7.12,10.7
T200429,2025-03-15 13:54:00,member,electric,Lakeside,Harbor Front,5.8,1.7,7.7
T200430,2025-03-15 16:09:00,member,classic,University Ave,Central Station,18.8,3.97,8.8
T200431,2025-03-15 17:41:00,member,classic,Harbor Front,City Hall,13.4,2.77,9.2
T200432,2025-03-15 19:15:00,casual,classic,Tech Campus,City Hall,8.5,1.86,6.9
T200433,2025-03-15 20:48:00,casual,electric,Riverside Park,Riverside Park,24.8,3.58,8.8
T200434,2025-03-15 21:25:00,member,classic,Riverside Park,Tech Campus,8.1,1.71,11.3
T200435,2025-03-16 07:19:00,member,classic,University Ave,Stadium,10.8,2,7.8
T200436,2025-03-16 10:22:00,member,classic,Tech Campus,University Ave,3,0.53,8.6
T200437,2025-03-16 12:03:00,casual,electric,Museum Mile,Lakeside,12.5,3.55,12.1
T200438,2025-03-16 12:39:00,member,electric,University Ave,Tech Campus,19.3,5.13,5.3
T200439,2025-03-16 14:31:00,casual,classic,Old Town,Old Town,48.7,5.94,9.8
T200440,2025-03-16 15:24:00,casual,classic,Harbor Front,Lakeside,19.2,3.29,7.2
T200441,2025-03-16 16:06:00,casual,electric,City Hall,Harbor Front,20.3,5.35,4.9
T200442,2025-03-16 16:42:00,casual,classic,Harbor Front,City Hall,32.4,7.02,2.2
T200443,2025-03-16 18:47:00,member,classic,Lakeside,Lakeside,17.5,2.3,9.5
T200444,2025-03-17 07:38:00,member,classic,University Ave,Stadium,7.6,1.44,9.7
T200445,2025-03-17 08:27:00,member,electric,City Hall,City Hall,10.5,1.75,13.8
T200446,2025-03-17 09:12:00,member,electric,Lakeside,Market Hall,6.1,1.83,8.8
T200447,2025-03-17 11:56:00,casual,electric,Old Town,University Ave,18.9,5.17,1.3
T200448,2025-03-17 12:17:00,member,electric,Tech Campus,University Ave,13.3,3.81,6.4
T200449,2025-03-17 16:05:00,member,electric,City Hall,Central Station,12.1,3.21,1.2
T200450,2025-03-17 17:13:00,member,electric,Stadium,University Ave,9.6,2.89,9.4
T200451,2025-03-17 17:22:00,member,electric,University Ave,Tech Campus,14,3.82,4.3
T200452,2025-03-17 17:55:00,member,classic,Lakeside,Harbor Front,2,0.34,6.3
T200453,2025-03-18 08:18:00,member,electric,Riverside Park,Union Square,2,0.47,6.6
T200454,2025-03-18 09:55:00,member,electric,Stadium,Stadium,12.1,2.17,8.3
T200455,2025-03-18 16:16:00,member,electric,Harbor Front,Tech Campus,13.9,3.68,10
T200456,2025-03-18 17:26:00,member,electric,Lakeside,Central Station,2,0.57,5.6
T200457,2025-03-18 17:47:00,casual,electric,Tech Campus,Central Station,23.8,7.27,4.7
T200458,2025-03-18 18:25:00,casual,electric,Museum Mile,City Hall,13.1,4.02,7.7
T200459,2025-03-18 18:38:00,member,classic,University Ave,Riverside Park,7,1.31,3.4
T200460,2025-03-18 19:35:00,member,electric,Harbor Front,Tech Campus,2,0.6,9.7
T200461,2025-03-18 21:05:00,member,classic,Harbor Front,Old Town,19,4.26,10.5
T200462,2025-03-19 07:07:00,member,electric,Tech Campus,City Hall,6.3,1.74,9
T200463,2025-03-19 08:06:00,member,classic,Lakeside,Tech Campus,14.3,2.77,10.3
T200464,2025-03-19 08:35:00,member,electric,Tech Campus,Tech Campus,12.6,1.91,9.6
T200465,2025-03-19 09:00:00,member,electric,Market Hall,Union Square,16.4,4.67,8.5
T200466,2025-03-19 10:44:00,casual,classic,Tech Campus,Old Town,45,8.77,2.5
T200467,2025-03-19 10:59:00,casual,classic,Museum Mile,University Ave,30.9,6.76,9.4
T200468,2025-03-19 11:38:00,casual,classic,Union Square,Harbor Front,23.3,5.21,8.2
T200469,2025-03-19 12:15:00,member,classic,Museum Mile,Market Hall,2,0.4,10.7
T200470,2025-03-19 12:15:00,casual,classic,University Ave,Market Hall,16,3.59,5.6
T200471,2025-03-19 13:28:00,member,electric,Stadium,Old Town,2,0.61,11.4
T200472,2025-03-19 13:33:00,casual,classic,Riverside Park,Harbor Front,19.3,3.83,6.2
T200473,2025-03-19 13:51:00,member,electric,City Hall,Stadium,11.5,2.74,12.7
T200474,2025-03-19 17:46:00,casual,classic,City Hall,Central Station,3.9,0.89,10.8
T200475,2025-03-19 18:26:00,casual,classic,Tech Campus,Central Station,27.1,5.26,7.2
T200476,2025-03-19 18:34:00,casual,classic,Museum Mile,University Ave,13.6,2.33,6
T200477,2025-03-19 18:41:00,casual,electric,Market Hall,Market Hall,5.6,0.99,9.8
T200478,2025-03-19 19:43:00,casual,classic,Market Hall,Harbor Front,38,8.6,6.6
T200479,2025-03-20 08:52:00,member,classic,Stadium,City Hall,13.7,2.29,-1.2
T200480,2025-03-20 08:54:00,member,classic,Stadium,Union Square,23.4,5.08,7.3
T200481,2025-03-20 09:18:00,member,electric,Riverside Park,Market Hall,10.7,3.23,5
T200482,2025-03-20 09:26:00,member,classic,Stadium,Riverside Park,17.8,3.98,11.8
T200483,2025-03-20 10:01:00,member,electric,Museum Mile,Museum Mile,14.6,2,8.1
T200484,2025-03-20 15:32:00,casual,electric,Old Town,Old Town,3.5,0.49,7.6
T200485,2025-03-20 16:26:00,casual,classic,City Hall,Tech Campus,33.6,6.85,2.4
T200486,2025-03-20 16:32:00,casual,classic,Market Hall,Tech Campus,23.5,4.54,4.7
T200487,2025-03-20 18:17:00,casual,classic,Stadium,Old Town,22,3.72,7
T200488,2025-03-20 18:39:00,member,classic,Riverside Park,Market Hall,15,2.82,10.3
T200489,2025-03-20 18:42:00,casual,classic,University Ave,Central Station,21.7,4.76,11.3
T200490,2025-03-21 08:08:00,member,classic,Stadium,Union Square,19.1,3.44,10.5
T200491,2025-03-21 11:08:00,casual,classic,Stadium,Union Square,19.5,3.46,6.6
T200492,2025-03-21 11:43:00,casual,classic,Old Town,University Ave,35.4,7.98,9.5
T200493,2025-03-21 11:45:00,casual,classic,University Ave,University Ave,24.8,2.6,8.6
T200494,2025-03-21 12:19:00,member,electric,Tech Campus,Central Station,5.8,1.53,10.9
T200495,2025-03-21 12:41:00,member,electric,Lakeside,Tech Campus,7.5,2.28,5.5
T200496,2025-03-21 14:31:00,casual,classic,Tech Campus,Old Town,32.5,6.37,6.3
T200497,2025-03-21 14:38:00,casual,electric,Old Town,Lakeside,13.4,4.02,4.5
T200498,2025-03-21 15:11:00,casual,classic,Old Town,Central Station,18.7,3.26,2
T200499,2025-03-21 16:19:00,member,classic,Central Station,University Ave,17,3.58,8.4
T200500,2025-03-21 16:53:00,casual,electric,Tech Campus,Stadium,16.4,3.76,8.3
T200501,2025-03-21 17:51:00,member,classic,University Ave,Stadium,20,3.38,6.7
T200502,2025-03-21 17:57:00,casual,classic,Union Square,Central Station,11.3,2.44,12.7
T200503,2025-03-21 19:49:00,member,classic,Central Station,Union Square,14.5,3.19,5.3
T200504,2025-03-21 21:28:00,member,electric,City Hall,Market Hall,8.8,2,7
T200505,2025-03-22 07:18:00,member,classic,Union Square,Union Square,18.8,2.31,5.4
T200506,2025-03-22 08:15:00,member,classic,Central Station,Central Station,13.3,1.4,7.4
T200507,2025-03-22 08:51:00,member,classic,City Hall,City Hall,13.8,1.64,1.6
T200508,2025-03-22 09:13:00,member,electric,University Ave,Central Station,8.3,2.18,8
T200509,2025-03-22 10:00:00,member,electric,City Hall,University Ave,8.8,2.36,11.3
T200510,2025-03-22 10:11:00,member,classic,Union Square,University Ave,15,2.76,13.7
T200511,2025-03-22 10:18:00,member,classic,City Hall,Riverside Park,22.4,4.06,10.7
T200512,2025-03-22 10:38:00,member,electric,Stadium,Riverside Park,2,0.5,12.9
T200513,2025-03-22 13:02:00,casual,classic,Union Square,Union Square,9.8,1.25,8.6
T200514,2025-03-22 13:10:00,member,electric,Old Town,Lakeside,6.3,1.74,8.4
T200515,2025-03-22 15:13:00,member,electric,Central Station,Stadium,6.8,1.68,8
T200516,2025-03-22 15:37:00,casual,classic,Tech Campus,Riverside Park,24.8,5.44,11.3
T200517,2025-03-22 16:44:00,casual,classic,Harbor Front,Museum Mile,26.1,5.57,9.2
T200518,2025-03-22 17:05:00,member,classic,Central Station,City Hall,2,0.44,9
T200519,2025-03-22 18:01:00,member,classic,University Ave,Stadium,5.9,1.13,9.4
T200520,2025-03-22 18:01:00,member,classic,Tech Campus,Stadium,17.2,3.06,10.5
T200521,2025-03-22 18:13:00,member,classic,Museum Mile,Riverside Park,15.4,3.22,6.3
T200522,2025-03-23 07:08:00,member,electric,Lakeside,Tech Campus,19.1,4.83,12.3
T200523,2025-03-23 07:11:00,member,electric,City Hall,Tech Campus,6.4,1.95,14.3
T200524,2025-03-23 07:37:00,member,electric,Museum Mile,Harbor Front,2.4,0.6,15.4
T200525,2025-03-23 07:57:00,member,electric,City Hall,City Hall,7.8,1.34,7.9
T200526,2025-03-23 09:54:00,member,electric,Museum Mile,Museum Mile,15.7,2.45,9.7
T200527,2025-03-23 10:40:00,member,classic,University Ave,University Ave,14.7,1.91,5.6
T200528,2025-03-23 10:51:00,member,classic,Stadium,Riverside Park,21.1,4.18,6.8
T200529,2025-03-23 14:26:00,casual,electric,Museum Mile,Lakeside,2,0.58,11.1
T200530,2025-03-23 16:05:00,member,electric,Riverside Park,City Hall,4.4,1.33,3.7
T200531,2025-03-23 17:17:00,member,classic,Old Town,Harbor Front,2,0.45,6.6
T200532,2025-03-23 18:36:00,member,electric,Lakeside,Lakeside,20,3.34,7.6
T200533,2025-03-23 19:35:00,casual,electric,Riverside Park,Stadium,36,10.11,11.9
T200534,2025-03-24 08:30:00,member,classic,University Ave,Union Square,6.3,1.12,6.8
T200535,2025-03-24 09:28:00,member,classic,Market Hall,Market Hall,18.3,1.93,12.4
T200536,2025-03-24 09:41:00,member,classic,Harbor Front,City Hall,2.5,0.48,5.4
T200537,2025-03-24 13:19:00,casual,electric,Union Square,Union Square,31.2,5.76,8.7
T200538,2025-03-24 13:50:00,member,classic,Old Town,Union Square,10.3,2.14,8.7
T200539,2025-03-24 16:03:00,member,classic,Riverside Park,Old Town,9.9,2.01,4.8
T200540,2025-03-24 18:13:00,member,electric,Market Hall,Union Square,12.4,2.97,8.4
T200541,2025-03-24 18:43:00,casual,electric,Central Station,University Ave,12.5,3.83,5.8
T200542,2025-03-24 19:37:00,member,classic,Riverside Park,City Hall,8,1.36,10.2
T200543,2025-03-24 21:31:00,member,electric,Central Station,Market Hall,2,0.54,5.6
T200544,2025-03-25 07:35:00,member,electric,Central Station,University Ave,2.7,0.83,8.3
T200545,2025-03-25 08:02:00,member,classic,Tech Campus,City Hall,5.3,1.19,7.7
T200546,2025-03-25 08:09:00,member,electric,University Ave,Union Square,12.3,3.81,5.6
T200547,2025-03-25 08:15:00,member,electric,Lakeside,Tech Campus,15.8,3.71,7.9
T200548,2025-03-25 08:32:00,member,classic,Lakeside,Stadium,12.7,2.33,13
T200549,2025-03-25 13:20:00,casual,classic,Old Town,Old Town,24.5,3.08,6.7
T200550,2025-03-25 13:25:00,casual,electric,Tech Campus,City Hall,9.9,2.28,3.7
T200551,2025-03-25 15:38:00,member,classic,Union Square,Lakeside,7.2,1.3,2.6
T200552,2025-03-25 16:00:00,member,electric,Museum Mile,Museum Mile,8.7,1.48,12.3
T200553,2025-03-25 16:53:00,casual,classic,Tech Campus,Museum Mile,16.6,3.68,3.2
T200554,2025-03-25 20:29:00,casual,electric,Old Town,Old Town,23.6,3.35,10.4
T200555,2025-03-26 08:20:00,member,classic,Museum Mile,Stadium,7.1,1.44,3.1
T200556,2025-03-26 10:53:00,member,classic,Market Hall,Museum Mile,8.9,1.93,8.7
T200557,2025-03-26 10:59:00,casual,electric,Riverside Park,Lakeside,14.9,4.28,10.8
T200558,2025-03-26 11:54:00,casual,classic,Old Town,Union Square,24.3,4.94,5.1
T200559,2025-03-26 13:29:00,member,classic,Lakeside,Union Square,3.5,0.71,1.2
T200560,2025-03-26 15:15:00,casual,classic,Central Station,Riverside Park,25.8,5.23,5.1
T200561,2025-03-26 15:21:00,casual,classic,Lakeside,Museum Mile,13.8,2.82,11.7
T200562,2025-03-26 16:07:00,member,electric,Museum Mile,Union Square,13.9,3.77,4.9
T200563,2025-03-26 16:50:00,member,classic,Riverside Park,City Hall,5.1,1.14,5.1
T200564,2025-03-26 16:52:00,member,classic,Museum Mile,Market Hall,3.3,0.69,8.6
T200565,2025-03-26 16:56:00,member,classic,Union Square,City Hall,17.7,3.58,5.6
T200566,2025-03-26 18:24:00,member,electric,Union Square,Stadium,4.2,1.15,4.9
T200567,2025-03-27 13:02:00,member,classic,Lakeside,Lakeside,5.4,0.74,14
T200568,2025-03-27 15:10:00,member,electric,Museum Mile,Museum Mile,7.5,1.17,4.6
T200569,2025-03-27 17:26:00,member,electric,City Hall,City Hall,11.8,2.05,9.6
T200570,2025-03-27 17:30:00,casual,electric,City Hall,City Hall,11.9,2.15,9.3
T200571,2025-03-27 17:30:00,member,electric,Museum Mile,Market Hall,5.6,1.54,9.6
T200572,2025-03-27 18:13:00,member,classic,Tech Campus,University Ave,2.2,0.47,7.7
T200573,2025-03-28 08:14:00,member,electric,Lakeside,Central Station,15.1,4.32,11.7
T200574,2025-03-28 08:34:00,member,electric,Riverside Park,Riverside Park,10.2,1.6,5.1
T200575,2025-03-28 12:37:00,member,classic,Union Square,Market Hall,7.1,1.31,13.1
T200576,2025-03-28 12:53:00,casual,classic,Tech Campus,Tech Campus,31.9,4.05,10.8
T200577,2025-03-28 12:53:00,casual,classic,Central Station,Harbor Front,7.3,1.53,6
T200578,2025-03-28 13:10:00,member,classic,Tech Campus,Stadium,24.2,5.49,9.5
T200579,2025-03-28 16:55:00,casual,classic,City Hall,Stadium,29.7,5,9.4
T200580,2025-03-28 17:35:00,member,classic,Old Town,Stadium,12.7,2.81,7.7
T200581,2025-03-28 19:16:00,member,electric,Tech Campus,City Hall,7.6,1.93,12.1
T200582,2025-03-28 20:28:00,casual,electric,Lakeside,Riverside Park,14.9,4.24,8.5
T200583,2025-04-01 09:55:00,member,classic,Central Station,Stadium,2,0.39,11.8
T200584,2025-04-01 13:51:00,member,classic,Market Hall,Tech Campus,14,2.48,5.7
T200585,2025-04-01 14:52:00,casual,electric,Central Station,City Hall,14.7,3.74,13.4
T200586,2025-04-01 15:00:00,casual,electric,Central Station,Riverside Park,4.5,1.09,15.4
T200587,2025-04-01 17:20:00,casual,electric,Market Hall,Union Square,21.5,4.97,16.2
T200588,2025-04-01 18:45:00,member,classic,Lakeside,Old Town,15,3.07,14.6
T200589,2025-04-01 18:49:00,member,electric,City Hall,Market Hall,14.2,3.81,9.9
T200590,2025-04-01 19:37:00,member,electric,Stadium,Market Hall,10.4,2.44,15.7
T200591,2025-04-02 07:45:00,member,classic,Union Square,Old Town,15.1,2.66,13.6
T200592,2025-04-02 07:50:00,member,electric,City Hall,Stadium,23.1,5.31,10.3
T200593,2025-04-02 08:01:00,member,electric,Riverside Park,Tech Campus,3.8,1.18,16.2
T200594,2025-04-02 09:29:00,member,electric,Harbor Front,Union Square,13.5,3.77,16.4
T200595,2025-04-02 09:53:00,member,electric,Market Hall,University Ave,2,0.53,8.5
T200596,2025-04-02 12:33:00,member,classic,Lakeside,Lakeside,2,0.3,10.8
T200597,2025-04-02 12:54:00,member,classic,Harbor Front,Tech Campus,12.4,2.36,14.4
T200598,2025-04-02 13:14:00,casual,electric,Lakeside,Lakeside,34.4,5.18,14.5
T200599,2025-04-02 13:34:00,member,classic,Tech Campus,Tech Campus,11.2,1.18,14.4
T200600,2025-04-02 16:20:00,member,electric,Riverside Park,Riverside Park,21,3.02,13.7
T200601,2025-04-02 17:16:00,member,electric,Old Town,Old Town,18.4,2.8,12.1
T200602,2025-04-02 18:54:00,member,classic,Tech Campus,Riverside Park,17.2,3.07,9.5
T200603,2025-04-02 20:40:00,casual,classic,City Hall,Riverside Park,19.3,3.99,12.1
T200604,2025-04-03 07:22:00,member,classic,Old Town,Harbor Front,2,0.42,12.6
T200605,2025-04-03 07:47:00,member,classic,University Ave,Market Hall,13.1,2.25,15.6
T200606,2025-04-03 09:50:00,member,classic,Harbor Front,Central Station,11.4,1.93,14.4
T200607,2025-04-03 12:15:00,casual,classic,Old Town,Old Town,8.1,0.9,9.7
T200608,2025-04-03 12:28:00,member,electric,Union Square,Lakeside,10.8,2.55,9.9
T200609,2025-04-03 13:37:00,member,classic,Lakeside,University Ave,8.3,1.75,14.4
T200610,2025-04-03 17:30:00,member,classic,Riverside Park,Stadium,16.5,3.57,12.3
T200611,2025-04-03 17:55:00,member,electric,Tech Campus,Union Square,8.7,2.58,14.8
T200612,2025-04-03 21:29:00,member,classic,Riverside Park,Riverside Park,20.5,2.76,15.1
T200613,2025-04-04 11:19:00,casual,classic,University Ave,Lakeside,15.5,3.53,8.9
T200614,2025-04-04 11:37:00,casual,electric,Market Hall,Market Hall,16.7,2.68,15.5
T200615,2025-04-04 12:52:00,member,classic,Old Town,Museum Mile,8.9,1.79,12.1
T200616,2025-04-04 14:33:00,casual,classic,Central Station,Market Hall,37.3,7.3,11.9
T200617,2025-04-04 16:11:00,member,electric,Harbor Front,Stadium,6.2,1.75,15.1
T200618,2025-04-04 17:41:00,member,classic,Museum Mile,Market Hall,16,2.84,15.8
T200619,2025-04-04 18:15:00,casual,classic,Market Hall,Market Hall,41,4.13,12.9
T200620,2025-04-04 18:29:00,member,classic,Stadium,Stadium,14.5,1.48,12.7
T200621,2025-04-04 21:13:00,member,electric,Central Station,Central Station,2.3,0.41,8.6
T200622,2025-04-05 08:56:00,member,classic,Central Station,Lakeside,24.2,5.12,7.2
T200623,2025-04-05 09:19:00,member,classic,Riverside Park,Tech Campus,19.3,3.57,14.3
T200624,2025-04-05 12:35:00,casual,classic,Market Hall,Museum Mile,38.7,6.6,13.1
T200625,2025-04-05 12:37:00,casual,electric,Old Town,Old Town,22.4,3.51,8.5
T200626,2025-04-05 12:50:00,casual,classic,Union Square,Stadium,63.1,10.92,14.5
T200627,2025-04-05 14:48:00,casual,classic,Museum Mile,Museum Mile,17.8,1.82,13.5
T200628,2025-04-05 16:31:00,member,electric,Museum Mile,University Ave,13.9,3.9,16.3
T200629,2025-04-05 17:53:00,member,classic,City Hall,Tech Campus,17.4,3.25,10.5
T200630,2025-04-05 20:12:00,casual,classic,Lakeside,Lakeside,26.9,2.97,10.2
T200631,2025-04-06 08:33:00,member,classic,University Ave,Lakeside,16.6,3.57,16
T200632,2025-04-06 09:26:00,member,classic,Riverside Park,Stadium,12.4,2.2,14.2
T200633,2025-04-06 09:30:00,member,classic,Old Town,Old Town,13.7,1.83,12
T200634,2025-04-06 10:13:00,member,classic,Stadium,Stadium,9.3,0.94,8.5
T200635,2025-04-06 13:02:00,casual,classic,Old Town,City Hall,37.8,6.65,13.4
T200636,2025-04-06 13:56:00,casual,electric,Union Square,Union Square,8.5,1.45,14.5
T200637,2025-04-06 15:30:00,casual,classic,Old Town,Union Square,27.4,5.35,16.3
T200638,2025-04-06 18:04:00,member,electric,Museum Mile,Museum Mile,5.4,0.85,12.3
T200639,2025-04-06 18:19:00,member,classic,University Ave,University Ave,15.4,1.96,11.1
T200640,2025-04-06 18:53:00,casual,classic,University Ave,Riverside Park,28.5,6.11,8.9
T200641,2025-04-06 19:53:00,member,electric,Union Square,Union Square,2,0.36,8.3
T200642,2025-04-07 08:11:00,member,classic,Riverside Park,Harbor Front,5.7,1.09,15.6
T200643,2025-04-07 09:36:00,member,electric,Museum Mile,Stadium,19,5.57,13.4
T200644,2025-04-07 11:51:00,casual,electric,Old Town,Harbor Front,30.8,8.87,9
T200645,2025-04-07 12:18:00,casual,classic,Market Hall,Museum Mile,31.7,6.01,9.9
T200646,2025-04-07 12:42:00,member,classic,Union Square,Tech Campus,11.7,2.07,8
T200647,2025-04-07 13:15:00,member,classic,Market Hall,Old Town,4.3,0.83,7
T200648,2025-04-07 15:06:00,member,classic,University Ave,Stadium,5.5,1.02,11.4
T200649,2025-04-07 17:05:00,member,electric,Riverside Park,Central Station,7.5,1.96,14.2
T200650,2025-04-07 18:03:00,member,classic,Market Hall,City Hall,14.8,3.31,16.4
T200651,2025-04-07 18:58:00,member,classic,Stadium,City Hall,15.8,3.39,11.4
T200652,2025-04-08 07:17:00,member,electric,Riverside Park,City Hall,16.3,4.62,11.8
T200653,2025-04-08 07:59:00,member,electric,Union Square,City Hall,2,0.59,13.4
T200654,2025-04-08 09:50:00,member,classic,City Hall,Central Station,16,3.19,11.2
T200655,2025-04-08 10:41:00,member,electric,Museum Mile,Riverside Park,11.8,2.91,13.7
T200656,2025-04-08 11:06:00,casual,electric,Tech Campus,Harbor Front,11.5,3.57,13.4
T200657,2025-04-08 15:52:00,member,electric,Union Square,Market Hall,4.9,1.49,8.9
T200658,2025-04-08 17:04:00,member,classic,City Hall,City Hall,10.3,1.08,12
T200659,2025-04-08 17:31:00,member,classic,Harbor Front,Market Hall,11.4,1.96,13.7
T200660,2025-04-08 17:39:00,member,classic,Old Town,Stadium,9.7,1.89,9.2
T200661,2025-04-08 17:41:00,casual,electric,Lakeside,Riverside Park,22.1,5.4,13.7
T200662,2025-04-08 17:52:00,member,classic,Old Town,Museum Mile,17.8,3.34,15.2
T200663,2025-04-08 18:23:00,casual,classic,Museum Mile,Union Square,22.8,4.18,11.9
T200664,2025-04-08 18:29:00,member,classic,Market Hall,City Hall,13.3,2.59,13.4
T200665,2025-04-08 18:31:00,member,electric,Stadium,Museum Mile,10.6,2.81,14.5
T200666,2025-04-08 19:11:00,member,electric,Central Station,Lakeside,4.6,1.32,12.2
T200667,2025-04-08 19:19:00,member,electric,Lakeside,City Hall,9.8,2.66,10.4
T200668,2025-04-09 07:17:00,member,electric,Lakeside,Old Town,2.3,0.58,10.1
T200669,2025-04-09 13:10:00,member,electric,Old Town,Lakeside,10.4,3.11,17.2
T200670,2025-04-09 14:11:00,casual,classic,Old Town,Harbor Front,10.5,1.86,12.8
T200671,2025-04-09 15:48:00,casual,electric,Lakeside,Tech Campus,17.8,4.12,15
T200672,2025-04-09 15:50:00,casual,electric,Stadium,Central Station,21.8,6.66,11.4
T200673,2025-04-09 16:06:00,casual,electric,Market Hall,Union Square,22.1,5.96,15.1
T200674,2025-04-09 16:29:00,casual,electric,Old Town,Union Square,19,5.11,13.7
T200675,2025-04-09 17:42:00,member,classic,University Ave,Central Station,3.7,0.64,15.8
T200676,2025-04-09 21:30:00,member,electric,Museum Mile,Museum Mile,16,2.72,10
T200677,2025-04-10 08:43:00,member,electric,Central Station,Old Town,4,1.21,17.1
T200678,2025-04-10 08:56:00,member,classic,Stadium,Riverside Park,14.9,3.1,18
T200679,2025-04-10 08:58:00,member,classic,Riverside Park,Market Hall,16.7,3.29,15.2
T200680,2025-04-10 09:20:00,member,classic,Museum Mile,Central Station,4.8,0.88,14.7
T200681,2025-04-10 09:42:00,member,classic,Riverside Park,Riverside Park,8.5,0.98,12.2
T200682,2025-04-10 11:39:00,casual,electric,Old Town,Tech Campus,23.3,5.8,12.9
T200683,2025-04-10 13:52:00,member,classic,University Ave,University Ave,4.9,0.64,15.4
T200684,2025-04-10 14:03:00,casual,classic,City Hall,City Hall,26.7,3.54,17.2
T200685,2025-04-10 15:18:00,casual,electric,Central Station,Union Square,25.7,7.72,16.1
T200686,2025-04-10 15:43:00,member,classic,City Hall,Central Station,11.2,1.97,7.7
T200687,2025-04-10 16:24:00,casual,classic,Lakeside,University Ave,17.3,2.92,8
T200688,2025-04-10 17:53:00,casual,classic,Lakeside,Central Station,15.4,2.68,13.1
T200689,2025-04-10 17:59:00,member,electric,Central Station,Market Hall,11.4,3.18,12
T200690,2025-04-10 18:01:00,member,classic,Lakeside,Stadium,2,0.36,11.8
T200691,2025-04-10 19:26:00,member,classic,Museum Mile,Museum Mile,7.9,1.03,16.3
T200692,2025-04-11 07:58:00,member,classic,Old Town,Old Town,2.3,0.3,15.9
T200693,2025-04-11 08:34:00,member,electric,Harbor Front,City Hall,15.3,3.9,13.7
T200694,2025-04-11 08:52:00,member,classic,Harbor Front,Lakeside,14.7,2.89,12.5
T200695,2025-04-11 12:07:00,casual,classic,City Hall,Harbor Front,13,2.69,13.8
T200696,2025-04-11 12:11:00,member,electric,Union Square,City Hall,10.2,2.98,10.9
T200697,2025-04-11 14:51:00,casual,classic,Tech Campus,Tech Campus,10.1,1.15,9.9
T200698,2025-04-11 16:44:00,casual,classic,Market Hall,Lakeside,25.6,5.86,15.6
T200699,2025-04-11 17:04:00,member,electric,Harbor Front,Central Station,9.4,2.18,12.8
T200700,2025-04-11 17:18:00,member,classic,Lakeside,Stadium,7.1,1.32,14.6
T200701,2025-04-11 18:27:00,casual,electric,Museum Mile,Riverside Park,16.2,4.83,10.1
T200702,2025-04-12 07:29:00,member,classic,Lakeside,Central Station,17.2,3.48,15.7
T200703,2025-04-12 08:53:00,member,electric,University Ave,Market Hall,8,2.17,19.3
T200704,2025-04-12 10:04:00,casual,electric,Lakeside,Union Square,22.9,5.49,13
T200705,2025-04-12 12:00:00,casual,classic,Harbor Front,Harbor Front,16.6,1.87,8.9
T200706,2025-04-12 13:05:00,member,classic,University Ave,Harbor Front,9.3,1.65,17.8
T200707,2025-04-12 13:49:00,member,classic,Market Hall,Lakeside,11.2,2.22,13.8
T200708,2025-04-12 15:36:00,casual,electric,Old Town,Market Hall,36.9,9.16,11.6
T200709,2025-04-12 17:41:00,member,classic,Harbor Front,Lakeside,4.1,0.83,12
T200710,2025-04-13 08:40:00,member,electric,Museum Mile,Riverside Park,4.7,1.27,11.8
T200711,2025-04-13 09:51:00,member,classic,Central Station,Old Town,2,0.39,10.7
T200712,2025-04-13 12:10:00,member,classic,City Hall,Stadium,3.2,0.65,12
T200713,2025-04-13 12:51:00,member,classic,Old Town,Central Station,17.9,3.4,13.8
T200714,2025-04-13 13:28:00,casual,classic,Tech Campus,Central Station,44.5,9.71,8.3
T200715,2025-04-13 15:09:00,member,electric,Union Square,Harbor Front,10,2.55,9.1
T200716,2025-04-13 15:28:00,casual,classic,Union Square,University Ave,36.2,6.93,10.3
T200717,2025-04-13 18:54:00,member,classic,Union Square,Riverside Park,6.1,1.37,17.1
T200718,2025-04-13 21:16:00,member,classic,Lakeside,University Ave,13.6,2.54,9
T200719,2025-04-14 07:12:00,member,classic,Museum Mile,Lakeside,15.4,3.02,7.1
T200720,2025-04-14 07:15:00,member,classic,University Ave,Tech Campus,13.2,2.99,9.3
T200721,2025-04-14 08:40:00,member,electric,Market Hall,City Hall,10.8,2.73,17.3
T200722,2025-04-14 12:21:00,member,electric,University Ave,City Hall,13.6,3.59,12.4
T200723,2025-04-14 12:33:00,member,classic,Lakeside,Lakeside,8,0.82,11.1
T200724,2025-04-14 13:40:00,casual,electric,Museum Mile,City Hall,34.5,8.91,11.4
T200725,2025-04-14 14:24:00,casual,electric,Central Station,Central Station,13.3,2.13,8.6
T200726,2025-04-14 16:51:00,member,electric,Tech Campus,Market Hall,8.3,2.53,17.4
T200727,2025-04-14 17:10:00,member,classic,Union Square,Union Square,5.3,0.57,11.3
T200728,2025-04-14 17:24:00,member,electric,Union Square,Riverside Park,10.1,2.88,15.2
T200729,2025-04-14 17:44:00,member,electric,Riverside Park,Union Square,15.1,4.34,13.6
T200730,2025-04-14 18:43:00,member,electric,Museum Mile,Harbor Front,12.9,3.02,12
T200731,2025-04-14 18:56:00,casual,electric,Museum Mile,Market Hall,29.4,6.9,13.9
T200732,2025-04-14 19:09:00,member,electric,Central Station,Market Hall,2,0.52,8
T200733,2025-04-15 08:23:00,member,classic,Market Hall,Museum Mile,6.2,1.27,14.1
T200734,2025-04-15 08:36:00,member,classic,Market Hall,Harbor Front,10.4,2.06,12.4
T200735,2025-04-15 08:53:00,member,electric,University Ave,Riverside Park,10.1,2.5,17
T200736,2025-04-15 08:54:00,member,classic,University Ave,Harbor Front,12.5,2.81,19.1
T200737,2025-04-15 09:10:00,member,classic,Stadium,Market Hall,23.9,5.18,13.8
T200738,2025-04-15 09:37:00,member,electric,Old Town,Stadium,11.2,3.36,13.1
T200739,2025-04-15 13:23:00,casual,electric,Old Town,Stadium,2,0.61,11.5
T200740,2025-04-15 13:33:00,member,electric,Riverside Park,Union Square,7.5,1.95,11.8
T200741,2025-04-15 13:45:00,member,classic,Market Hall,Tech Campus,14.8,3.14,13.3
T200742,2025-04-15 15:01:00,member,electric,Old Town,Stadium,5.9,1.75,9
T200743,2025-04-15 17:58:00,member,electric,Tech Campus,City Hall,16.8,4.14,11
T200744,2025-04-15 18:06:00,member,electric,Riverside Park,Riverside Park,12.7,1.94,14.8
T200745,2025-04-15 18:19:00,member,electric,Harbor Front,Harbor Front,7.7,1.35,8.9
T200746,2025-04-15 18:44:00,member,electric,Tech Campus,Riverside Park,15.5,4.79,7.3
T200747,2025-04-15 18:59:00,member,classic,Lakeside,Central Station,11.1,2.32,16.7
T200748,2025-04-15 19:06:00,casual,classic,Stadium,Museum Mile,30.1,5.45,13.5
T200749,2025-04-15 19:30:00,member,electric,Harbor Front,Stadium,23.2,6.64,14.2
T200750,2025-04-16 07:13:00,member,classic,University Ave,Tech Campus,9.2,1.96,13.1
T200751,2025-04-16 08:04:00,member,classic,Museum Mile,Tech Campus,15,3.19,14.6
T200752,2025-04-16 08:11:00,member,classic,Union Square,City Hall,3.6,0.81,10.5
T200753,2025-04-16 09:11:00,member,classic,Stadium,Museum Mile,8.2,1.38,15.2
T200754,2025-04-16 10:04:00,member,classic,Market Hall,Museum Mile,10.2,1.93,13.4
T200755,2025-04-16 11:11:00,casual,classic,Lakeside,City Hall,36,6.97,13.4
T200756,2025-04-16 17:20:00,member,electric,Stadium,Riverside Park,11.5,2.65,18.4
T200757,2025-04-16 18:40:00,member,electric,Old Town,Stadium,7.7,1.96,9.5
T200758,2025-04-16 18:45:00,member,electric,Riverside Park,Harbor Front,4.9,1.45,13.3
T200759,2025-04-16 18:47:00,member,classic,Lakeside,Old Town,7.1,1.39,14
T200760,2025-04-16 18:52:00,member,electric,Riverside Park,City Hall,3.9,1.02,10
T200761,2025-04-17 08:51:00,member,classic,University Ave,Union Square,16.8,3.06,13.1
T200762,2025-04-17 09:21:00,member,classic,Union Square,Museum Mile,14.8,3.09,16.3
T200763,2025-04-17 10:37:00,casual,classic,Union Square,Union Square,45.6,6.09,11.6
T200764,2025-04-17 11:34:00,casual,electric,Stadium,Stadium,16.2,2.56,14
T200765,2025-04-17 16:02:00,casual,classic,Market Hall,Old Town,19.8,4.23,10.4
T200766,2025-04-17 16:37:00,member,electric,Old Town,Old Town,8.3,1.2,7.9
T200767,2025-04-17 16:48:00,member,electric,Tech Campus,Riverside Park,12.2,3.68,15.2
T200768,2025-04-17 17:23:00,member,electric,Union Square,City Hall,11.3,2.81,13.7
T200769,2025-04-17 19:42:00,member,electric,Harbor Front,Harbor Front,6.5,1.01,10.6
T200770,2025-04-17 19:52:00,member,electric,Harbor Front,Harbor Front,8.2,1.35,15.7
T200771,2025-04-17 20:13:00,casual,electric,Market Hall,Old Town,14.4,4.46,14.8
T200772,2025-04-18 07:02:00,member,classic,Tech Campus,Market Hall,6.5,1.45,10
T200773,2025-04-18 08:43:00,member,electric,Riverside Park,Tech Campus,2,0.56,10.2
T200774,2025-04-18 09:06:00,member,electric,Tech Campus,Central Station,14.7,4.03,12
T200775,2025-04-18 09:25:00,member,electric,City Hall,City Hall,8.8,1.54,8
T200776,2025-04-18 09:56:00,member,classic,Riverside Park,Harbor Front,10.1,2.16,11.5
T200777,2025-04-18 09:59:00,member,electric,Museum Mile,Central Station,17.1,5.02,15.1
T200778,2025-04-18 12:12:00,member,electric,Harbor Front,Harbor Front,10.6,1.83,8.9
T200779,2025-04-18 14:26:00,casual,electric,Tech Campus,Stadium,23.3,6.55,11.3
T200780,2025-04-18 15:34:00,member,electric,Lakeside,Lakeside,4.5,0.8,11.9
T200781,2025-04-18 15:59:00,casual,classic,Central Station,Harbor Front,11.9,2.39,11.3
T200782,2025-04-18 16:40:00,casual,electric,Lakeside,Riverside Park,17.2,4.24,12.9
T200783,2025-04-18 17:11:00,casual,classic,Museum Mile,Central Station,4.6,0.97,14.6
T200784,2025-04-18 17:25:00,member,classic,Riverside Park,Central Station,5.3,1.02,11
T200785,2025-04-19 07:49:00,member,classic,Central Station,City Hall,21.6,4.18,9.7
T200786,2025-04-19 08:38:00,member,classic,Stadium,Market Hall,11.8,2.52,19.4
T200787,2025-04-19 09:37:00,member,classic,University Ave,University Ave,22,2.72,13
T200788,2025-04-19 09:43:00,member,classic,Tech Campus,Lakeside,13.7,2.63,13.2
T200789,2025-04-19 09:50:00,member,electric,Harbor Front,Riverside Park,9,2.76,12
T200790,2025-04-19 12:17:00,member,classic,Lakeside,Central Station,3.3,0.57,10.2
T200791,2025-04-19 13:37:00,casual,electric,Museum Mile,Museum Mile,33.7,5.69,13
T200792,2025-04-19 13:37:00,casual,electric,Tech Campus,City Hall,15.2,3.56,16
T200793,2025-04-19 16:25:00,casual,electric,Lakeside,City Hall,23,5.38,10.3
T200794,2025-04-19 17:21:00,member,classic,Lakeside,Lakeside,20.2,2.55,16.2
T200795,2025-04-19 17:47:00,member,electric,Old Town,University Ave,11.8,3.4,15.1
T200796,2025-04-19 17:56:00,member,classic,Tech Campus,Museum Mile,17.8,3.4,9.4
T200797,2025-04-19 18:35:00,member,classic,Market Hall,Tech Campus,14.4,2.47,12.7
T200798,2025-04-19 18:51:00,casual,electric,Central Station,Harbor Front,31.6,8.77,13.3
T200799,2025-04-19 19:06:00,member,classic,City Hall,Lakeside,14.8,2.57,15.3
T200800,2025-04-19 20:29:00,casual,classic,University Ave,Harbor Front,10.8,2.45,12.7
T200801,2025-04-20 07:34:00,member,classic,Tech Campus,Central Station,3.4,0.64,14.7
T200802,2025-04-20 09:04:00,member,classic,Riverside Park,Market Hall,11.8,2.25,17.1
T200803,2025-04-20 13:09:00,member,classic,Riverside Park,Lakeside,10,2.07,16.4
T200804,2025-04-20 15:28:00,member,classic,Central Station,Stadium,13.1,2.79,16.2
T200805,2025-04-20 15:51:00,member,electric,Old Town,Central Station,12.1,3.57,11.7
T200806,2025-04-20 16:00:00,casual,classic,Harbor Front,Museum Mile,25.5,5.67,11.6
T200807,2025-04-20 16:34:00,casual,electric,Lakeside,Harbor Front,14.8,3.79,11.7
T200808,2025-04-20 17:01:00,member,electric,Lakeside,Riverside Park,7.4,2.01,13.1
T200809,2025-04-20 17:03:00,member,electric,Tech Campus,Central Station,7.4,2.01,12.8
T200810,2025-04-20 17:11:00,casual,electric,City Hall,Old Town,35.5,8.08,15.4
T200811,2025-04-20 18:23:00,member,classic,Riverside Park,Lakeside,9.5,1.88,7.1
T200812,2025-04-20 19:01:00,member,classic,University Ave,Union Square,22.9,4.56,15.7
T200813,2025-04-21 07:07:00,member,classic,Old Town,Museum Mile,7.2,1.62,15.7
T200814,2025-04-21 07:53:00,member,classic,Stadium,Central Station,15.5,2.85,10.9
T200815,2025-04-21 08:08:00,member,classic,Tech Campus,Riverside Park,5.6,1.14,10.9
T200816,2025-04-21 08:34:00,member,electric,Central Station,University Ave,6.3,1.83,16.6
T200817,2025-04-21 09:29:00,member,classic,University Ave,Union Square,6.6,1.26,8.9
T200818,2025-04-21 09:35:00,member,classic,Tech Campus,Museum Mile,21.7,3.63,18.2
T200819,2025-04-21 10:07:00,member,classic,Market Hall,Harbor Front,19.6,4.12,16.2
T200820,2025-04-21 12:26:00,casual,classic,Lakeside,Stadium,25.9,5.53,13.4
T200821,2025-04-21 13:14:00,member,classic,Lakeside,Stadium,9.5,1.83,12.2
T200822,2025-04-21 13:44:00,casual,electric,University Ave,University Ave,11.1,1.56,12.3
T200823,2025-04-21 15:05:00,casual,electric,Central Station,Central Station,13.9,1.92,13.4
T200824,2025-04-21 15:37:00,member,electric,Central Station,Union Square,5.3,1.53,11.1
T200825,2025-04-21 18:20:00,member,classic,Tech Campus,Stadium,4.6,1.04,13.4
T200826,2025-04-22 09:08:00,member,electric,Market Hall,Riverside Park,6.4,1.67,14.3
T200827,2025-04-22 10:55:00,member,electric,Market Hall,City Hall,6.3,1.76,8.3
T200828,2025-04-22 11:25:00,casual,electric,University Ave,Lakeside,16.1,4.3,14.3
T200829,2025-04-22 12:20:00,casual,classic,Central Station,Museum Mile,24.6,5.17,11.5
T200830,2025-04-22 13:39:00,casual,electric,Central Station,Central Station,4.9,0.88,20.5
T200831,2025-04-22 13:59:00,member,electric,University Ave,Museum Mile,19.9,5.91,16.7
T200832,2025-04-22 17:17:00,member,electric,Old Town,Lakeside,2.3,0.69,10
T200833,2025-04-22 17:49:00,member,classic,Central Station,University Ave,10.1,1.84,13.4
T200834,2025-04-22 17:56:00,member,classic,Riverside Park,Central Station,13.6,2.38,20.3
T200835,2025-04-23 08:33:00,member,classic,Central Station,University Ave,15.2,3.09,10.6
T200836,2025-04-23 09:48:00,member,electric,Market Hall,Market Hall,18.5,2.79,13.8
T200837,2025-04-23 09:56:00,member,electric,Riverside Park,Riverside Park,6.3,0.94,19.2
T200838,2025-04-23 10:12:00,member,classic,Union Square,Harbor Front,9.2,1.99,18.4
T200839,2025-04-23 13:17:00,member,classic,Harbor Front,Harbor Front,2,0.3,13.4
T200840,2025-04-23 15:34:00,casual,classic,Museum Mile,Museum Mile,7.9,0.91,9.1
T200841,2025-04-23 16:14:00,member,electric,Museum Mile,Museum Mile,2.3,0.36,11
T200842,2025-04-23 18:06:00,member,classic,Market Hall,Market Hall,13.2,1.37,13.4
T200843,2025-04-23 18:35:00,casual,electric,Central Station,Union Square,13.2,3.73,12.8
T200844,2025-04-23 19:36:00,member,electric,Central Station,Union Square,11.4,3.52,11.4
T200845,2025-04-23 19:50:00,member,classic,Central Station,Market Hall,24.1,4.83,9.8
T200846,2025-04-24 08:02:00,member,classic,Old Town,Tech Campus,4.3,0.98,8.7
T200847,2025-04-24 09:31:00,member,electric,Old Town,Stadium,10.1,3.09,11.6
T200848,2025-04-24 11:18:00,casual,classic,Tech Campus,Market Hall,25.9,5.21,12.2
T200849,2025-04-24 12:39:00,casual,classic,Old Town,Old Town,21,2.83,11.3
T200850,2025-04-24 12:44:00,casual,classic,Stadium,Museum Mile,15.1,2.82,14.4
T200851,2025-04-24 14:01:00,casual,classic,Stadium,Tech Campus,14.6,2.67,15.5
T200852,2025-04-24 14:54:00,casual,classic,Union Square,Central Station,16.5,3.12,15.6
T200853,2025-04-24 15:33:00,casual,classic,Market Hall,Harbor Front,2,0.44,8.7
T200854,2025-04-24 16:03:00,member,classic,Market Hall,University Ave,23.2,4.76,17.5
T200855,2025-04-24 17:27:00,casual,electric,Stadium,Stadium,18.4,2.9,19.3
T200856,2025-04-24 17:55:00,member,classic,University Ave,Lakeside,18.2,3.86,15.8
T200857,2025-04-24 18:01:00,member,electric,City Hall,City Hall,11.7,2.16,16.6
T200858,2025-04-24 19:01:00,member,classic,Lakeside,Stadium,3,0.52,10.9
T200859,2025-04-24 19:38:00,casual,classic,University Ave,Lakeside,22.8,3.88,13.2
T200860,2025-04-25 08:20:00,member,classic,Tech Campus,University Ave,10.6,2.16,18
T200861,2025-04-25 08:22:00,member,electric,Central Station,Museum Mile,2,0.58,13
T200862,2025-04-25 08:35:00,member,classic,Riverside Park,Union Square,13.7,2.64,11.2
T200863,2025-04-25 08:37:00,member,classic,Stadium,Market Hall,10.9,1.86,15.1
T200864,2025-04-25 09:34:00,member,classic,Union Square,Union Square,10.6,1.38,11.8
T200865,2025-04-25 09:53:00,member,classic,Market Hall,Museum Mile,18.4,3.71,15.1
T200866,2025-04-25 11:07:00,casual,classic,Lakeside,Union Square,38.8,8.18,10.6
T200867,2025-04-25 11:17:00,casual,electric,Market Hall,Museum Mile,8.8,2.1,17
T200868,2025-04-25 11:17:00,casual,classic,Old Town,Museum Mile,5,0.88,13.3
T200869,2025-04-25 12:12:00,member,electric,Lakeside,University Ave,12.6,3.4,14.1
T200870,2025-04-25 12:39:00,casual,classic,Old Town,Lakeside,35,7.54,12.4
T200871,2025-04-25 12:49:00,casual,classic,Harbor Front,Lakeside,4,0.91,12.2
T200872,2025-04-25 13:21:00,member,electric,City Hall,Central Station,15.4,3.99,9.8
T200873,2025-04-25 15:39:00,casual,electric,Riverside Park,Old Town,9.7,2.31,11
T200874,2025-04-25 15:50:00,casual,classic,Riverside Park,Museum Mile,8,1.67,14.3
T200875,2025-04-25 16:05:00,member,classic,Old Town,Old Town,15.5,1.71,10.5
T200876,2025-04-25 16:26:00,casual,classic,University Ave,Old Town,18.6,3.57,15.2
T200877,2025-04-25 16:50:00,member,electric,City Hall,Lakeside,10.9,3.03,15.8
T200878,2025-04-25 17:38:00,casual,electric,Stadium,University Ave,9.8,2.74,11.8
T200879,2025-04-25 17:40:00,member,classic,Tech Campus,Tech Campus,4.6,0.5,11.6
T200880,2025-04-25 18:00:00,member,classic,Tech Campus,Tech Campus,19.3,2.46,11.4
T200881,2025-04-25 18:02:00,member,classic,Stadium,Riverside Park,13.2,2.49,12.5
T200882,2025-04-26 09:51:00,member,electric,Riverside Park,Riverside Park,4.5,0.69,13.5
T200883,2025-04-26 10:34:00,member,electric,Lakeside,University Ave,9.7,2.58,13.1
T200884,2025-04-26 11:55:00,casual,electric,Tech Campus,University Ave,4.9,1.26,18.7
T200885,2025-04-26 13:08:00,member,classic,Riverside Park,Tech Campus,2.6,0.45,13.1
T200886,2025-04-26 15:17:00,member,classic,Union Square,Riverside Park,17.8,3.08,7.7
T200887,2025-04-26 15:35:00,casual,classic,Old Town,Union Square,21.5,4.86,13.9
T200888,2025-04-26 16:01:00,member,classic,City Hall,Market Hall,5.6,0.97,10
T200889,2025-04-26 17:02:00,member,electric,Harbor Front,Market Hall,10.2,2.46,13.7
T200890,2025-04-26 17:57:00,member,classic,Old Town,Lakeside,8.2,1.76,9.2
T200891,2025-04-26 19:39:00,member,classic,Harbor Front,Lakeside,15.1,3.45,16.7
T200892,2025-04-27 08:22:00,member,classic,Tech Campus,Union Square,15,2.94,10.3
T200893,2025-04-27 08:47:00,member,electric,Harbor Front,University Ave,11.5,3.49,10.8
T200894,2025-04-27 09:36:00,member,classic,Tech Campus,City Hall,5.7,1.2,9.8
T200895,2025-04-27 09:38:00,member,electric,Stadium,Museum Mile,13.6,3.96,15.3
T200896,2025-04-27 11:05:00,casual,classic,Central Station,Lakeside,29.4,5.96,11
T200897,2025-04-27 14:55:00,casual,classic,Riverside Park,Stadium,9.5,1.98,11.4
T200898,2025-04-27 16:00:00,casual,classic,Lakeside,Lakeside,32.1,4.41,7.6
T200899,2025-04-27 17:16:00,member,classic,Old Town,Old Town,2,0.3,12.2
T200900,2025-04-27 17:45:00,member,electric,University Ave,Museum Mile,13.6,4.13,11.1
T200901,2025-04-27 18:02:00,member,electric,Old Town,City Hall,9.8,2.35,15.2
T200902,2025-04-27 18:53:00,member,electric,Museum Mile,University Ave,14.3,3.78,13.3
T200903,2025-04-28 08:06:00,member,classic,Market Hall,Market Hall,14.7,1.71,15.1
T200904,2025-04-28 12:10:00,member,electric,Museum Mile,City Hall,6.9,2.13,15.4
T200905,2025-04-28 12:27:00,member,classic,Old Town,Old Town,8,0.91,12.1
T200906,2025-04-28 13:24:00,member,classic,University Ave,Old Town,6.3,1.06,18
T200907,2025-04-28 13:38:00,member,electric,Riverside Park,Riverside Park,14,2.12,12.6
T200908,2025-04-28 18:45:00,member,classic,Riverside Park,Stadium,15.1,3.27,7.5
T200909,2025-04-28 19:42:00,member,classic,Stadium,Union Square,19.5,3.62,12.4
T200910,2025-05-01 08:00:00,member,classic,Harbor Front,Union Square,6,1.05,16.9
T200911,2025-05-01 08:05:00,member,classic,University Ave,University Ave,13.9,1.85,18.2
T200912,2025-05-01 08:13:00,member,classic,Union Square,Old Town,3.9,0.85,11.7
T200913,2025-05-01 08:39:00,member,classic,Museum Mile,Central Station,13.9,2.49,16.3
T200914,2025-05-01 09:44:00,member,classic,Union Square,City Hall,21.3,4.28,17.5
T200915,2025-05-01 12:33:00,member,classic,Harbor Front,Lakeside,10.5,1.78,19.8
T200916,2025-05-01 12:54:00,casual,electric,Riverside Park,Central Station,32.4,7.64,23.4
T200917,2025-05-01 16:36:00,member,classic,Central Station,Union Square,2.6,0.5,15.9
T200918,2025-05-01 17:00:00,casual,electric,Market Hall,Market Hall,30.2,4.81,19
T200919,2025-05-01 17:37:00,member,electric,Harbor Front,Museum Mile,7.7,2.18,17.1
T200920,2025-05-01 17:41:00,member,electric,Stadium,Museum Mile,2,0.56,17.7
T200921,2025-05-01 17:42:00,casual,classic,Museum Mile,Harbor Front,39.5,7.65,20.9
T200922,2025-05-01 17:42:00,member,classic,Central Station,Museum Mile,16.6,3.51,18.4
T200923,2025-05-01 18:08:00,member,classic,Central Station,Union Square,30.2,6.71,20.7
T200924,2025-05-01 20:01:00,casual,classic,Lakeside,Museum Mile,13.7,2.34,17.6
T200925,2025-05-02 07:52:00,member,electric,Harbor Front,Old Town,11.2,3.16,19.8
T200926,2025-05-02 12:54:00,member,classic,Harbor Front,Old Town,17.2,3.38,21.3
T200927,2025-05-02 13:29:00,member,classic,Union Square,Tech Campus,14.8,3.25,21.4
T200928,2025-05-02 14:56:00,casual,electric,Riverside Park,City Hall,13.3,3.27,15.3
T200929,2025-05-02 15:02:00,casual,electric,Union Square,Union Square,13.5,1.9,21.1
T200930,2025-05-02 15:35:00,casual,classic,Harbor Front,Union Square,31.4,5.54,20.3
T200931,2025-05-02 16:34:00,casual,classic,Riverside Park,Stadium,9.6,1.92,11.4
T200932,2025-05-02 16:43:00,member,classic,Museum Mile,City Hall,18.8,3.95,17.8
T200933,2025-05-02 17:04:00,member,electric,Harbor Front,Riverside Park,9.1,2.7,17.8
T200934,2025-05-02 17:15:00,member,classic,Tech Campus,Lakeside,16.6,3.04,15.1
T200935,2025-05-02 18:21:00,casual,classic,Lakeside,Central Station,3.9,0.7,16.4
T200936,2025-05-03 07:15:00,member,classic,Riverside Park,Old Town,15.5,3.16,16.8
T200937,2025-05-03 07:27:00,member,electric,Museum Mile,Lakeside,16.1,4.32,21.6
T200938,2025-05-03 08:08:00,member,electric,Old Town,Harbor Front,15.3,4.6,16.9
T200939,2025-05-03 08:55:00,member,classic,Riverside Park,University Ave,18,4.05,20.3
T200940,2025-05-03 09:31:00,member,classic,Riverside Park,City Hall,9.6,1.82,20.6
T200941,2025-05-03 09:42:00,member,classic,Tech Campus,City Hall,7.2,1.28,18.6
T200942,2025-05-03 10:25:00,casual,classic,Union Square,Union Square,14.5,1.92,13.8
T200943,2025-05-03 11:49:00,casual,electric,Tech Campus,Tech Campus,18.9,2.78,23.4
T200944,2025-05-03 13:56:00,casual,classic,Market Hall,Union Square,39.9,8.71,20
T200945,2025-05-03 14:29:00,casual,classic,Old Town,Old Town,19.4,1.99,17
T200946,2025-05-03 14:39:00,casual,electric,Museum Mile,University Ave,24,5.46,15.1
T200947,2025-05-03 15:42:00,casual,classic,Old Town,Lakeside,18.4,4.02,23.4
T200948,2025-05-03 15:54:00,member,classic,Old Town,Riverside Park,9.1,1.89,12.1
T200949,2025-05-03 16:20:00,member,classic,Central Station,City Hall,13.2,2.27,16.6
T200950,2025-05-03 17:40:00,member,electric,Union Square,Harbor Front,3.1,0.92,18.2
T200951,2025-05-03 18:13:00,member,classic,City Hall,Lakeside,12.2,2.22,21.7
T200952,2025-05-03 18:44:00,member,electric,Central Station,Market Hall,4.1,1.24,14.6
T200953,2025-05-03 19:06:00,member,electric,Museum Mile,City Hall,3.7,0.87,18.7
T200954,2025-05-03 19:32:00,casual,classic,Harbor Front,Tech Campus,14.2,2.74,19.8
T200955,2025-05-04 07:58:00,member,electric,City Hall,Harbor Front,5,1.14,19.1
T200956,2025-05-04 08:13:00,member,classic,University Ave,Union Square,19.5,4.42,21.4
T200957,2025-05-04 10:44:00,member,electric,Old Town,University Ave,8.4,2.51,13.4
T200958,2025-05-04 13:14:00,member,electric,Harbor Front,Central Station,2,0.6,9.5
T200959,2025-05-04 13:37:00,casual,classic,Harbor Front,Market Hall,35.6,7.5,15.3
T200960,2025-05-04 14:58:00,casual,classic,City Hall,Market Hall,13.2,3.01,22.7
T200961,2025-05-04 16:54:00,member,electric,Riverside Park,Old Town,8.6,2.51,18.1
T200962,2025-05-04 17:08:00,casual,classic,Museum Mile,Market Hall,24.9,5.16,21.4
T200963,2025-05-04 17:53:00,member,classic,University Ave,Museum Mile,2,0.36,17.8
T200964,2025-05-04 18:00:00,member,electric,Stadium,Harbor Front,6.7,1.89,19.2
T200965,2025-05-04 18:41:00,casual,classic,University Ave,Union Square,12.1,2.59,21.3
T200966,2025-05-04 18:45:00,member,electric,Old Town,Old Town,8.1,1.3,17.9
T200967,2025-05-04 19:53:00,member,electric,Old Town,Old Town,12.7,2,18
T200968,2025-05-04 20:10:00,casual,classic,Lakeside,Stadium,46.9,8.13,17.8
T200969,2025-05-05 08:33:00,member,electric,University Ave,Union Square,13.8,3.93,22.1
T200970,2025-05-05 09:05:00,member,electric,Harbor Front,Union Square,12.9,3.3,19.2
T200971,2025-05-05 09:56:00,member,electric,City Hall,Stadium,12.8,3.59,14.5
T200972,2025-05-05 10:06:00,casual,electric,Museum Mile,Union Square,26.2,7.9,14.2
T200973,2025-05-05 10:12:00,member,classic,Tech Campus,Stadium,13.7,2.57,12.6
T200974,2025-05-05 10:22:00,casual,classic,University Ave,Lakeside,16.5,3.31,20.1
T200975,2025-05-05 10:32:00,member,classic,Riverside Park,Tech Campus,23.3,4.62,18.3
T200976,2025-05-05 12:14:00,casual,electric,Riverside Park,University Ave,35.4,9.04,18.1
T200977,2025-05-05 13:18:00,casual,classic,Old Town,Stadium,32,6.69,19.4
T200978,2025-05-05 13:35:00,casual,electric,Tech Campus,Tech Campus,27.4,4.36,17.4
T200979,2025-05-05 15:52:00,member,classic,Market Hall,Old Town,20.9,4.35,16
T200980,2025-05-05 16:04:00,member,electric,Stadium,Lakeside,9.2,2.16,16.7
T200981,2025-05-05 16:15:00,member,classic,City Hall,Lakeside,16.1,3.2,19
T200982,2025-05-05 16:29:00,casual,classic,City Hall,Stadium,12.3,2.73,22.2
T200983,2025-05-05 17:29:00,casual,classic,University Ave,Union Square,39.7,7.55,17.7
T200984,2025-05-05 17:48:00,casual,classic,Old Town,Market Hall,7.8,1.75,17.8
T200985,2025-05-05 18:14:00,member,electric,Central Station,Tech Campus,19.6,5.7,21.8
T200986,2025-05-05 18:30:00,member,electric,Riverside Park,Tech Campus,3.8,0.91,17.2
T200987,2025-05-05 18:42:00,member,electric,University Ave,Market Hall,5.1,1.29,22.2
T200988,2025-05-05 18:43:00,member,classic,Union Square,Museum Mile,17.4,3.55,18.4
T200989,2025-05-05 19:07:00,member,classic,Tech Campus,Stadium,2.6,0.58,19.2
T200990,2025-05-06 07:37:00,member,electric,Stadium,University Ave,4.9,1.48,18.9
T200991,2025-05-06 07:49:00,member,classic,Old Town,Riverside Park,2.2,0.41,17.4
T200992,2025-05-06 08:23:00,member,classic,Union Square,Riverside Park,11.9,2.39,22
T200993,2025-05-06 09:27:00,member,classic,Tech Campus,Lakeside,15.2,2.87,20.1
T200994,2025-05-06 09:28:00,member,classic,Tech Campus,Old Town,3.8,0.85,13.9
T200995,2025-05-06 09:42:00,member,electric,Market Hall,University Ave,7.1,1.64,17.3
T200996,2025-05-06 09:43:00,member,classic,Museum Mile,Central Station,10.7,1.81,20.2
T200997,2025-05-06 12:28:00,member,classic,Market Hall,Central Station,11.9,2.66,16.3
T200998,2025-05-06 14:24:00,casual,classic,Market Hall,University Ave,15,3,17.9
T200999,2025-05-06 16:53:00,member,electric,Riverside Park,Market Hall,2,0.46,18.4
T201000,2025-05-06 17:02:00,casual,electric,Museum Mile,Central Station,19.1,5.65,17.5
T201001,2025-05-06 18:40:00,member,classic,Stadium,Old Town,2.3,0.49,22.6
T201002,2025-05-06 18:49:00,member,electric,Lakeside,Lakeside,7.9,1.4,17.4
T201003,2025-05-06 21:18:00,member,classic,University Ave,Lakeside,11.9,2.45,18.3
T201004,2025-05-07 07:11:00,member,classic,Stadium,Stadium,17.2,1.99,18.7
T201005,2025-05-07 07:35:00,member,classic,Old Town,Stadium,17.8,3.39,20.8
T201006,2025-05-07 07:57:00,member,electric,Central Station,Stadium,8.5,2.26,17.9
T201007,2025-05-07 08:14:00,member,electric,Lakeside,Tech Campus,13.1,3.7,18
T201008,2025-05-07 08:19:00,member,classic,Harbor Front,Market Hall,10.2,2.19,18.4
T201009,2025-05-07 10:03:00,casual,electric,Lakeside,University Ave,11.4,2.78,19.2
T201010,2025-05-07 12:56:00,casual,classic,Museum Mile,Central Station,32.2,6.52,17.5
T201011,2025-05-07 13:33:00,member,classic,Stadium,Stadium,18.2,2.12,19.3
T201012,2025-05-07 13:59:00,casual,classic,Lakeside,Tech Campus,5.8,1.26,14.2
T201013,2025-05-07 14:06:00,casual,classic,Union Square,Stadium,13.6,2.91,15.9
T201014,2025-05-07 14:26:00,casual,classic,Union Square,Harbor Front,3.2,0.62,14.9
T201015,2025-05-07 14:41:00,casual,classic,Riverside Park,Lakeside,11.9,2.61,18.1
T201016,2025-05-07 14:45:00,casual,classic,City Hall,Museum Mile,26.4,5.56,20
T201017,2025-05-07 15:08:00,member,electric,Tech Campus,Market Hall,7.3,1.85,17
T201018,2025-05-07 15:13:00,casual,classic,Central Station,Tech Campus,9.2,2.07,17.1
T201019,2025-05-07 16:33:00,member,classic,Stadium,Harbor Front,10.1,2.1,22.2
T201020,2025-05-07 17:17:00,member,classic,University Ave,Harbor Front,10.2,2.05,19.3
T201021,2025-05-07 17:24:00,member,classic,Tech Campus,Museum Mile,10.4,2.2,22.4
T201022,2025-05-07 17:52:00,member,electric,Central Station,Central Station,12.5,2.15,21.8
T201023,2025-05-07 18:32:00,member,electric,Tech Campus,Riverside Park,7.1,1.92,21.7
T201024,2025-05-07 18:42:00,member,electric,Harbor Front,Union Square,10.8,2.68,17.8
T201025,2025-05-07 18:55:00,member,electric,University Ave,Museum Mile,11,3.05,14.6
T201026,2025-05-07 20:54:00,casual,classic,Lakeside,Old Town,23,4.53,21.1
T201027,2025-05-08 07:14:00,member,electric,Central Station,City Hall,7.4,2.12,11.2
T201028,2025-05-08 07:57:00,member,classic,Market Hall,Museum Mile,16,3.23,17.6
T201029,2025-05-08 08:39:00,member,classic,Lakeside,Riverside Park,5.1,0.99,20.4
T201030,2025-05-08 08:58:00,member,classic,Market Hall,City Hall,18.4,3.48,21.5
T201031,2025-05-08 09:17:00,member,classic,University Ave,City Hall,14,2.98,23.5
T201032,2025-05-08 12:01:00,member,classic,Central Station,Market Hall,9.7,1.83,17.2
T201033,2025-05-08 12:04:00,casual,electric,Museum Mile,University Ave,15.3,3.63,16.3
T201034,2025-05-08 12:47:00,member,classic,University Ave,Tech Campus,13.1,2.81,20.4
T201035,2025-05-08 13:16:00,casual,electric,Tech Campus,City Hall,26.6,6.75,17.6
T201036,2025-05-08 14:24:00,casual,electric,Tech Campus,Riverside Park,17.1,4.85,19.7
T201037,2025-05-08 16:50:00,member,classic,Old Town,Harbor Front,19.1,3.96,14.7
T201038,2025-05-08 16:59:00,member,electric,Harbor Front,Union Square,2.7,0.81,20.6
T201039,2025-05-08 17:05:00,member,classic,Tech Campus,Union Square,20.3,4.22,15.3
T201040,2025-05-08 17:29:00,member,electric,Tech Campus,Tech Campus,11.6,1.99,17.3
T201041,2025-05-08 17:45:00,member,classic,Union Square,Riverside Park,9.3,1.79,18.4
T201042,2025-05-08 17:46:00,member,electric,Museum Mile,Union Square,12.2,2.8,16.8
T201043,2025-05-08 18:03:00,member,electric,Museum Mile,City Hall,9.4,2.62,21.9
T201044,2025-05-08 18:06:00,casual,classic,Market Hall,Tech Campus,23.6,4.08,15.4
T201045,2025-05-08 18:15:00,member,electric,Stadium,Museum Mile,9.6,2.42,20.1
T201046,2025-05-08 18:54:00,member,classic,Old Town,Harbor Front,12.4,2.48,22
T201047,2025-05-08 18:57:00,member,electric,City Hall,Old Town,10,2.43,17.9
T201048,2025-05-08 19:52:00,casual,classic,Central Station,University Ave,26.8,5.43,18.7
T201049,2025-05-09 07:25:00,member,electric,Union Square,Lakeside,11.6,3.55,20.2
T201050,2025-05-09 07:28:00,member,electric,Old Town,Tech Campus,6.4,1.65,18.3
T201051,2025-05-09 08:25:00,member,classic,Lakeside,Lakeside,29.7,3.67,15.7
T201052,2025-05-09 08:28:00,member,classic,Tech Campus,Lakeside,16.5,2.85,18
T201053,2025-05-09 08:47:00,member,electric,Central Station,Old Town,11.3,3.52,20
T201054,2025-05-09 09:19:00,member,classic,Museum Mile,Riverside Park,4.5,0.85,19.6
T201055,2025-05-09 10:33:00,casual,classic,Tech Campus,Central Station,20,4.27,13.7
T201056,2025-05-09 12:46:00,casual,electric,Tech Campus,Riverside Park,8.8,2.72,19.1
T201057,2025-05-09 14:44:00,casual,classic,Riverside Park,Lakeside,15,3.09,20.2
T201058,2025-05-09 17:13:00,casual,classic,Stadium,Museum Mile,40.9,9.17,17.8
T201059,2025-05-09 18:36:00,member,classic,Old Town,Tech Campus,5.8,1.26,21.1
T201060,2025-05-09 18:42:00,member,classic,City Hall,Lakeside,2,0.44,20
T201061,2025-05-09 19:11:00,member,electric,Stadium,City Hall,6,1.77,20.7
T201062,2025-05-09 19:18:00,member,electric,Union Square,Union Square,6.5,1.01,15.8
T201063,2025-05-09 21:35:00,member,electric,City Hall,University Ave,13.1,3.77,14.7
T201064,2025-05-10 08:17:00,member,classic,Union Square,Museum Mile,14.3,3.16,17.8
T201065,2025-05-10 08:40:00,member,classic,Riverside Park,Union Square,11,2.49,16.4
T201066,2025-05-10 09:28:00,member,classic,Tech Campus,Lakeside,14.8,2.65,19.8
T201067,2025-05-10 09:32:00,member,classic,Stadium,Museum Mile,2.5,0.44,21.4
T201068,2025-05-10 10:02:00,member,classic,Old Town,Old Town,9,1.09,20.9
T201069,2025-05-10 11:18:00,casual,classic,Harbor Front,Riverside Park,31.8,5.81,16.3
T201070,2025-05-10 13:20:00,member,classic,Museum Mile,Central Station,8.6,1.83,21.8
T201071,2025-05-10 14:30:00,casual,electric,Lakeside,Tech Campus,9.6,2.31,21.7
T201072,2025-05-10 15:22:00,casual,electric,Union Square,Union Square,24.5,4.12,14.1
T201073,2025-05-10 15:42:00,casual,classic,Tech Campus,Stadium,10.8,2.46,19.8
T201074,2025-05-10 15:47:00,member,classic,Union Square,Union Square,23.2,2.43,20.3
T201075,2025-05-10 16:04:00,member,classic,Union Square,Harbor Front,9.6,2.01,19.7
T201076,2025-05-10 16:15:00,member,electric,Old Town,Lakeside,11.2,2.68,24.9
T201077,2025-05-10 16:43:00,casual,classic,Tech Campus,Union Square,14.2,2.45,18.7
T201078,2025-05-10 17:37:00,member,classic,Market Hall,Harbor Front,29.1,5,12.1
T201079,2025-05-10 17:58:00,member,classic,Lakeside,Riverside Park,12.9,2.94,18.7
T201080,2025-05-10 18:05:00,member,classic,Riverside Park,Central Station,14.7,2.94,15.5
T201081,2025-05-10 18:53:00,member,electric,Market Hall,Market Hall,12.7,2.37,14.3
T201082,2025-05-10 18:55:00,member,classic,Tech Campus,Tech Campus,7.4,0.81,16.3
T201083,2025-05-10 19:06:00,casual,classic,Tech Campus,Central Station,14.4,2.92,23
T201084,2025-05-10 19:48:00,member,classic,Riverside Park,Riverside Park,15.2,1.79,21.8
T201085,2025-05-10 21:18:00,member,classic,Market Hall,University Ave,13.4,2.8,22
T201086,2025-05-10 21:36:00,member,classic,Tech Campus,Tech Campus,16.6,2.23,15.4
T201087,2025-05-11 12:56:00,member,classic,Harbor Front,Harbor Front,10.7,1.34,18
T201088,2025-05-11 13:22:00,member,classic,Museum Mile,Old Town,12.8,2.4,16.9
T201089,2025-05-11 13:43:00,casual,classic,Market Hall,University Ave,21.7,4.64,20.7
T201090,2025-05-11 14:20:00,casual,classic,Riverside Park,University Ave,16.4,3.1,18.1
T201091,2025-05-11 16:32:00,member,classic,University Ave,Union Square,17.9,3.87,16.9
T201092,2025-05-11 16:57:00,member,electric,University Ave,Union Square,25.4,6.8,21.2
T201093,2025-05-11 17:27:00,member,electric,Market Hall,Market Hall,14.5,2.26,20.3
T201094,2025-05-11 18:45:00,member,classic,Market Hall,Lakeside,13.1,2.6,15.4
T201095,2025-05-12 07:32:00,member,electric,Old Town,Union Square,6.2,1.48,18.4
T201096,2025-05-12 09:52:00,member,electric,Stadium,Lakeside,4.8,1.26,13.7
T201097,2025-05-12 11:52:00,casual,electric,Museum Mile,Lakeside,11.1,2.64,19.9
T201098,2025-05-12 12:59:00,member,classic,Tech Campus,Riverside Park,10.1,2.26,18.7
T201099,2025-05-12 12:59:00,casual,classic,University Ave,Museum Mile,20.7,3.54,13.8
T201100,2025-05-12 13:54:00,member,electric,Tech Campus,Riverside Park,14.6,4.34,20.4
T201101,2025-05-12 15:00:00,casual,classic,Tech Campus,Lakeside,16.7,3.69,22.4
T201102,2025-05-12 15:16:00,member,electric,University Ave,Tech Campus,14.3,3.75,14.1
T201103,2025-05-12 15:29:00,member,classic,Union Square,Harbor Front,16.8,3.85,15.7
T201104,2025-05-12 16:16:00,member,classic,Central Station,Stadium,11.9,2.42,20.2
T201105,2025-05-12 16:40:00,casual,classic,Tech Campus,Market Hall,2.2,0.48,16.9
T201106,2025-05-12 16:55:00,casual,classic,University Ave,Stadium,22.2,4.43,11.4
T201107,2025-05-12 16:56:00,member,classic,University Ave,Tech Campus,9.5,1.7,19.7
T201108,2025-05-12 17:20:00,casual,classic,Market Hall,City Hall,21.2,3.76,14.9
T201109,2025-05-12 17:39:00,member,electric,Lakeside,Harbor Front,16.7,4.48,18.9
T201110,2025-05-12 17:46:00,member,classic,University Ave,Harbor Front,11.9,2.12,14.7
T201111,2025-05-12 18:51:00,casual,electric,Union Square,Old Town,16.4,4.14,20.9
T201112,2025-05-13 07:01:00,member,classic,City Hall,City Hall,11.7,1.59,19.4
T201113,2025-05-13 08:15:00,member,electric,Tech Campus,Union Square,11.2,2.55,21.5
T201114,2025-05-13 09:05:00,member,electric,Market Hall,Tech Campus,17.5,4.07,17.3
T201115,2025-05-13 09:29:00,member,classic,Tech Campus,Central Station,6.4,1.3,12.7
T201116,2025-05-13 09:41:00,member,electric,Central Station,City Hall,20.1,5.98,16.3
T201117,2025-05-13 12:20:00,casual,classic,Harbor Front,Stadium,21.9,4.64,16.3
T201118,2025-05-13 15:24:00,member,classic,City Hall,Old Town,13.8,2.91,16.2
T201119,2025-05-13 16:01:00,member,classic,City Hall,Museum Mile,10.2,1.83,18.4
T201120,2025-05-13 17:18:00,member,classic,Lakeside,City Hall,8.4,1.64,15.6
T201121,2025-05-13 17:38:00,member,classic,Market Hall,Market Hall,19.8,2.16,17.1
T201122,2025-05-13 18:47:00,member,electric,University Ave,Central Station,6.9,2.1,20.6
T201123,2025-05-13 19:58:00,member,classic,Central Station,Riverside Park,17.3,3.39,16.1
T201124,2025-05-13 19:59:00,casual,classic,Lakeside,University Ave,25.6,5.43,10.6
T201125,2025-05-13 20:31:00,casual,classic,University Ave,University Ave,36.5,4.29,14.8
T201126,2025-05-14 07:37:00,member,classic,Stadium,Stadium,10.2,1.33,16.3
T201127,2025-05-14 07:39:00,member,electric,Harbor Front,Lakeside,15.8,4.44,16.5
T201128,2025-05-14 07:51:00,member,classic,Central Station,Central Station,7.4,0.87,6.4
T201129,2025-05-14 08:49:00,member,classic,Union Square,City Hall,12.2,2.21,17
T201130,2025-05-14 08:52:00,member,electric,Harbor Front,Harbor Front,6.5,0.9,14.2
T201131,2025-05-14 09:33:00,member,classic,Harbor Front,Lakeside,16.2,3.67,18.8
T201132,2025-05-14 10:00:00,member,electric,Old Town,Harbor Front,7.8,2.1,14.6
T201133,2025-05-14 10:44:00,casual,classic,Tech Campus,Tech Campus,24.2,2.43,20.8
T201134,2025-05-14 12:00:00,casual,classic,Stadium,Tech Campus,18.3,3.93,19.5
T201135,2025-05-14 13:42:00,casual,classic,Stadium,Riverside Park,2.7,0.57,15.2
T201136,2025-05-14 13:55:00,member,classic,University Ave,Stadium,9,1.7,14
T201137,2025-05-14 15:54:00,casual,classic,Stadium,Harbor Front,11.5,2.3,18.3
T201138,2025-05-14 16:43:00,member,classic,Central Station,Stadium,8.8,1.7,17.5
T201139,2025-05-14 17:22:00,member,electric,Union Square,Central Station,2,0.52,19.1
T201140,2025-05-14 17:34:00,member,classic,Union Square,Museum Mile,15.1,2.59,14.2
T201141,2025-05-14 17:37:00,member,classic,Union Square,Union Square,2,0.3,15
T201142,2025-05-14 17:50:00,member,electric,City Hall,Lakeside,16.7,4.73,18.2
T201143,2025-05-14 17:51:00,casual,classic,Harbor Front,Riverside Park,10,1.88,18.9
T201144,2025-05-14 17:58:00,member,classic,Old Town,Tech Campus,8.2,1.75,19
T201145,2025-05-14 17:58:00,member,classic,Market Hall,Lakeside,11.7,2.39,15.2
T201146,2025-05-14 21:26:00,member,electric,Lakeside,Lakeside,13.5,2.02,20.5
T201147,2025-05-14 21:52:00,member,electric,University Ave,Riverside Park,2,0.5,20.2
T201148,2025-05-15 07:18:00,member,classic,Stadium,Lakeside,2,0.35,18.6
T201149,2025-05-15 08:56:00,member,classic,Riverside Park,Central Station,8,1.83,17.6
T201150,2025-05-15 10:33:00,member,electric,Union Square,Riverside Park,9.8,2.67,18.8
T201151,2025-05-15 11:13:00,casual,classic,Market Hall,Old Town,33.7,5.77,16.8
T201152,2025-05-15 12:26:00,casual,electric,City Hall,Old Town,26.3,6.16,17.4
T201153,2025-05-15 12:31:00,casual,classic,Union Square,Union Square,13.7,1.73,16.8
T201154,2025-05-15 13:09:00,member,electric,Central Station,Central Station,5,0.72,16.3
T201155,2025-05-15 13:45:00,member,classic,University Ave,Union Square,11.4,2.44,20.3
T201156,2025-05-15 15:01:00,casual,electric,Market Hall,Lakeside,3.7,1.07,17.6
T201157,2025-05-15 15:18:00,casual,electric,Central Station,Central Station,33.2,6.03,9.8
T201158,2025-05-15 15:56:00,casual,classic,Central Station,Union Square,18.8,3.35,15.1
T201159,2025-05-15 16:38:00,casual,electric,Lakeside,Central Station,25,7.45,22.1
T201160,2025-05-15 17:30:00,casual,electric,Tech Campus,University Ave,2,0.62,20
T201161,2025-05-15 17:44:00,casual,classic,Central Station,Union Square,18.9,3.95,17.5
T201162,2025-05-15 21:46:00,member,classic,Old Town,Market Hall,15,2.76,21.4
T201163,2025-05-16 07:21:00,member,classic,Riverside Park,Central Station,16.2,3.34,17.5
T201164,2025-05-16 07:29:00,member,classic,Market Hall,Stadium,7.4,1.57,18.5
T201165,2025-05-16 08:00:00,member,classic,Harbor Front,Central Station,11.1,1.95,15.5
T201166,2025-05-16 08:13:00,member,classic,Museum Mile,Market Hall,14.1,2.9,19.4
T201167,2025-05-16 08:34:00,member,electric,Old Town,Riverside Park,5.5,1.3,14
T201168,2025-05-16 08:52:00,member,electric,Lakeside,Lakeside,5.2,0.84,17.4
T201169,2025-05-16 09:55:00,member,electric,Harbor Front,Central Station,12.9,3.94,15.1
T201170,2025-05-16 10:34:00,member,electric,City Hall,University Ave,6.4,1.8,17.3
T201171,2025-05-16 12:44:00,casual,classic,Museum Mile,City Hall,30.7,6.05,12.8
T201172,2025-05-16 15:01:00,member,classic,Tech Campus,University Ave,14,2.84,24.1
T201173,2025-05-16 15:49:00,casual,classic,Market Hall,Harbor Front,24.8,4.79,15
T201174,2025-05-16 16:30:00,casual,classic,Lakeside,Riverside Park,28.7,6.51,18.8
T201175,2025-05-16 16:35:00,member,classic,Union Square,Union Square,7.7,0.82,12.7
T201176,2025-05-16 16:40:00,casual,classic,Old Town,Union Square,34.6,6.81,18.8
T201177,2025-05-16 17:00:00,member,classic,University Ave,University Ave,10.9,1.42,16.9
T201178,2025-05-16 17:10:00,casual,electric,University Ave,City Hall,19.3,5.33,20
T201179,2025-05-16 17:18:00,member,electric,University Ave,Stadium,2.7,0.78,20.7
T201180,2025-05-16 18:13:00,member,classic,Museum Mile,Union Square,13,2.78,14.5
T201181,2025-05-16 19:06:00,member,classic,Harbor Front,Riverside Park,10.2,2.31,16.9
T201182,2025-05-17 07:17:00,member,electric,Riverside Park,University Ave,12.3,3.76,17.7
T201183,2025-05-17 08:47:00,member,classic,Stadium,Stadium,10,1.35,16.1
T201184,2025-05-17 09:05:00,member,electric,City Hall,Market Hall,9.5,2.19,11
T201185,2025-05-17 09:29:00,member,classic,University Ave,Stadium,11,2.39,17.6
T201186,2025-05-17 10:05:00,member,classic,Old Town,Stadium,7.9,1.66,17.9
T201187,2025-05-17 11:28:00,casual,classic,Harbor Front,Harbor Front,24.8,2.62,18.4
T201188,2025-05-17 12:23:00,member,classic,Central Station,Riverside Park,9.7,1.64,17.9
T201189,2025-05-17 14:23:00,casual,electric,University Ave,Harbor Front,10.4,2.45,18.5
T201190,2025-05-17 15:19:00,member,electric,Union Square,University Ave,11.8,3.32,19.5
T201191,2025-05-17 16:28:00,casual,electric,Stadium,Central Station,25.9,7.21,18.9
T201192,2025-05-17 17:31:00,member,classic,Union Square,Old Town,12.2,2.3,17
T201193,2025-05-17 17:44:00,member,classic,University Ave,Stadium,2,0.43,16.8
T201194,2025-05-17 18:06:00,member,electric,Market Hall,Stadium,12.7,3.5,24.2
T201195,2025-05-17 18:09:00,casual,classic,Union Square,Union Square,2,0.3,21.3
T201196,2025-05-17 19:24:00,member,classic,Tech Campus,University Ave,14.5,3.21,18.5
T201197,2025-05-17 19:52:00,member,classic,Stadium,Old Town,5.8,1.16,15.2
T201198,2025-05-17 20:37:00,casual,classic,City Hall,Market Hall,30.2,5.72,11.9
T201199,2025-05-18 07:00:00,member,classic,Lakeside,Stadium,7.7,1.39,18.4
T201200,2025-05-18 07:09:00,member,classic,Union Square,Stadium,16.1,3.64,9.8
T201201,2025-05-18 07:27:00,member,classic,Old Town,Central Station,8.3,1.45,20.7
T201202,2025-05-18 08:10:00,member,electric,City Hall,Old Town,4,0.94,15.9
T201203,2025-05-18 08:51:00,member,electric,Market Hall,Lakeside,20.5,6.34,18.1
T201204,2025-05-18 12:39:00,casual,classic,Museum Mile,Tech Campus,3.4,0.65,26
T201205,2025-05-18 12:41:00,member,classic,Tech Campus,Stadium,7.6,1.51,25
T201206,2025-05-18 13:29:00,casual,classic,University Ave,Old Town,21.3,3.74,13.9
T201207,2025-05-18 13:34:00,casual,classic,Union Square,Tech Campus,21.5,4.22,19.7
T201208,2025-05-18 13:39:00,member,electric,Harbor Front,Market Hall,19.8,5.41,21.9
T201209,2025-05-18 14:19:00,casual,classic,Tech Campus,Tech Campus,24.5,3.09,17
T201210,2025-05-18 17:13:00,member,electric,Stadium,Stadium,8.7,1.28,14.6
T201211,2025-05-18 17:20:00,member,electric,Union Square,Old Town,11.9,3.12,25.2
T201212,2025-05-18 17:52:00,member,classic,Stadium,Lakeside,4.7,0.95,17
T201213,2025-05-18 18:24:00,member,classic,Lakeside,Riverside Park,26.6,4.94,15.5
T201214,2025-05-18 18:56:00,member,classic,Central Station,Union Square,10.9,1.92,19.6
T201215,2025-05-18 19:35:00,member,classic,Union Square,Museum Mile,3.9,0.65,20.1
T201216,2025-05-19 07:33:00,member,classic,University Ave,Central Station,10.7,2.38,15.3
T201217,2025-05-19 08:21:00,member,electric,Museum Mile,Old Town,14.9,4.44,17.1
T201218,2025-05-19 08:33:00,member,classic,Museum Mile,Market Hall,10.8,1.98,15.2
T201219,2025-05-19 09:08:00,member,classic,Tech Campus,Harbor Front,9.9,1.71,19
T201220,2025-05-19 09:32:00,member,electric,Central Station,Riverside Park,2.4,0.65,17.8
T201221,2025-05-19 12:30:00,member,classic,Harbor Front,Central Station,11.2,2.51,20.6
T201222,2025-05-19 14:51:00,casual,classic,Harbor Front,Museum Mile,19.9,4.43,14.4
T201223,2025-05-19 15:09:00,casual,classic,Stadium,Stadium,39.3,4.64,19.1
T201224,2025-05-19 15:54:00,member,classic,Lakeside,Stadium,10.6,2.3,28.4
T201225,2025-05-19 16:41:00,member,classic,Market Hall,Market Hall,16,2.18,14.5
T201226,2025-05-19 16:47:00,member,electric,Old Town,Tech Campus,13.6,3.55,12.9
T201227,2025-05-19 17:27:00,casual,electric,Tech Campus,City Hall,21.3,6.1,18.2
T201228,2025-05-19 17:33:00,member,classic,Lakeside,City Hall,23,4.51,15.8
T201229,2025-05-19 18:26:00,member,classic,Old Town,Museum Mile,8.1,1.79,15.6
T201230,2025-05-19 18:35:00,member,classic,Union Square,Museum Mile,2.4,0.42,22.6
T201231,2025-05-19 18:35:00,casual,electric,Riverside Park,University Ave,22.6,5.47,18.5
T201232,2025-05-19 18:40:00,casual,classic,City Hall,Stadium,19.1,4.25,20.1
T201233,2025-05-19 21:00:00,member,classic,Central Station,Museum Mile,7.2,1.59,17.2
T201234,2025-05-19 21:06:00,member,electric,Union Square,Old Town,19.4,5.9,16.5
T201235,2025-05-20 08:05:00,member,classic,Stadium,Stadium,16.8,2.17,15.4
T201236,2025-05-20 08:31:00,member,electric,Lakeside,Union Square,13.7,3.96,16.8
T201237,2025-05-20 08:49:00,member,electric,Market Hall,Museum Mile,4.5,1.13,10.2
T201238,2025-05-20 10:47:00,member,electric,Harbor Front,Old Town,6,1.63,13.9
T201239,2025-05-20 10:52:00,member,electric,Market Hall,Lakeside,10.8,2.89,13.9
T201240,2025-05-20 13:15:00,member,classic,Riverside Park,Tech Campus,11.5,2.48,15.9
T201241,2025-05-20 13:38:00,member,classic,Riverside Park,Old Town,12.1,2.47,15.2
T201242,2025-05-20 13:40:00,member,classic,Harbor Front,Riverside Park,2,0.39,12
T201243,2025-05-20 14:49:00,casual,classic,City Hall,Tech Campus,17,3.43,21.1
T201244,2025-05-20 15:20:00,casual,classic,Old Town,Market Hall,38.5,7.91,14.8
T201245,2025-05-20 16:00:00,casual,classic,Old Town,Market Hall,34.5,6.09,15.4
T201246,2025-05-20 16:12:00,member,electric,Central Station,Stadium,2.3,0.54,17.8
T201247,2025-05-20 16:42:00,casual,electric,Old Town,University Ave,8.7,2.24,20.4
T201248,2025-05-20 16:48:00,member,electric,Market Hall,Central Station,11.5,3.39,17.4
T201249,2025-05-20 17:15:00,member,classic,Harbor Front,Lakeside,11.5,2.28,15.8
T201250,2025-05-20 17:33:00,casual,electric,Old Town,Old Town,30.6,4.35,16.1
T201251,2025-05-20 17:33:00,member,classic,University Ave,Stadium,12.8,2.56,24.5
T201252,2025-05-20 18:27:00,member,electric,Tech Campus,Union Square,6.8,1.6,16.8
T201253,2025-05-20 18:50:00,member,electric,Central Station,Harbor Front,8.4,2.19,17.3
T201254,2025-05-20 18:53:00,member,electric,Central Station,Stadium,2,0.56,17.4
T201255,2025-05-20 19:15:00,casual,classic,Tech Campus,Harbor Front,24.8,4.18,25.2
T201256,2025-05-20 20:31:00,casual,electric,University Ave,Harbor Front,3.5,0.8,20.5
T201257,2025-05-21 07:31:00,member,classic,Stadium,University Ave,12.8,2.83,21
T201258,2025-05-21 08:18:00,member,electric,Central Station,City Hall,9.3,2.15,16.8
T201259,2025-05-21 08:51:00,member,classic,Market Hall,Union Square,13.6,2.67,18.2
T201260,2025-05-21 10:38:00,member,classic,Harbor Front,University Ave,7.2,1.58,20.3
T201261,2025-05-21 12:28:00,member,electric,Riverside Park,Lakeside,9.9,2.57,15.7
T201262,2025-05-21 12:46:00,member,classic,City Hall,City Hall,16,2.02,20.1
T201263,2025-05-21 12:53:00,member,classic,Museum Mile,Union Square,2,0.45,10.5
T201264,2025-05-21 13:06:00,member,classic,Riverside Park,Riverside Park,2,0.3,17.4
T201265,2025-05-21 15:24:00,casual,electric,Riverside Park,Riverside Park,6.9,1.11,14.6
T201266,2025-05-21 16:15:00,casual,classic,Museum Mile,University Ave,44.7,8.45,19.7
T201267,2025-05-21 16:18:00,member,classic,Museum Mile,Union Square,15,2.79,17.4
T201268,2025-05-21 16:23:00,casual,electric,Lakeside,Harbor Front,13.1,3.08,13.2
T201269,2025-05-21 16:52:00,member,electric,City Hall,City Hall,9.8,1.34,11.3
T201270,2025-05-21 16:57:00,member,electric,City Hall,City Hall,2,0.3,19.1
T201271,2025-05-21 17:04:00,member,electric,Union Square,Central Station,2,0.59,16.1
T201272,2025-05-21 17:17:00,member,classic,Riverside Park,Riverside Park,12,1.37,15.1
T201273,2025-05-21 17:19:00,member,classic,University Ave,University Ave,2,0.3,12.5
T201274,2025-05-21 17:27:00,member,classic,Harbor Front,Stadium,13.2,2.99,18.8
T201275,2025-05-21 17:35:00,casual,classic,University Ave,Central Station,24.3,5.45,12.5
T201276,2025-05-22 07:18:00,member,classic,City Hall,Union Square,14.2,3.25,18.9
T201277,2025-05-22 07:51:00,member,electric,Lakeside,Tech Campus,11,3.24,20.8
T201278,2025-05-22 08:31:00,member,electric,Central Station,Riverside Park,2,0.53,21.4
T201279,2025-05-22 09:40:00,member,classic,Harbor Front,Market Hall,15.1,2.86,15.1
T201280,2025-05-22 09:51:00,member,classic,University Ave,Lakeside,16.1,3.07,17.2
T201281,2025-05-22 10:55:00,casual,classic,Harbor Front,Harbor Front,17.5,2.04,18.1
T201282,2025-05-22 13:46:00,casual,classic,Central Station,Tech Campus,3.3,0.73,13.8
T201283,2025-05-22 17:12:00,member,classic,Stadium,Museum Mile,18.6,3.69,18.8
T201284,2025-05-22 17:13:00,member,classic,Riverside Park,Riverside Park,8.2,0.93,12.2
T201285,2025-05-22 17:54:00,member,classic,City Hall,City Hall,11.2,1.44,17.7
T201286,2025-05-22 18:46:00,member,classic,Lakeside,City Hall,8.4,1.57,17.6
T201287,2025-05-22 20:03:00,casual,classic,Old Town,Tech Campus,25.6,4.67,13.8
T201288,2025-05-22 21:52:00,member,classic,Union Square,Riverside Park,10.8,1.94,20.1
T201289,2025-05-23 07:11:00,member,electric,Lakeside,Lakeside,3.9,0.69,16.5
T201290,2025-05-23 08:24:00,member,electric,Riverside Park,Harbor Front,7,2.1,16.1
T201291,2025-05-23 08:38:00,member,classic,Stadium,Stadium,7.5,0.93,18.2
T201292,2025-05-23 08:43:00,member,electric,University Ave,University Ave,10,1.53,9.6
T201293,2025-05-23 08:53:00,member,electric,Tech Campus,Museum Mile,10.3,2.55,20.6
T201294,2025-05-23 08:54:00,member,classic,Stadium,Market Hall,2,0.39,13.8
T201295,2025-05-23 10:30:00,casual,classic,City Hall,Riverside Park,27.5,6.13,17.1
T201296,2025-05-23 12:29:00,member,classic,Lakeside,Riverside Park,12.9,2.2,18.8
T201297,2025-05-23 16:22:00,member,classic,Old Town,City Hall,15.5,2.79,24.4
T201298,2025-05-23 16:52:00,casual,electric,Stadium,Stadium,20.2,3.08,22.4
T201299,2025-05-23 17:22:00,member,electric,Lakeside,University Ave,3.4,0.93,16.1
T201300,2025-05-23 17:34:00,casual,electric,Harbor Front,Union Square,15.2,3.73,13.2
T201301,2025-05-23 18:28:00,member,classic,City Hall,Old Town,22.8,4.68,16.8
T201302,2025-05-23 18:41:00,casual,classic,Museum Mile,Union Square,39.1,8.01,18.1
T201303,2025-05-24 08:21:00,member,classic,Stadium,Central Station,17.4,3.22,15.9
T201304,2025-05-24 09:37:00,member,classic,Old Town,Stadium,18.6,3.35,18.3
T201305,2025-05-24 11:30:00,casual,electric,Market Hall,City Hall,17,4.77,21.3
T201306,2025-05-24 12:45:00,casual,classic,Museum Mile,University Ave,13.4,2.36,12.4
T201307,2025-05-24 13:01:00,member,classic,Riverside Park,Museum Mile,2.6,0.58,20.9
T201308,2025-05-24 15:25:00,member,classic,University Ave,Market Hall,2.5,0.54,15.8
T201309,2025-05-24 15:48:00,member,electric,Central Station,Stadium,9.2,2.32,19.7
T201310,2025-05-24 16:12:00,member,electric,Union Square,City Hall,13.5,3.69,18.8
T201311,2025-05-24 16:33:00,casual,classic,City Hall,Central Station,19.1,3.97,15.6
T201312,2025-05-24 16:52:00,member,electric,Central Station,Union Square,17.6,4.44,19.2
T201313,2025-05-24 17:11:00,member,electric,City Hall,City Hall,11.6,1.63,15.6
T201314,2025-05-24 17:44:00,member,electric,Old Town,Old Town,11.5,2.02,19.4
T201315,2025-05-24 17:44:00,member,classic,Union Square,Market Hall,5.6,1.11,17.7
T201316,2025-05-24 18:00:00,casual,electric,Harbor Front,Lakeside,3.4,0.79,20.4
T201317,2025-05-24 18:11:00,member,classic,Union Square,City Hall,8.3,1.45,16
T201318,2025-05-24 18:32:00,member,electric,Market Hall,Union Square,9.5,2.3,15.9
T201319,2025-05-24 19:24:00,member,classic,Lakeside,Old Town,10.9,2.11,22.4
T201320,2025-05-24 19:45:00,member,electric,Central Station,Old Town,4.1,1.04,19.9
T201321,2025-05-24 19:52:00,casual,classic,Tech Campus,Tech Campus,39.3,4.75,20.7
T201322,2025-05-25 08:20:00,member,electric,Old Town,Lakeside,15.8,4.37,19
T201323,2025-05-25 10:46:00,casual,classic,Stadium,University Ave,36.8,7.92,18.7
T201324,2025-05-25 12:31:00,member,electric,Museum Mile,Tech Campus,12.8,3.63,15.7
T201325,2025-05-25 13:21:00,member,electric,Harbor Front,Harbor Front,10.9,1.63,15.5
T201326,2025-05-25 13:23:00,member,electric,University Ave,Tech Campus,4.3,1.32,18.6
T201327,2025-05-25 14:52:00,casual,classic,Central Station,Harbor Front,2,0.39,12.7
T201328,2025-05-25 15:35:00,casual,classic,Lakeside,Lakeside,2.5,0.33,21.6
T201329,2025-05-25 17:29:00,member,classic,Central Station,Harbor Front,19.4,4.13,14.5
T201330,2025-05-25 18:00:00,casual,electric,Market Hall,City Hall,12,2.75,15.1
T201331,2025-05-25 18:17:00,casual,classic,Harbor Front,Old Town,41.5,7.66,13.6
T201332,2025-05-25 18:46:00,casual,electric,City Hall,Central Station,2,0.47,18.5
T201333,2025-05-25 18:57:00,member,classic,Market Hall,Old Town,2,0.37,13
T201334,2025-05-25 19:30:00,member,classic,Museum Mile,Union Square,13.7,3.08,17.6
T201335,2025-05-25 19:39:00,member,classic,Tech Campus,Union Square,2,0.38,20.9
T201336,2025-05-26 07:31:00,member,classic,Museum Mile,Market Hall,4,0.88,19.4
T201337,2025-05-26 07:35:00,member,electric,City Hall,Central Station,15,3.92,22.4
T201338,2025-05-26 08:42:00,member,electric,Riverside Park,Harbor Front,7.1,2.17,15.2
T201339,2025-05-26 08:56:00,member,classic,Old Town,City Hall,12.3,2.33,18.7
T201340,2025-05-26 09:47:00,member,classic,Lakeside,City Hall,8.3,1.42,16.2
T201341,2025-05-26 10:16:00,member,classic,University Ave,Old Town,9.9,1.96,17.9
T201342,2025-05-26 12:38:00,casual,classic,Riverside Park,Riverside Park,11.4,1.53,14.9
T201343,2025-05-26 13:29:00,casual,electric,Lakeside,Harbor Front,23.9,6.87,20.1
T201344,2025-05-26 14:55:00,casual,electric,University Ave,Stadium,26.1,6.19,17.6
T201345,2025-05-26 16:10:00,member,electric,University Ave,Tech Campus,14.7,3.84,18.8
T201346,2025-05-26 16:10:00,casual,electric,Riverside Park,Union Square,13.6,4.02,17.2
T201347,2025-05-26 19:03:00,member,classic,Market Hall,Market Hall,11.4,1.27,19.9
T201348,2025-05-27 07:06:00,member,classic,Harbor Front,Union Square,8.1,1.77,14.8
T201349,2025-05-27 08:10:00,member,classic,Riverside Park,Museum Mile,13.3,2.59,21.6
T201350,2025-05-27 08:44:00,member,electric,Lakeside,Market Hall,7.9,2.39,15.3
T201351,2025-05-27 08:46:00,member,electric,Museum Mile,Museum Mile,24.1,3.56,11.2
T201352,2025-05-27 08:50:00,member,classic,Market Hall,Stadium,2.8,0.64,16.5
T201353,2025-05-27 11:51:00,casual,electric,Market Hall,University Ave,10.5,2.9,20.5
T201354,2025-05-27 12:41:00,member,classic,Museum Mile,Riverside Park,15.8,2.81,20.3
T201355,2025-05-27 14:02:00,casual,classic,Museum Mile,Lakeside,11.4,2.25,17.2
T201356,2025-05-27 15:39:00,casual,classic,Central Station,Harbor Front,35.8,6.47,17.8
T201357,2025-05-27 16:06:00,casual,electric,Union Square,Old Town,16.7,4.97,15.9
T201358,2025-05-27 16:51:00,member,electric,Stadium,City Hall,18.8,4.31,18.9
T201359,2025-05-27 17:38:00,member,electric,Museum Mile,Museum Mile,8.1,1.32,13.8
T201360,2025-05-27 17:48:00,member,electric,University Ave,Central Station,11,2.9,21.7
T201361,2025-05-27 20:21:00,casual,classic,Harbor Front,Lakeside,22.3,4.84,17.1
T201362,2025-05-27 21:11:00,member,electric,City Hall,Riverside Park,3.7,1.06,13.4
T201363,2025-05-28 08:40:00,member,electric,Riverside Park,Tech Campus,9.4,2.51,21.8
T201364,2025-05-28 10:22:00,member,electric,Lakeside,City Hall,4.6,1.25,17.3
T201365,2025-05-28 12:17:00,casual,classic,Museum Mile,Museum Mile,14.4,1.92,18.3
T201366,2025-05-28 14:07:00,casual,electric,City Hall,City Hall,19.8,3.18,18.7
T201367,2025-05-28 17:36:00,member,classic,Market Hall,Riverside Park,16.1,3.16,19.1
T201368,2025-05-28 17:49:00,member,classic,Old Town,Stadium,20.2,4.09,16.5
T201369,2025-05-28 18:58:00,member,classic,Central Station,City Hall,13.5,2.51,21.3
T201370,2025-05-28 21:40:00,member,classic,Central Station,Old Town,10,1.8,16
T201371,2025-06-01 07:06:00,member,classic,Stadium,Old Town,14.1,2.68,23.3
T201372,2025-06-01 07:25:00,member,classic,Tech Campus,Old Town,5.8,1.15,18.4
T201373,2025-06-01 08:05:00,member,classic,University Ave,Tech Campus,19.5,3.63,20.8
T201374,2025-06-01 08:30:00,member,electric,Market Hall,Stadium,17.6,4.2,21.8
T201375,2025-06-01 08:35:00,member,classic,Riverside Park,Lakeside,12.5,2.63,18.7
T201376,2025-06-01 08:49:00,member,classic,University Ave,Stadium,5.8,1.14,30.1
T201377,2025-06-01 10:00:00,casual,classic,Stadium,Museum Mile,13.4,2.65,22
T201378,2025-06-01 12:11:00,member,classic,City Hall,Riverside Park,7.9,1.58,22.9
T201379,2025-06-01 12:48:00,casual,classic,Tech Campus,City Hall,18.1,4.1,21.5
T201380,2025-06-01 13:27:00,member,classic,Lakeside,Stadium,2,0.36,21
T201381,2025-06-01 13:53:00,member,electric,Harbor Front,Harbor Front,14.7,2.16,21.3
T201382,2025-06-01 15:35:00,casual,classic,Lakeside,Museum Mile,13.3,2.53,21.1
T201383,2025-06-01 16:32:00,member,classic,Tech Campus,Central Station,12.6,2.61,26.6
T201384,2025-06-01 17:28:00,member,electric,University Ave,Lakeside,11.8,3.12,20.7
T201385,2025-06-01 17:58:00,member,classic,Museum Mile,Museum Mile,5.1,0.67,18.9
T201386,2025-06-01 18:15:00,member,electric,Harbor Front,Market Hall,10.6,3.06,14.2
T201387,2025-06-01 18:30:00,member,classic,City Hall,Stadium,20.6,4,23.7
T201388,2025-06-01 19:07:00,casual,classic,Union Square,Union Square,9.3,1.1,19.2
T201389,2025-06-01 19:23:00,member,electric,Harbor Front,City Hall,9.5,2.57,20.3
T201390,2025-06-02 08:27:00,member,electric,Stadium,Market Hall,12.6,3.86,18
T201391,2025-06-02 08:46:00,member,electric,Harbor Front,Stadium,7,2.16,24.1
T201392,2025-06-02 09:54:00,member,classic,University Ave,Central Station,12.9,2.34,22.9
T201393,2025-06-02 10:05:00,casual,classic,City Hall,Lakeside,19.1,4.37,25.6
T201394,2025-06-02 10:08:00,member,electric,Old Town,Riverside Park,10.5,2.75,20.2
T201395,2025-06-02 11:13:00,casual,electric,Union Square,Old Town,17.9,4.39,23.5
T201396,2025-06-02 12:14:00,casual,classic,Old Town,Riverside Park,16.8,2.92,25.9
T201397,2025-06-02 12:59:00,member,electric,Market Hall,Riverside Park,3.8,0.93,26.3
T201398,2025-06-02 13:41:00,casual,electric,Museum Mile,Union Square,19.9,5.76,21.4
T201399,2025-06-02 15:38:00,casual,classic,Stadium,Stadium,23.6,2.99,29.7
T201400,2025-06-02 16:50:00,member,classic,University Ave,Riverside Park,9.4,1.74,24.4
T201401,2025-06-02 17:08:00,member,classic,City Hall,Riverside Park,23.3,4.77,21.4
T201402,2025-06-02 19:36:00,member,classic,Union Square,Stadium,19.6,3.7,20.4
T201403,2025-06-02 19:58:00,casual,electric,Harbor Front,Market Hall,10.2,2.45,30.9
T201404,2025-06-02 20:37:00,casual,classic,Central Station,Riverside Park,35.6,6.48,23.2
T201405,2025-06-03 07:08:00,member,classic,Union Square,Museum Mile,10.2,1.71,18.5
T201406,2025-06-03 07:43:00,member,electric,Market Hall,Harbor Front,9.8,2.54,26.1
T201407,2025-06-03 08:13:00,member,electric,Market Hall,Riverside Park,17.7,4.09,24.3
T201408,2025-06-03 08:28:00,member,electric,Riverside Park,University Ave,6.4,1.57,18.8
T201409,2025-06-03 08:33:00,member,electric,Central Station,Union Square,12.6,3.74,19.3
T201410,2025-06-03 08:45:00,member,classic,Old Town,Stadium,5.8,1.17,20.4
T201411,2025-06-03 12:23:00,member,classic,Riverside Park,Lakeside,14.3,2.67,21.4
T201412,2025-06-03 12:32:00,casual,electric,Union Square,Market Hall,16.9,5.13,20
T201413,2025-06-03 13:08:00,member,classic,City Hall,Market Hall,16.6,3.8,25.3
T201414,2025-06-03 13:10:00,casual,classic,Lakeside,Central Station,36.5,6.45,26.8
T201415,2025-06-03 14:21:00,casual,classic,Central Station,Lakeside,11.3,2.33,20.7
T201416,2025-06-03 15:29:00,member,classic,Old Town,Market Hall,22.1,3.93,20.2
T201417,2025-06-03 16:34:00,member,classic,Union Square,Harbor Front,7.5,1.72,21.8
T201418,2025-06-03 16:44:00,casual,classic,Riverside Park,Riverside Park,27.3,3.4,21.4
T201419,2025-06-03 16:57:00,casual,electric,Riverside Park,Tech Campus,10.4,3.15,23.6
T201420,2025-06-03 17:36:00,casual,electric,City Hall,Riverside Park,14.4,4.22,24.4
T201421,2025-06-03 17:37:00,member,electric,University Ave,Central Station,16.1,3.91,22.4
T201422,2025-06-03 17:47:00,casual,electric,Lakeside,Old Town,15.1,3.78,25.4
T201423,2025-06-03 17:53:00,member,electric,Museum Mile,Museum Mile,13.3,2.42,17.3
T201424,2025-06-03 18:14:00,member,electric,Lakeside,Museum Mile,13.6,3.64,23.8
T201425,2025-06-03 19:19:00,member,classic,Old Town,Market Hall,2.4,0.42,25.6
T201426,2025-06-03 20:29:00,casual,classic,Old Town,Riverside Park,2,0.35,24.5
T201427,2025-06-04 07:11:00,member,electric,Tech Campus,Union Square,5.1,1.16,24.5
T201428,2025-06-04 08:21:00,member,classic,Riverside Park,Riverside Park,8.7,1.14,25.6
T201429,2025-06-04 08:47:00,member,electric,Old Town,Union Square,11.5,3.42,23.5
T201430,2025-06-04 08:49:00,member,classic,Museum Mile,Lakeside,9.3,1.56,18.1
T201431,2025-06-04 09:25:00,member,electric,Market Hall,Riverside Park,16.4,4.78,24.8
T201432,2025-06-04 09:27:00,member,electric,Market Hall,Lakeside,7.3,1.94,26.6
T201433,2025-06-04 10:58:00,member,classic,Stadium,Market Hall,12.6,2.46,20
T201434,2025-06-04 13:35:00,member,classic,Museum Mile,Stadium,4,0.91,21.1
T201435,2025-06-04 13:42:00,member,classic,Stadium,Union Square,16.3,3.1,21.7
T201436,2025-06-04 14:30:00,casual,electric,University Ave,Union Square,10,2.56,23.9
T201437,2025-06-04 15:01:00,casual,classic,Old Town,Stadium,23.4,4.32,22.7
T201438,2025-06-04 15:13:00,member,classic,Museum Mile,Riverside Park,16.9,3.81,18.5
T201439,2025-06-04 15:30:00,casual,classic,Tech Campus,University Ave,13.9,2.43,23.4
T201440,2025-06-04 15:32:00,member,classic,Union Square,Lakeside,3.6,0.77,25.5
T201441,2025-06-04 15:49:00,member,classic,Museum Mile,Riverside Park,11.9,2.68,24.5
T201442,2025-06-04 17:17:00,member,classic,Tech Campus,Museum Mile,8.6,1.53,21.7
T201443,2025-06-04 17:21:00,member,classic,Tech Campus,Tech Campus,2,0.3,21.7
T201444,2025-06-04 17:27:00,casual,classic,Central Station,Tech Campus,38.8,7.23,19.7
T201445,2025-06-04 19:14:00,member,electric,City Hall,Market Hall,9.8,2.69,21
T201446,2025-06-04 20:52:00,casual,electric,City Hall,Lakeside,22.2,5.54,21.8
T201447,2025-06-05 07:29:00,member,electric,Tech Campus,Union Square,12.6,3.23,21
T201448,2025-06-05 08:27:00,member,electric,University Ave,Lakeside,10.4,2.56,25.2
T201449,2025-06-05 09:41:00,member,electric,University Ave,Riverside Park,11.2,2.87,22.2
T201450,2025-06-05 12:11:00,casual,classic,Union Square,Union Square,2,0.3,15.9
T201451,2025-06-05 14:15:00,casual,electric,Central Station,Harbor Front,18.4,4.78,20.2
T201452,2025-06-05 14:23:00,casual,electric,Old Town,Old Town,17.1,2.56,22.6
T201453,2025-06-05 14:30:00,casual,electric,Central Station,City Hall,26.1,6.07,23.9
T201454,2025-06-05 15:52:00,casual,electric,Riverside Park,Tech Campus,17.6,4.06,23.5
T201455,2025-06-05 16:34:00,member,classic,Old Town,Old Town,5.9,0.76,23.9
T201456,2025-06-05 16:59:00,casual,classic,Market Hall,Old Town,40.3,7.16,22.6
T201457,2025-06-05 17:13:00,casual,classic,Union Square,City Hall,18.3,3.93,21.1
T201458,2025-06-05 17:13:00,member,electric,Central Station,Market Hall,5.3,1.49,20.1
T201459,2025-06-05 17:40:00,casual,classic,Harbor Front,Museum Mile,15.7,3.56,22.2
T201460,2025-06-05 17:49:00,member,electric,Market Hall,Stadium,10.9,3.16,22.2
T201461,2025-06-05 19:18:00,member,classic,Riverside Park,Market Hall,10.3,2.09,21.6
T201462,2025-06-05 19:24:00,member,classic,Lakeside,Lakeside,18.2,2.34,21
T201463,2025-06-05 21:10:00,member,classic,Lakeside,Market Hall,17.3,3.78,18.2
T201464,2025-06-06 07:01:00,member,classic,Union Square,City Hall,13.4,2.68,28.1
T201465,2025-06-06 07:35:00,member,electric,Riverside Park,Union Square,2.1,0.54,21.6
T201466,2025-06-06 08:45:00,member,classic,Central Station,Riverside Park,25.5,5.27,21.2
T201467,2025-06-06 08:47:00,member,classic,Lakeside,Old Town,11,2.5,23.1
T201468,2025-06-06 08:53:00,member,classic,Union Square,Riverside Park,13.3,2.41,23
T201469,2025-06-06 09:05:00,member,electric,Stadium,Union Square,7.6,1.99,25.9
T201470,2025-06-06 09:05:00,member,classic,City Hall,Old Town,8.1,1.38,26
T201471,2025-06-06 13:28:00,member,electric,Union Square,Market Hall,15,4.64,22.3
T201472,2025-06-06 13:56:00,casual,classic,Market Hall,City Hall,16.6,3.49,24.7
T201473,2025-06-06 13:59:00,member,electric,Riverside Park,City Hall,2,0.5,24.3
T201474,2025-06-06 14:48:00,casual,electric,Museum Mile,Museum Mile,12.3,2.01,24.5
T201475,2025-06-06 14:58:00,casual,electric,Lakeside,Harbor Front,23.8,6.82,25.3
T201476,2025-06-06 16:02:00,member,classic,Stadium,Stadium,7,0.95,21.4
T201477,2025-06-06 17:31:00,member,electric,Market Hall,Old Town,3.6,1.07,24.3
T201478,2025-06-06 17:37:00,member,classic,Tech Campus,Museum Mile,6.9,1.47,29.5
T201479,2025-06-06 17:41:00,casual,classic,City Hall,Harbor Front,31.6,6.76,22.4
T201480,2025-06-06 17:42:00,member,electric,Harbor Front,Market Hall,9.8,2.38,23.4
T201481,2025-06-06 17:50:00,member,electric,Harbor Front,Harbor Front,3.4,0.5,25.8
T201482,2025-06-06 18:33:00,member,classic,Lakeside,Riverside Park,6.1,1.04,25.5
T201483,2025-06-06 19:55:00,member,electric,Tech Campus,Museum Mile,15.6,4.62,20.3
T201484,2025-06-06 21:21:00,member,electric,University Ave,University Ave,18.4,2.82,21.6
T201485,2025-06-06 21:21:00,member,classic,Stadium,Harbor Front,20.6,4.2,16.5
T201486,2025-06-07 07:00:00,member,classic,Museum Mile,Museum Mile,9.5,1.12,14.6
T201487,2025-06-07 08:36:00,member,electric,Lakeside,City Hall,5.4,1.32,24.2
T201488,2025-06-07 10:43:00,casual,classic,Central Station,Central Station,32.2,3.95,19.4
T201489,2025-06-07 11:41:00,casual,classic,Riverside Park,Museum Mile,20.9,3.93,22.5
T201490,2025-06-07 12:00:00,member,classic,Market Hall,Tech Campus,10.1,2.21,20.9
T201491,2025-06-07 12:24:00,casual,electric,University Ave,Tech Campus,24.1,6.08,23.1
T201492,2025-06-07 12:40:00,casual,classic,Riverside Park,Old Town,16,3.41,23.3
T201493,2025-06-07 13:32:00,member,classic,Market Hall,Harbor Front,6.4,1.21,18.8
T201494,2025-06-07 13:43:00,casual,classic,University Ave,Museum Mile,18.5,3.9,28
T201495,2025-06-07 14:06:00,casual,classic,Market Hall,Old Town,61.6,12.52,23.8
T201496,2025-06-07 14:36:00,casual,electric,Market Hall,Tech Campus,33.2,7.86,23
T201497,2025-06-07 15:37:00,casual,classic,University Ave,Museum Mile,28.8,5.71,23.3
T201498,2025-06-07 16:06:00,member,electric,Lakeside,City Hall,8.5,2.53,21.8
T201499,2025-06-07 16:08:00,member,classic,Central Station,Stadium,8.2,1.58,23.7
T201500,2025-06-07 16:44:00,casual,electric,Central Station,Central Station,16.1,2.93,26.2
T201501,2025-06-07 16:59:00,casual,classic,Tech Campus,Stadium,31.9,6.29,19.3
T201502,2025-06-07 17:24:00,member,electric,Riverside Park,Lakeside,10.7,2.63,23.6
T201503,2025-06-07 18:14:00,member,classic,Market Hall,Harbor Front,11.4,2.16,25.7
T201504,2025-06-07 18:16:00,member,electric,Riverside Park,Stadium,8.2,1.9,27.7
T201505,2025-06-07 19:25:00,member,electric,Harbor Front,Union Square,5.4,1.62,21.7
T201506,2025-06-08 07:08:00,member,classic,Stadium,University Ave,6.4,1.27,17.7
T201507,2025-06-08 08:03:00,member,classic,Lakeside,City Hall,13,2.18,24
T201508,2025-06-08 08:27:00,member,classic,Old Town,Central Station,19.1,3.37,26.1
T201509,2025-06-08 08:34:00,member,electric,Union Square,Union Square,12.2,2.08,24.7
T201510,2025-06-08 08:46:00,member,classic,Old Town,University Ave,5,0.88,21.7
T201511,2025-06-08 09:22:00,member,classic,Museum Mile,Museum Mile,22.4,2.89,23.9
T201512,2025-06-08 10:33:00,member,electric,Harbor Front,Harbor Front,6.5,0.9,30.2
T201513,2025-06-08 10:50:00,member,electric,Central Station,Riverside Park,11.3,3.31,22.1
T201514,2025-06-08 12:03:00,member,electric,Old Town,Stadium,6.9,1.82,22.1
T201515,2025-06-08 12:45:00,casual,electric,Union Square,Union Square,15.5,2.7,18.1
T201516,2025-06-08 13:34:00,member,electric,Stadium,City Hall,21.5,6.14,23.3
T201517,2025-06-08 14:34:00,casual,classic,Harbor Front,Lakeside,37.5,6.99,22.3
T201518,2025-06-08 14:45:00,casual,electric,Lakeside,Harbor Front,34.7,8.19,21.3
T201519,2025-06-08 15:07:00,member,classic,Central Station,Stadium,19.6,4.2,22.6
T201520,2025-06-08 16:21:00,member,classic,Central Station,Central Station,14.2,1.76,22.2
T201521,2025-06-08 16:26:00,member,electric,Riverside Park,University Ave,2.8,0.77,18.2
T201522,2025-06-08 16:28:00,member,electric,Stadium,Old Town,2,0.58,25
T201523,2025-06-08 16:44:00,casual,classic,Central Station,Stadium,40.1,7.84,18
T201524,2025-06-08 17:05:00,member,electric,Old Town,Old Town,13.7,2.45,22.8
T201525,2025-06-08 17:10:00,member,electric,Market Hall,Market Hall,20,3.03,22.1
T201526,2025-06-08 18:41:00,member,classic,University Ave,Tech Campus,15.2,3.01,26.6
T201527,2025-06-08 18:47:00,member,electric,Lakeside,Market Hall,15.1,4.37,24.1
T201528,2025-06-08 19:30:00,member,classic,Harbor Front,Riverside Park,17.1,3.23,18.6
T201529,2025-06-08 19:58:00,member,classic,Riverside Park,Old Town,7.8,1.39,18.7
T201530,2025-06-08 20:32:00,casual,electric,Riverside Park,Union Square,30.1,9.34,21.7
T201531,2025-06-09 08:32:00,member,electric,Market Hall,Harbor Front,17.8,5.16,23.8
T201532,2025-06-09 08:42:00,member,classic,Old Town,Old Town,6.9,0.71,24.8
T201533,2025-06-09 08:49:00,member,electric,Union Square,Riverside Park,6.7,1.75,21.7
T201534,2025-06-09 09:05:00,member,classic,City Hall,Riverside Park,18.3,3.91,22.6
T201535,2025-06-09 09:18:00,member,classic,Stadium,Market Hall,2,0.34,21.1
T201536,2025-06-09 09:46:00,member,electric,Market Hall,Stadium,16.5,3.91,25.5
T201537,2025-06-09 09:55:00,member,classic,City Hall,Museum Mile,7.9,1.51,24.9
T201538,2025-06-09 10:34:00,member,classic,Harbor Front,Harbor Front,5.7,0.74,21
T201539,2025-06-09 11:17:00,casual,classic,Stadium,Old Town,29.3,5.43,22.2
T201540,2025-06-09 12:16:00,casual,electric,Old Town,Union Square,27.4,6.22,24.7
T201541,2025-06-09 12:43:00,member,classic,Riverside Park,Harbor Front,6.9,1.23,23.8
T201542,2025-06-09 12:47:00,member,electric,Stadium,Stadium,7.4,1.3,21.4
T201543,2025-06-09 13:32:00,casual,classic,Tech Campus,Market Hall,36.9,7.04,18.5
T201544,2025-06-09 14:06:00,casual,electric,University Ave,University Ave,12.9,2.2,23.9
T201545,2025-06-09 14:46:00,casual,electric,Tech Campus,Riverside Park,25.4,5.99,26.6
T201546,2025-06-09 15:39:00,member,classic,Old Town,University Ave,9.2,2.07,17.6
T201547,2025-06-09 15:46:00,casual,electric,University Ave,Union Square,22.7,6.46,26.4
T201548,2025-06-09 15:54:00,casual,classic,Central Station,Central Station,20.5,2.43,19.6
T201549,2025-06-09 16:07:00,member,electric,City Hall,City Hall,8.7,1.24,21.4
T201550,2025-06-09 16:19:00,casual,classic,Union Square,Harbor Front,25.8,4.44,20.8
T201551,2025-06-09 17:10:00,casual,classic,Stadium,Harbor Front,10.9,2.28,25.7
T201552,2025-06-09 17:35:00,member,classic,Lakeside,Stadium,10.3,1.86,19.4
T201553,2025-06-09 17:37:00,member,electric,Market Hall,Market Hall,8.6,1.41,20.7
T201554,2025-06-09 17:53:00,member,electric,Riverside Park,City Hall,17.1,4.07,22.8
T201555,2025-06-09 18:25:00,member,classic,Stadium,Stadium,11.8,1.55,21.8
T201556,2025-06-09 18:30:00,member,electric,Market Hall,Old Town,2.8,0.79,28.7
T201557,2025-06-09 18:57:00,member,electric,Market Hall,Harbor Front,7,2.09,25.2
T201558,2025-06-09 20:53:00,casual,classic,Old Town,Museum Mile,14.2,2.44,20.7
T201559,2025-06-10 09:14:00,member,classic,Museum Mile,University Ave,5.8,1.12,25.9
T201560,2025-06-10 09:23:00,member,classic,Stadium,Union Square,14.8,3.23,27
T201561,2025-06-10 09:34:00,member,classic,Market Hall,City Hall,9.8,2.17,19.3
T201562,2025-06-10 10:44:00,member,classic,Old Town,University Ave,12.7,2.23,21.4
T201563,2025-06-10 11:19:00,casual,electric,Lakeside,Stadium,25.8,7.86,21.8
T201564,2025-06-10 11:28:00,casual,classic,Stadium,Union Square,32.3,6.18,21.7
T201565,2025-06-10 13:09:00,member,classic,City Hall,Union Square,9.1,1.77,18
T201566,2025-06-10 15:37:00,casual,classic,Harbor Front,Tech Campus,4.2,0.91,22.1
T201567,2025-06-10 16:01:00,casual,classic,Museum Mile,Tech Campus,45,8.48,17.2
T201568,2025-06-10 17:37:00,member,classic,Museum Mile,Union Square,10.2,2.04,23.2
T201569,2025-06-10 17:39:00,casual,classic,Old Town,Harbor Front,13.4,2.63,22.1
T201570,2025-06-10 17:41:00,member,electric,City Hall,Old Town,3.1,0.93,22
T201571,2025-06-10 17:44:00,member,classic,University Ave,Riverside Park,4.2,0.83,27.8
T201572,2025-06-10 17:49:00,member,electric,Market Hall,Market Hall,11.9,1.67,25.2
T201573,2025-06-10 18:17:00,member,classic,Museum Mile,Tech Campus,8.6,1.69,22.5
T201574,2025-06-10 18:38:00,member,classic,Riverside Park,Museum Mile,6.2,1.22,23.2
T201575,2025-06-10 20:43:00,casual,classic,Lakeside,Lakeside,31.3,4.07,24.1
T201576,2025-06-11 07:13:00,member,classic,Old Town,Stadium,11.6,2.64,21
T201577,2025-06-11 07:34:00,member,classic,Union Square,Market Hall,8.7,1.92,22.9
T201578,2025-06-11 08:19:00,member,classic,Harbor Front,Lakeside,14.7,2.86,24.2
T201579,2025-06-11 09:02:00,member,electric,Market Hall,Market Hall,12.8,1.83,26.2
T201580,2025-06-11 09:35:00,member,classic,Museum Mile,Stadium,10.9,2.05,25.9
T201581,2025-06-11 09:58:00,member,electric,Riverside Park,Riverside Park,4.7,0.87,20.6
T201582,2025-06-11 10:07:00,member,electric,Union Square,Tech Campus,13.5,3.54,23.2
T201583,2025-06-11 11:38:00,casual,classic,Market Hall,Old Town,19.5,4.35,20.3
T201584,2025-06-11 12:50:00,member,classic,Stadium,Stadium,10,1.31,23.4
T201585,2025-06-11 16:56:00,member,classic,Riverside Park,Old Town,17.6,3.93,23.4
T201586,2025-06-11 17:35:00,member,classic,Union Square,Union Square,14.4,1.84,22.2
T201587,2025-06-11 17:35:00,member,electric,Museum Mile,Harbor Front,17.4,5.26,27.7
T201588,2025-06-11 17:46:00,member,electric,Central Station,Museum Mile,11.8,2.68,22
T201589,2025-06-11 18:54:00,member,electric,Tech Campus,Museum Mile,6,1.61,16.2
T201590,2025-06-11 19:43:00,member,electric,Museum Mile,City Hall,12.7,3.92,23
T201591,2025-06-11 20:02:00,casual,classic,Tech Campus,Union Square,8.8,1.53,31.5
T201592,2025-06-11 20:25:00,casual,electric,Tech Campus,Riverside Park,31.3,8.49,26.9
T201593,2025-06-12 07:49:00,member,classic,Tech Campus,Market Hall,2,0.35,22.3
T201594,2025-06-12 08:06:00,member,classic,Tech Campus,Market Hall,17.2,3.4,26
T201595,2025-06-12 08:34:00,member,classic,Riverside Park,Harbor Front,2,0.42,25.2
T201596,2025-06-12 09:32:00,member,classic,Tech Campus,Harbor Front,4.1,0.9,22.9
T201597,2025-06-12 10:21:00,member,classic,Union Square,Tech Campus,10.2,2.05,24.7
T201598,2025-06-12 10:28:00,member,classic,University Ave,Lakeside,27.1,4.78,25.9
T201599,2025-06-12 11:36:00,casual,classic,Stadium,City Hall,5.5,1.2,24.3
T201600,2025-06-12 12:10:00,member,classic,Union Square,Museum Mile,18.2,3.14,22.6
T201601,2025-06-12 12:26:00,casual,electric,City Hall,Old Town,24.7,6.25,25.1
T201602,2025-06-12 13:11:00,casual,electric,Stadium,Stadium,39.6,5.55,27.3
T201603,2025-06-12 14:29:00,casual,classic,City Hall,Tech Campus,30,6.59,28.7
T201604,2025-06-12 16:34:00,casual,electric,Old Town,Riverside Park,2.2,0.56,13.9
T201605,2025-06-12 16:51:00,member,classic,Lakeside,Union Square,19.1,3.75,20
T201606,2025-06-12 17:45:00,member,classic,Harbor Front,Central Station,9,1.59,18.9
T201607,2025-06-12 18:02:00,casual,electric,Market Hall,Tech Campus,18.1,4.52,22.4
T201608,2025-06-12 18:06:00,member,classic,Harbor Front,Museum Mile,9.6,1.7,20.1
T201609,2025-06-12 18:31:00,member,classic,Central Station,Stadium,9.6,2.14,22.7
T201610,2025-06-12 19:40:00,member,electric,City Hall,City Hall,8.6,1.44,26.8
T201611,2025-06-13 08:07:00,member,classic,Harbor Front,Museum Mile,20.4,4.26,22.7
T201612,2025-06-13 08:34:00,member,electric,Harbor Front,Old Town,4.9,1.17,27.8
T201613,2025-06-13 08:35:00,member,electric,City Hall,City Hall,5.5,0.95,25.2
T201614,2025-06-13 09:24:00,member,classic,Central Station,University Ave,20.2,3.96,22.5
T201615,2025-06-13 13:14:00,casual,classic,Harbor Front,Lakeside,2,0.4,25
T201616,2025-06-13 15:02:00,member,electric,Central Station,Union Square,9.8,2.38,20.2
T201617,2025-06-13 16:11:00,member,classic,Old Town,Harbor Front,15.9,3.13,23.1
T201618,2025-06-13 16:12:00,member,classic,Union Square,Lakeside,15.8,3.32,23.4
T201619,2025-06-13 17:25:00,member,electric,Union Square,Union Square,13.3,1.84,22.8
T201620,2025-06-13 21:19:00,member,electric,Riverside Park,Riverside Park,11,1.5,22.1
T201621,2025-06-14 07:26:00,member,classic,Tech Campus,Riverside Park,14.4,3.15,21.8
T201622,2025-06-14 08:23:00,member,classic,City Hall,Riverside Park,10.4,2.12,27.2
T201623,2025-06-14 08:34:00,member,electric,Tech Campus,Harbor Front,7.7,1.96,25.7
T201624,2025-06-14 09:22:00,member,classic,Old Town,Union Square,6.9,1.15,19.9
T201625,2025-06-14 09:36:00,member,classic,Lakeside,Harbor Front,15.4,3.11,20.1
T201626,2025-06-14 10:06:00,casual,electric,University Ave,Union Square,2,0.51,27.3
T201627,2025-06-14 11:28:00,casual,electric,University Ave,Stadium,16.1,4.52,27
T201628,2025-06-14 12:44:00,casual,classic,Old Town,Stadium,15.3,2.81,20.1
T201629,2025-06-14 13:05:00,member,electric,Museum Mile,Museum Mile,11.8,2.09,29.3
T201630,2025-06-14 13:51:00,member,electric,Harbor Front,Stadium,11.3,3.11,21.1
T201631,2025-06-14 14:58:00,casual,classic,Stadium,Museum Mile,17.9,3.13,22.9
T201632,2025-06-14 15:22:00,casual,electric,Union Square,Central Station,38.6,9.51,24.5
T201633,2025-06-14 16:52:00,member,electric,Union Square,Market Hall,2,0.61,22.6
T201634,2025-06-14 17:11:00,member,classic,Riverside Park,Museum Mile,4.9,1.08,20.8
T201635,2025-06-14 17:29:00,member,classic,Tech Campus,Stadium,21,4.13,20.1
T201636,2025-06-14 17:34:00,member,electric,Stadium,Museum Mile,10.5,2.72,20.4
T201637,2025-06-14 17:49:00,member,electric,Union Square,Stadium,21.5,6.68,24.1
T201638,2025-06-14 18:00:00,member,classic,Central Station,Stadium,5.1,1.12,20.6
T201639,2025-06-14 18:27:00,member,classic,Market Hall,Museum Mile,16.4,2.89,23
T201640,2025-06-14 18:32:00,member,classic,Central Station,Market Hall,9.2,1.57,21.1
T201641,2025-06-14 18:43:00,member,classic,Central Station,Harbor Front,12.4,2.37,20
T201642,2025-06-14 19:00:00,member,electric,Lakeside,Old Town,16.9,5.24,21.4
T201643,2025-06-14 19:08:00,member,electric,Tech Campus,Stadium,16,4.74,23
T201644,2025-06-15 07:20:00,member,electric,Union Square,Union Square,13.3,2.43,19.5
T201645,2025-06-15 08:26:00,member,electric,Harbor Front,Riverside Park,9.5,2.2,24.5
T201646,2025-06-15 08:38:00,member,classic,Riverside Park,Central Station,4.2,0.82,31.5
T201647,2025-06-15 11:09:00,casual,classic,Market Hall,Market Hall,33,3.99,22.4
T201648,2025-06-15 12:13:00,casual,classic,Union Square,Harbor Front,25.8,4.42,24.1
T201649,2025-06-15 12:32:00,casual,classic,Stadium,Stadium,28.5,3.35,26.8
T201650,2025-06-15 13:20:00,casual,electric,City Hall,Central Station,15.7,4.52,25.2
T201651,2025-06-15 13:49:00,casual,classic,Tech Campus,Harbor Front,5.4,1.22,24.5
T201652,2025-06-15 14:19:00,casual,electric,Market Hall,Market Hall,23.8,3.26,27.1
T201653,2025-06-15 14:19:00,casual,classic,Harbor Front,Central Station,17.3,3.17,22.6
T201654,2025-06-15 14:35:00,casual,electric,University Ave,Old Town,17.5,4.62,22.5
T201655,2025-06-15 14:36:00,casual,classic,University Ave,Tech Campus,19.1,3.41,25.6
T201656,2025-06-15 15:24:00,member,classic,Harbor Front,Old Town,20.5,3.44,22.4
T201657,2025-06-15 15:57:00,member,classic,Lakeside,University Ave,5.6,1.25,24.1
T201658,2025-06-15 16:11:00,member,classic,Riverside Park,Market Hall,7.2,1.26,24.7
T201659,2025-06-15 16:49:00,member,classic,Union Square,Union Square,2,0.3,17.2
T201660,2025-06-15 16:51:00,member,classic,Old Town,Market Hall,10.2,2.13,24.7
T201661,2025-06-15 17:01:00,member,electric,Lakeside,Harbor Front,9,2.29,23.5
T201662,2025-06-15 17:22:00,member,electric,University Ave,City Hall,10.5,2.96,28.5
T201663,2025-06-15 17:45:00,member,classic,University Ave,Riverside Park,12.6,2.25,20.8
T201664,2025-06-15 17:55:00,member,classic,Stadium,Stadium,16.3,2.02,24.8
T201665,2025-06-15 18:15:00,casual,classic,Museum Mile,Stadium,17.7,3.17,22.9
T201666,2025-06-15 18:38:00,member,electric,Stadium,Stadium,2,0.34,21
T201667,2025-06-15 18:45:00,member,classic,Stadium,Market Hall,9,1.6,17.7
T201668,2025-06-15 19:49:00,member,classic,Museum Mile,Union Square,11.7,2.15,23.2
T201669,2025-06-15 19:55:00,member,classic,Lakeside,Tech Campus,10.3,2.2,24.1
T201670,2025-06-15 19:58:00,member,classic,Central Station,Stadium,20,4.18,19.9
T201671,2025-06-15 21:18:00,member,classic,Tech Campus,Old Town,8.3,1.49,23.1
T201672,2025-06-16 07:38:00,member,electric,Harbor Front,Union Square,6,1.37,29.9
T201673,2025-06-16 09:57:00,member,electric,Market Hall,Stadium,16.6,4.27,25.8
T201674,2025-06-16 10:56:00,casual,classic,Lakeside,Lakeside,30.9,3.49,24.9
T201675,2025-06-16 11:09:00,casual,classic,Stadium,Lakeside,36.9,6.99,27.7
T201676,2025-06-16 13:06:00,casual,electric,Market Hall,Union Square,5.5,1.59,20.8
T201677,2025-06-16 13:38:00,casual,classic,Tech Campus,Stadium,38.4,8.07,25.9
T201678,2025-06-16 14:17:00,casual,classic,Harbor Front,Riverside Park,19.9,3.48,19.8
T201679,2025-06-16 15:57:00,casual,classic,Market Hall,Harbor Front,9.8,1.71,21.1
T201680,2025-06-16 16:30:00,member,electric,Riverside Park,City Hall,10,2.94,20.2
T201681,2025-06-16 17:12:00,member,classic,Union Square,Museum Mile,4.2,0.72,25
T201682,2025-06-16 17:14:00,casual,classic,Tech Campus,Stadium,26.9,4.96,23.8
T201683,2025-06-16 17:51:00,casual,electric,University Ave,University Ave,2,0.35,15.2
T201684,2025-06-16 18:02:00,casual,classic,Museum Mile,Tech Campus,4.1,0.74,22.9
T201685,2025-06-16 18:19:00,member,electric,Harbor Front,University Ave,2.4,0.61,22.4
T201686,2025-06-16 18:56:00,member,classic,Old Town,Market Hall,5,0.94,30.7
T201687,2025-06-16 19:15:00,member,electric,Old Town,City Hall,7.2,2.23,14.9
T201688,2025-06-16 20:23:00,casual,classic,University Ave,City Hall,36.9,6.33,21.4
T201689,2025-06-17 07:02:00,member,classic,Market Hall,Union Square,4,0.84,19.2
T201690,2025-06-17 07:59:00,member,classic,Tech Campus,Riverside Park,17.9,3.58,24
T201691,2025-06-17 08:14:00,member,classic,Central Station,Central Station,6.4,0.86,24.5
T201692,2025-06-17 08:23:00,member,classic,Lakeside,Stadium,8.2,1.63,20.8
T201693,2025-06-17 08:24:00,member,electric,University Ave,Harbor Front,12,2.83,18.6
T201694,2025-06-17 08:30:00,member,classic,Market Hall,Stadium,5.1,0.99,21.4
T201695,2025-06-17 09:00:00,member,classic,Market Hall,Market Hall,17.4,1.87,24.9
T201696,2025-06-17 09:02:00,member,electric,Museum Mile,Market Hall,12.9,3.26,22.7
T201697,2025-06-17 09:46:00,member,classic,University Ave,Museum Mile,8.3,1.88,26.5
T201698,2025-06-17 10:35:00,member,electric,Museum Mile,Lakeside,6.7,1.61,21.3
T201699,2025-06-17 10:44:00,member,classic,City Hall,City Hall,9.1,1.09,19.1
T201700,2025-06-17 11:26:00,casual,classic,Union Square,Union Square,31.1,3.46,21.6
T201701,2025-06-17 11:30:00,casual,classic,Stadium,University Ave,14.9,2.59,24.7
T201702,2025-06-17 12:01:00,casual,electric,Market Hall,Union Square,29.3,6.65,21.7
T201703,2025-06-17 12:08:00,member,classic,Tech Campus,Harbor Front,18.6,4.22,25.5
T201704,2025-06-17 12:58:00,member,electric,Harbor Front,Riverside Park,2,0.6,24.8
T201705,2025-06-17 13:09:00,member,classic,Stadium,Lakeside,11.7,2.4,27.5
T201706,2025-06-17 13:24:00,casual,classic,Union Square,Stadium,16.9,2.93,22.9
T201707,2025-06-17 13:30:00,casual,classic,Museum Mile,Stadium,38,6.46,21.3
T201708,2025-06-17 15:24:00,member,classic,Stadium,City Hall,20.3,4.38,26
T201709,2025-06-17 16:54:00,casual,classic,Stadium,Museum Mile,20.5,3.45,20.9
T201710,2025-06-17 17:09:00,casual,electric,Lakeside,Central Station,22.1,6.62,18.9
T201711,2025-06-17 17:33:00,casual,classic,Museum Mile,Museum Mile,11.3,1.17,27.9
T201712,2025-06-17 17:49:00,casual,classic,Museum Mile,Museum Mile,34,4.11,25.2
T201713,2025-06-17 18:23:00,member,classic,Central Station,Central Station,14.6,1.69,21.1
T201714,2025-06-17 19:10:00,member,electric,Tech Campus,Riverside Park,16.8,4.85,24
T201715,2025-06-17 19:30:00,member,electric,Lakeside,Harbor Front,13.1,3.4,26.2
T201716,2025-06-17 21:25:00,member,classic,Museum Mile,Stadium,14.8,3.3,17.6
T201717,2025-06-18 07:23:00,member,electric,City Hall,Tech Campus,9.5,2.3,24.8
T201718,2025-06-18 07:32:00,member,classic,Old Town,City Hall,19.9,3.8,26.4
T201719,2025-06-18 07:40:00,member,classic,Stadium,Market Hall,4.9,1.02,22.6
T201720,2025-06-18 07:58:00,member,classic,Riverside Park,Tech Campus,10.9,2.19,21.4
T201721,2025-06-18 08:08:00,member,electric,Market Hall,City Hall,19.1,5.87,21.1
T201722,2025-06-18 10:08:00,member,electric,Lakeside,University Ave,15.5,4.71,23.1
T201723,2025-06-18 10:31:00,member,classic,Harbor Front,Central Station,27.5,5.71,21.4
T201724,2025-06-18 12:01:00,casual,classic,Stadium,Stadium,37.8,5.09,19.4
T201725,2025-06-18 14:52:00,casual,electric,Lakeside,City Hall,24.8,6.93,20.4
T201726,2025-06-18 15:27:00,casual,classic,Riverside Park,Union Square,26.8,5.87,17.1
T201727,2025-06-18 15:35:00,member,classic,Museum Mile,Tech Campus,12.9,2.6,24
T201728,2025-06-18 16:02:00,member,classic,Central Station,Central Station,12.9,1.39,21.4
T201729,2025-06-18 16:08:00,casual,classic,University Ave,University Ave,22.8,2.9,19.1
T201730,2025-06-18 16:22:00,member,electric,Tech Campus,Museum Mile,4.5,1.25,25.9
T201731,2025-06-18 16:26:00,casual,classic,Old Town,Tech Campus,14,2.34,24.2
T201732,2025-06-18 16:47:00,member,electric,Lakeside,Stadium,14.6,3.91,21.1
T201733,2025-06-18 17:09:00,member,classic,Harbor Front,Central Station,2,0.45,26.7
T201734,2025-06-18 17:19:00,casual,electric,University Ave,Union Square,14.9,3.77,23.7
T201735,2025-06-18 17:22:00,member,electric,Market Hall,Old Town,18.1,4.54,22.4
T201736,2025-06-18 17:43:00,member,electric,City Hall,Old Town,5.5,1.7,26.1
T201737,2025-06-18 18:01:00,casual,electric,Union Square,Lakeside,24.4,6.54,24.9
T201738,2025-06-18 18:07:00,member,classic,Harbor Front,Museum Mile,16.6,3.34,24.6
T201739,2025-06-18 18:07:00,member,electric,Union Square,University Ave,13.2,3.98,23.9
T201740,2025-06-18 18:28:00,casual,classic,Riverside Park,Market Hall,15,2.81,21.6
T201741,2025-06-18 18:40:00,member,electric,Market Hall,Lakeside,3.7,1.03,21.1
T201742,2025-06-18 18:44:00,casual,electric,Union Square,Tech Campus,23.2,6.16,26.2
T201743,2025-06-18 19:36:00,member,electric,Lakeside,University Ave,8.7,2.69,21.9
T201744,2025-06-18 21:59:00,member,electric,Tech Campus,Riverside Park,7.7,2.34,20.3
T201745,2025-06-19 07:01:00,member,classic,University Ave,Tech Campus,2,0.42,16.2
T201746,2025-06-19 07:08:00,member,classic,Lakeside,Old Town,19.7,3.31,26.2
T201747,2025-06-19 07:18:00,member,classic,University Ave,City Hall,2.5,0.44,25.5
T201748,2025-06-19 07:22:00,member,electric,University Ave,Stadium,12.2,3.57,22.7
T201749,2025-06-19 08:58:00,member,electric,Riverside Park,Stadium,16.4,4.77,23.4
T201750,2025-06-19 10:46:00,member,classic,Harbor Front,Lakeside,23.2,3.88,17.3
T201751,2025-06-19 12:16:00,casual,electric,Harbor Front,Tech Campus,20.9,6.32,19.5
T201752,2025-06-19 13:59:00,member,classic,University Ave,University Ave,8.8,1.1,18.5
T201753,2025-06-19 15:09:00,casual,classic,University Ave,Lakeside,11.1,2.07,25.2
T201754,2025-06-19 15:30:00,member,classic,Union Square,Museum Mile,12.7,2.15,23.4
T201755,2025-06-19 17:07:00,member,classic,City Hall,Riverside Park,2,0.45,24.2
T201756,2025-06-19 17:29:00,member,classic,University Ave,Market Hall,12,2.14,21.3
T201757,2025-06-19 17:55:00,member,electric,Market Hall,Old Town,5.6,1.57,20.7
T201758,2025-06-19 18:25:00,member,classic,Central Station,Harbor Front,5.6,1.21,17.7
T201759,2025-06-19 19:30:00,member,electric,Tech Campus,Stadium,2.8,0.79,24.6
T201760,2025-06-20 08:09:00,member,classic,Old Town,Riverside Park,5.8,0.97,22
T201761,2025-06-20 08:48:00,member,classic,Union Square,Union Square,11.7,1.3,22.9
T201762,2025-06-20 08:49:00,member,classic,Tech Campus,Tech Campus,17.2,2.14,17.2
T201763,2025-06-20 09:19:00,member,classic,Central Station,Lakeside,5.6,0.96,24.8
T201764,2025-06-20 09:33:00,member,classic,Riverside Park,Museum Mile,8.4,1.41,19.7
T201765,2025-06-20 09:51:00,member,classic,Museum Mile,Riverside Park,10.5,2.38,19.7
T201766,2025-06-20 10:07:00,member,classic,Union Square,Riverside Park,2,0.44,23.1
T201767,2025-06-20 10:35:00,casual,classic,Stadium,Union Square,20.7,3.62,23.7
T201768,2025-06-20 10:36:00,casual,classic,Lakeside,University Ave,32.8,7.47,24.1
T201769,2025-06-20 11:12:00,casual,classic,Old Town,Riverside Park,23.3,4.88,17
T201770,2025-06-20 12:20:00,casual,electric,Market Hall,Union Square,20.3,5.4,23.4
T201771,2025-06-20 13:15:00,member,electric,Riverside Park,Tech Campus,5.5,1.36,18.7
T201772,2025-06-20 15:06:00,member,classic,Harbor Front,Union Square,13.5,2.88,20.5
T201773,2025-06-20 15:26:00,member,electric,City Hall,Tech Campus,5.3,1.54,23.8
T201774,2025-06-20 15:43:00,casual,classic,Riverside Park,University Ave,36.8,6.57,17.5
T201775,2025-06-20 16:11:00,member,classic,Riverside Park,Union Square,2,0.41,26.6
T201776,2025-06-20 16:32:00,member,classic,Tech Campus,Harbor Front,9.6,1.8,19.8
T201777,2025-06-20 16:34:00,casual,electric,Harbor Front,Central Station,19.4,5.03,22.2
T201778,2025-06-20 17:17:00,casual,classic,Market Hall,Tech Campus,22.2,4.7,24.3
T201779,2025-06-20 17:31:00,casual,classic,Lakeside,City Hall,37.1,8.16,19.1
T201780,2025-06-20 17:59:00,member,electric,Museum Mile,Harbor Front,7.8,2.13,23.2
T201781,2025-06-20 18:47:00,member,classic,Tech Campus,Market Hall,16.4,2.88,21.9
T201782,2025-06-20 19:52:00,member,classic,Old Town,University Ave,8.7,1.56,23.3
T201783,2025-06-20 19:53:00,member,electric,Harbor Front,Museum Mile,10.9,2.57,27
T201784,2025-06-21 08:00:00,member,electric,Central Station,Lakeside,4.2,0.98,24.7
T201785,2025-06-21 08:24:00,member,classic,Harbor Front,Tech Campus,6.4,1.4,22
T201786,2025-06-21 08:36:00,member,classic,Riverside Park,Stadium,19.8,3.77,28.5
T201787,2025-06-21 09:14:00,member,electric,City Hall,Union Square,9.6,2.64,24.3
T201788,2025-06-21 09:31:00,member,classic,Museum Mile,Riverside Park,14.8,2.51,17.3
T201789,2025-06-21 13:13:00,member,electric,Museum Mile,Stadium,15.9,4.67,22.5
T201790,2025-06-21 13:47:00,casual,electric,University Ave,Harbor Front,21.7,6.74,22.5
T201791,2025-06-21 14:23:00,casual,electric,City Hall,Union Square,25.1,7.18,22.2
T201792,2025-06-21 16:35:00,member,electric,Tech Campus,University Ave,2.9,0.66,20.5
T201793,2025-06-21 16:42:00,casual,electric,Riverside Park,University Ave,16,3.76,21
T201794,2025-06-21 17:03:00,member,classic,University Ave,Stadium,12.9,2.74,22.2
T201795,2025-06-21 17:18:00,member,classic,University Ave,University Ave,16.5,2.25,23.4
T201796,2025-06-21 17:27:00,member,electric,Lakeside,Old Town,13.5,3.82,22.3
T201797,2025-06-21 17:32:00,member,electric,City Hall,Stadium,18.1,4.92,24.8
T201798,2025-06-21 17:35:00,member,electric,Stadium,Harbor Front,2,0.5,23.2
T201799,2025-06-21 19:30:00,member,electric,Lakeside,Union Square,13,3.43,20.2
T201800,2025-06-22 07:45:00,member,classic,University Ave,Central Station,12.2,2.44,16.9
T201801,2025-06-22 07:59:00,member,classic,City Hall,Riverside Park,4.9,0.94,20.2
T201802,2025-06-22 07:59:00,member,electric,Union Square,Riverside Park,12.3,3.28,21.7
T201803,2025-06-22 08:09:00,member,electric,Market Hall,Market Hall,17.3,2.97,21.1
T201804,2025-06-22 08:38:00,member,electric,Union Square,University Ave,6.2,1.56,23.3
T201805,2025-06-22 09:55:00,member,classic,Old Town,Riverside Park,29.7,5.41,20.7
T201806,2025-06-22 10:01:00,member,classic,Tech Campus,Lakeside,9,1.92,21.5
T201807,2025-06-22 10:59:00,member,classic,Riverside Park,Museum Mile,26.8,5.5,24.5
T201808,2025-06-22 11:01:00,casual,electric,Market Hall,Stadium,13.4,3.96,26.4
T201809,2025-06-22 12:16:00,casual,classic,Market Hall,Lakeside,17.9,3.83,24.3
T201810,2025-06-22 13:16:00,casual,classic,Lakeside,Union Square,31.3,6.67,26
T201811,2025-06-22 13:24:00,casual,electric,Old Town,Tech Campus,14.1,3.42,18.2
T201812,2025-06-22 13:41:00,member,classic,Tech Campus,Tech Campus,13.6,1.83,24.4
T201813,2025-06-22 13:43:00,casual,electric,University Ave,Central Station,32,9.28,21.6
T201814,2025-06-22 15:10:00,casual,electric,Tech Campus,Lakeside,16,4.64,24.2
T201815,2025-06-22 15:29:00,member,classic,Harbor Front,Old Town,2.4,0.41,20.7
T201816,2025-06-22 16:30:00,member,electric,Market Hall,Harbor Front,17.4,4.39,29.3
T201817,2025-06-22 17:03:00,member,classic,Stadium,Union Square,20.7,4.32,27.2
T201818,2025-06-22 18:05:00,member,electric,City Hall,University Ave,6.3,1.76,16.8
T201819,2025-06-22 18:20:00,member,electric,Harbor Front,Riverside Park,2.3,0.65,26.9
T201820,2025-06-22 18:33:00,member,classic,Riverside Park,Lakeside,20.8,4.15,21.2
T201821,2025-06-22 19:46:00,member,classic,Tech Campus,Market Hall,10.5,2.08,24.8
T201822,2025-06-23 08:55:00,member,electric,Old Town,City Hall,10.5,2.89,20.6
T201823,2025-06-23 08:56:00,member,classic,Market Hall,Central Station,4.9,0.93,24.6
T201824,2025-06-23 09:24:00,member,classic,Central Station,Lakeside,23.6,4.81,25.7
T201825,2025-06-23 10:11:00,member,classic,Market Hall,Museum Mile,8.7,1.56,25.2
T201826,2025-06-23 11:31:00,casual,classic,Union Square,Lakeside,32.8,6.89,19.1
T201827,2025-06-23 11:45:00,casual,classic,Stadium,Stadium,32.2,3.4,19.8
T201828,2025-06-23 12:26:00,member,classic,Union Square,Market Hall,4.6,0.94,25
T201829,2025-06-23 12:54:00,member,classic,University Ave,University Ave,10.8,1.14,25
T201830,2025-06-23 13:16:00,member,classic,Union Square,Union Square,15.6,1.68,23.5
T201831,2025-06-23 14:39:00,casual,classic,Market Hall,University Ave,22.4,4.26,22.3
T201832,2025-06-23 16:05:00,member,electric,City Hall,Lakeside,7,2,23.4
T201833,2025-06-23 16:25:00,casual,electric,Lakeside,Old Town,26.3,6.72,27.1
T201834,2025-06-23 16:37:00,casual,electric,Harbor Front,Museum Mile,27.6,8.13,21.8
T201835,2025-06-23 16:41:00,casual,electric,Museum Mile,Tech Campus,14.8,4.01,19.3
T201836,2025-06-23 17:32:00,member,classic,Riverside Park,Market Hall,5.9,1.15,23.1
T201837,2025-06-23 17:40:00,member,classic,Central Station,Old Town,17.4,3.48,21.8
T201838,2025-06-23 17:44:00,member,classic,Old Town,Riverside Park,17.3,3.65,22.7
T201839,2025-06-23 18:13:00,member,classic,Tech Campus,Central Station,11.1,2.02,22
T201840,2025-06-23 18:28:00,member,classic,Market Hall,Riverside Park,16.4,3.15,19.7
T201841,2025-06-23 19:14:00,member,classic,Central Station,Lakeside,3.7,0.63,20.9
T201842,2025-06-23 19:45:00,member,electric,Riverside Park,Tech Campus,10.7,3.25,29.8
T201843,2025-06-23 20:38:00,casual,classic,Central Station,University Ave,20.1,3.82,25.7
T201844,2025-06-23 21:07:00,member,classic,Museum Mile,Union Square,18.3,3.35,21.2
T201845,2025-06-24 07:23:00,member,electric,Market Hall,Riverside Park,2,0.62,25.2
T201846,2025-06-24 07:41:00,member,classic,City Hall,Tech Campus,21.6,3.83,21.4
T201847,2025-06-24 07:51:00,member,classic,University Ave,City Hall,13.3,2.25,23.3
T201848,2025-06-24 08:00:00,member,classic,Riverside Park,Museum Mile,18.6,3.56,24.2
T201849,2025-06-24 08:17:00,member,electric,Central Station,Stadium,9.5,2.57,21.9
T201850,2025-06-24 08:22:00,member,classic,City Hall,Tech Campus,5.1,1.09,24.6
T201851,2025-06-24 08:24:00,member,electric,Central Station,University Ave,12,3.55,22.8
T201852,2025-06-24 08:37:00,member,electric,Harbor Front,Museum Mile,12.4,3.83,22.9
T201853,2025-06-24 08:38:00,member,electric,Lakeside,Stadium,14.7,4.24,28.6
T201854,2025-06-24 08:59:00,member,electric,Market Hall,Old Town,5.8,1.59,21.5
T201855,2025-06-24 09:09:00,member,classic,Harbor Front,Harbor Front,4,0.53,26.3
T201856,2025-06-24 09:36:00,member,classic,Old Town,Harbor Front,10.1,2.12,23.1
T201857,2025-06-24 10:23:00,member,electric,City Hall,Stadium,14.9,4.37,21.1
T201858,2025-06-24 10:33:00,member,electric,Museum Mile,Tech Campus,2,0.5,25.9
T201859,2025-06-24 12:07:00,casual,classic,Market Hall,Stadium,14.7,2.61,22.6
T201860,2025-06-24 12:26:00,casual,electric,Market Hall,Stadium,34.3,10.05,27.2
T201861,2025-06-24 12:45:00,member,classic,Stadium,Museum Mile,18.1,3.61,21
T201862,2025-06-24 13:49:00,member,electric,Tech Campus,Riverside Park,4.8,1.42,24.2
T201863,2025-06-24 15:28:00,member,classic,Old Town,Riverside Park,12.2,2.47,24.2
T201864,2025-06-24 16:19:00,casual,classic,Tech Campus,Stadium,2.4,0.47,21.6
T201865,2025-06-24 16:31:00,member,electric,Lakeside,University Ave,18,5.05,26.9
T201866,2025-06-24 16:35:00,casual,classic,Museum Mile,Lakeside,12.2,2.79,18.6
T201867,2025-06-24 16:53:00,member,electric,University Ave,University Ave,12.5,2.3,21.9
T201868,2025-06-24 17:07:00,member,classic,Tech Campus,Tech Campus,15.1,2.03,22.6
T201869,2025-06-24 17:19:00,casual,classic,Lakeside,Tech Campus,20.5,4.16,24.3
T201870,2025-06-24 17:19:00,member,classic,Central Station,Harbor Front,12.5,2.81,24.7
T201871,2025-06-24 17:35:00,casual,classic,Central Station,Riverside Park,36.6,6.5,27.8
T201872,2025-06-24 18:08:00,casual,electric,Riverside Park,Union Square,17.4,5.22,28.3
T201873,2025-06-24 21:05:00,member,classic,Lakeside,Old Town,28.5,5.17,25.8
T201874,2025-06-25 07:13:00,member,classic,Market Hall,Riverside Park,8.7,1.92,24.9
T201875,2025-06-25 08:14:00,member,electric,Lakeside,Union Square,11,3.3,21.8
T201876,2025-06-25 09:07:00,member,classic,City Hall,Union Square,3.9,0.79,24.5
T201877,2025-06-25 10:17:00,member,electric,University Ave,Riverside Park,19.2,5.08,29.2
T201878,2025-06-25 10:23:00,member,classic,Tech Campus,Tech Campus,11.9,1.28,25.7
T201879,2025-06-25 14:04:00,casual,classic,Old Town,Market Hall,3.5,0.68,20.4
T201880,2025-06-25 14:17:00,casual,electric,Lakeside,Market Hall,12.5,2.89,21.2
T201881,2025-06-25 15:16:00,member,classic,Central Station,City Hall,24,4.1,24.5
T201882,2025-06-25 15:32:00,casual,classic,Market Hall,Old Town,44.7,9.3,27.1
T201883,2025-06-25 16:05:00,casual,electric,Stadium,Market Hall,34.5,10.65,21.9
T201884,2025-06-25 16:06:00,member,classic,Stadium,Harbor Front,3.8,0.65,25.9
T201885,2025-06-25 17:09:00,member,classic,City Hall,City Hall,11.9,1.3,20.9
T201886,2025-06-25 17:19:00,member,classic,Tech Campus,Tech Campus,9.8,1.13,23.4
T201887,2025-06-25 17:29:00,member,electric,Union Square,Old Town,13.1,3.97,24.2
T201888,2025-06-25 18:31:00,member,classic,Harbor Front,City Hall,12.1,2.15,19.9
T201889,2025-06-25 18:54:00,member,electric,City Hall,Tech Campus,18.4,5.38,29
T201890,2025-06-25 19:00:00,member,classic,Union Square,Tech Campus,7,1.52,19.8
T201891,2025-06-26 07:13:00,member,classic,Riverside Park,Lakeside,30.8,5.34,19.3
T201892,2025-06-26 07:58:00,member,electric,Market Hall,Harbor Front,11.3,3.49,22.7
T201893,2025-06-26 07:58:00,member,classic,Old Town,Stadium,19.1,4.15,21.8
T201894,2025-06-26 08:01:00,member,classic,University Ave,Riverside Park,2,0.36,23.6
T201895,2025-06-26 08:33:00,member,electric,Market Hall,Market Hall,12.3,2.08,22.1
T201896,2025-06-26 08:46:00,member,classic,Stadium,Tech Campus,16,3.54,22.6
T201897,2025-06-26 09:12:00,member,electric,Lakeside,University Ave,13.4,3.16,26.3
T201898,2025-06-26 09:48:00,member,classic,Market Hall,City Hall,12.4,2.26,19.1
T201899,2025-06-26 10:06:00,member,classic,Market Hall,Old Town,19.1,3.79,21.8
T201900,2025-06-26 10:11:00,member,classic,Museum Mile,Riverside Park,4.5,0.77,15.1
T201901,2025-06-26 11:08:00,casual,electric,University Ave,Harbor Front,27.3,8.18,26.5
T201902,2025-06-26 11:22:00,casual,classic,University Ave,Market Hall,19.1,3.36,25.7
T201903,2025-06-26 11:45:00,casual,electric,Tech Campus,Tech Campus,23.6,4.31,19.8
T201904,2025-06-26 11:53:00,casual,electric,Lakeside,Harbor Front,19.4,5.74,24.5
T201905,2025-06-26 13:14:00,casual,classic,Lakeside,Lakeside,20,2.6,18.4
T201906,2025-06-26 13:56:00,member,classic,City Hall,Market Hall,13.6,2.64,23.6
T201907,2025-06-26 16:32:00,casual,classic,Central Station,City Hall,23,5.24,25.6
T201908,2025-06-26 16:51:00,member,electric,Stadium,Central Station,12.9,2.98,21.7
T201909,2025-06-26 17:16:00,member,electric,University Ave,Central Station,5.7,1.41,22.4
T201910,2025-06-26 17:36:00,casual,classic,Tech Campus,Riverside Park,21.5,4.65,22.2
T201911,2025-06-26 19:57:00,member,electric,Central Station,Central Station,7.8,1.07,20.1
T201912,2025-06-27 07:16:00,member,electric,University Ave,Union Square,12.9,3.29,26.2
T201913,2025-06-27 08:09:00,member,classic,Lakeside,Market Hall,19.4,4.13,18.3
T201914,2025-06-27 09:21:00,member,classic,Tech Campus,Tech Campus,21.9,2.21,24.1
T201915,2025-06-27 12:03:00,member,electric,Riverside Park,Stadium,3.9,0.92,25.8
T201916,2025-06-27 13:06:00,member,classic,Central Station,Museum Mile,17.6,3.23,32.6
T201917,2025-06-27 13:38:00,member,classic,Riverside Park,Market Hall,13.7,2.83,23.4
T201918,2025-06-27 14:45:00,casual,classic,City Hall,Central Station,8.4,1.77,23.4
T201919,2025-06-27 14:51:00,casual,classic,Union Square,Old Town,21.5,4.66,21.5
T201920,2025-06-27 15:19:00,casual,classic,Old Town,Tech Campus,24,4.67,24.4
T201921,2025-06-27 15:45:00,member,electric,Tech Campus,Stadium,15,4.48,20.5
T201922,2025-06-27 16:18:00,member,classic,Museum Mile,Riverside Park,11.9,2.33,26
T201923,2025-06-27 17:06:00,member,electric,Museum Mile,Museum Mile,14.5,2.07,22.3
T201924,2025-06-27 17:40:00,member,classic,Old Town,Riverside Park,11.7,2.11,30.1
T201925,2025-06-27 17:49:00,member,classic,Stadium,University Ave,12.9,2.54,24.5
T201926,2025-06-27 17:57:00,member,electric,Lakeside,City Hall,3.6,1.12,27.7
T201927,2025-06-27 17:59:00,casual,classic,University Ave,Old Town,16,3.56,22.2
T201928,2025-06-27 18:53:00,member,classic,Harbor Front,Harbor Front,10.7,1.43,23.8
T201929,2025-06-27 18:57:00,casual,classic,Museum Mile,Museum Mile,10.8,1.17,18.8
T201930,2025-06-27 19:20:00,member,classic,University Ave,University Ave,6.6,0.74,21.3
T201931,2025-06-27 19:43:00,member,classic,Central Station,City Hall,22,3.78,18.9
T201932,2025-06-27 20:09:00,casual,electric,Museum Mile,Market Hall,32.7,8.65,25.7
T201933,2025-06-27 20:34:00,casual,classic,Lakeside,Union Square,21.9,4.58,22.8
T201934,2025-06-28 07:51:00,member,classic,Tech Campus,University Ave,11.7,2.6,22.1
T201935,2025-06-28 07:57:00,member,electric,Central Station,Harbor Front,13.3,3.94,22.2
T201936,2025-06-28 07:58:00,member,electric,Museum Mile,Harbor Front,15.1,4.37,23.3
T201937,2025-06-28 08:48:00,member,electric,Museum Mile,Museum Mile,6.2,1.03,30
T201938,2025-06-28 08:55:00,member,electric,Harbor Front,University Ave,2.4,0.63,21.2
T201939,2025-06-28 08:56:00,member,electric,Market Hall,Central Station,15.4,4.68,20.5
T201940,2025-06-28 10:29:00,casual,electric,Riverside Park,Museum Mile,2,0.46,27
T201941,2025-06-28 11:10:00,casual,classic,Old Town,Stadium,20.6,3.93,18.2
T201942,2025-06-28 14:36:00,casual,classic,Museum Mile,Lakeside,36.9,6.7,21.8
T201943,2025-06-28 15:07:00,member,classic,Lakeside,City Hall,13.4,2.51,23.9
T201944,2025-06-28 16:04:00,member,electric,City Hall,Lakeside,12,2.85,21.8
T201945,2025-06-28 16:10:00,casual,classic,Museum Mile,Harbor Front,41.6,9.32,23.6
T201946,2025-06-28 16:16:00,member,classic,Stadium,Union Square,10.7,2.25,21.9
T201947,2025-06-28 17:03:00,member,electric,University Ave,University Ave,14.4,2.48,24.3
T201948,2025-06-28 18:31:00,member,classic,Union Square,Museum Mile,3.7,0.83,20.2
T201949,2025-07-01 07:51:00,member,classic,Union Square,Central Station,6,1.25,29.4
T201950,2025-07-01 08:56:00,member,classic,Riverside Park,Tech Campus,11,2.21,17.8
T201951,2025-07-01 08:58:00,member,classic,Old Town,City Hall,19.6,3.32,27.5
T201952,2025-07-01 09:20:00,member,classic,University Ave,Tech Campus,9.6,1.65,27.6
T201953,2025-07-01 09:28:00,member,electric,Harbor Front,Lakeside,3,0.74,21.5
T201954,2025-07-01 10:19:00,member,electric,Riverside Park,Stadium,12.8,3.49,26.8
T201955,2025-07-01 10:21:00,member,classic,Stadium,Riverside Park,12,2.3,23.7
T201956,2025-07-01 10:37:00,casual,electric,Stadium,Market Hall,16,3.69,30
T201957,2025-07-01 15:50:00,member,classic,University Ave,Harbor Front,7.3,1.58,24.8
T201958,2025-07-01 15:53:00,casual,classic,Lakeside,Harbor Front,10.5,2,30
T201959,2025-07-01 15:56:00,casual,electric,University Ave,Lakeside,27.6,7.16,21.8
T201960,2025-07-01 16:41:00,member,electric,Tech Campus,University Ave,4.5,1.18,26.4
T201961,2025-07-01 16:56:00,casual,classic,Harbor Front,Market Hall,31.1,5.27,30.6
T201962,2025-07-01 17:00:00,member,classic,Union Square,University Ave,17.4,3.86,23.6
T201963,2025-07-01 17:14:00,member,electric,Museum Mile,Stadium,14.2,3.27,25.2
T201964,2025-07-01 17:17:00,member,classic,University Ave,Old Town,22.8,4.03,24.5
T201965,2025-07-01 18:38:00,casual,electric,University Ave,Lakeside,14,3.78,26.7
T201966,2025-07-01 19:56:00,member,classic,Stadium,Harbor Front,31.8,5.86,24
T201967,2025-07-02 07:13:00,member,classic,University Ave,Market Hall,14.2,2.55,27.1
T201968,2025-07-02 07:15:00,member,classic,University Ave,City Hall,11.3,2.42,23.2
T201969,2025-07-02 09:41:00,member,classic,Riverside Park,Riverside Park,14.7,1.71,24.4
T201970,2025-07-02 10:00:00,member,electric,Tech Campus,Stadium,13.2,3.86,25.3
T201971,2025-07-02 10:05:00,member,electric,City Hall,Old Town,13,3.1,25.4
T201972,2025-07-02 10:28:00,casual,classic,Market Hall,Market Hall,20.4,2.31,27.7
T201973,2025-07-02 11:34:00,casual,electric,Harbor Front,Harbor Front,33.2,5.9,24.3
T201974,2025-07-02 13:00:00,casual,electric,Market Hall,Lakeside,35.3,9.36,30.8
T201975,2025-07-02 13:31:00,casual,classic,Stadium,City Hall,16.7,3.66,28.1
T201976,2025-07-02 14:01:00,casual,classic,Riverside Park,Tech Campus,23.3,5.24,26.1
T201977,2025-07-02 15:07:00,casual,classic,Stadium,Union Square,31,5.66,25.1
T201978,2025-07-02 15:48:00,casual,classic,Riverside Park,Harbor Front,29.8,6.67,28.6
T201979,2025-07-02 17:06:00,member,classic,Old Town,City Hall,18.2,4.08,22.6
T201980,2025-07-02 18:40:00,member,electric,Museum Mile,Harbor Front,10.4,3.18,25.6
T201981,2025-07-02 18:50:00,member,electric,Riverside Park,Lakeside,8.6,2.44,22.1
T201982,2025-07-02 19:09:00,casual,electric,Riverside Park,Stadium,8.7,2.46,21.9
T201983,2025-07-03 07:27:00,member,electric,Market Hall,Tech Campus,9.7,2.85,29.9
T201984,2025-07-03 07:28:00,member,electric,Central Station,Harbor Front,4.2,0.96,24.7
T201985,2025-07-03 08:18:00,member,electric,Old Town,Old Town,13.3,1.86,24.1
T201986,2025-07-03 08:29:00,member,electric,Central Station,Tech Campus,11.8,3.48,23.1
T201987,2025-07-03 08:50:00,member,classic,Riverside Park,Central Station,6.5,1.3,31.5
T201988,2025-07-03 09:18:00,member,electric,Old Town,Tech Campus,5.5,1.39,21.7
T201989,2025-07-03 10:53:00,casual,electric,Union Square,Old Town,19.2,5.5,30.3
T201990,2025-07-03 11:26:00,casual,classic,Harbor Front,Harbor Front,22.2,2.4,28
T201991,2025-07-03 12:27:00,member,classic,Market Hall,City Hall,14.7,2.7,25
T201992,2025-07-03 12:54:00,casual,classic,Union Square,Tech Campus,15.6,2.83,23.3
T201993,2025-07-03 13:44:00,member,classic,Old Town,Stadium,12.9,2.59,26.8
T201994,2025-07-03 13:50:00,member,classic,Union Square,University Ave,13.1,2.55,24.6
T201995,2025-07-03 14:45:00,casual,electric,Stadium,Stadium,17.6,2.7,25.2
T201996,2025-07-03 16:49:00,casual,electric,Harbor Front,Tech Campus,29.6,7.35,26
T201997,2025-07-03 16:57:00,member,electric,Old Town,Market Hall,13.1,4.04,26.4
T201998,2025-07-03 17:05:00,member,classic,Market Hall,Tech Campus,7,1.18,20
T201999,2025-07-03 17:27:00,member,electric,Old Town,Central Station,9.2,2.8,19.8
T202000,2025-07-03 18:45:00,casual,electric,Tech Campus,Central Station,22.5,5.52,24.2
T202001,2025-07-03 19:07:00,member,classic,Lakeside,Lakeside,6.1,0.67,27.1
T202002,2025-07-03 20:24:00,casual,classic,Old Town,Old Town,26.9,2.75,22.4
T202003,2025-07-04 07:35:00,member,classic,City Hall,City Hall,10.9,1.14,27
T202004,2025-07-04 08:13:00,member,electric,University Ave,Harbor Front,11.7,3.61,25.6
T202005,2025-07-04 08:23:00,member,electric,Museum Mile,University Ave,8.8,2.4,25.8
T202006,2025-07-04 08:27:00,member,classic,Riverside Park,Harbor Front,9.6,1.62,25.2
T202007,2025-07-04 08:42:00,member,electric,Stadium,Museum Mile,11.2,2.99,28.7
T202008,2025-07-04 08:42:00,member,electric,Riverside Park,Harbor Front,16.6,4.83,35.2
T202009,2025-07-04 12:10:00,casual,electric,Riverside Park,University Ave,10.1,2.41,28.5
T202010,2025-07-04 12:42:00,casual,classic,City Hall,Union Square,12.4,2.48,20.9
T202011,2025-07-04 13:55:00,member,electric,Stadium,Lakeside,26.5,6.34,24.4
T202012,2025-07-04 15:22:00,member,electric,Central Station,Tech Campus,14.8,3.75,30.7
T202013,2025-07-04 16:12:00,member,electric,Old Town,Riverside Park,3.1,0.75,28.3
T202014,2025-07-04 16:59:00,casual,electric,Stadium,Central Station,28.4,7.15,22
T202015,2025-07-04 17:12:00,member,electric,Central Station,City Hall,10.7,2.89,25.9
T202016,2025-07-04 17:16:00,member,classic,Tech Campus,Old Town,17.4,3.85,26.3
T202017,2025-07-04 17:48:00,member,classic,Harbor Front,Tech Campus,16.7,3.25,29.4
T202018,2025-07-04 17:55:00,member,electric,Old Town,Market Hall,19.4,4.87,29.3
T202019,2025-07-05 07:08:00,member,classic,City Hall,Museum Mile,12.7,2.76,26
T202020,2025-07-05 07:39:00,member,classic,Union Square,Old Town,6.3,1.38,26.7
T202021,2025-07-05 07:55:00,member,electric,Stadium,Central Station,7.1,2.2,25.8
T202022,2025-07-05 08:46:00,member,electric,City Hall,University Ave,3.8,0.93,25.3
T202023,2025-07-05 08:59:00,member,electric,Tech Campus,City Hall,9.6,2.71,30.2
T202024,2025-07-05 09:24:00,member,classic,Union Square,Market Hall,15.9,3.01,27.8
T202025,2025-07-05 09:39:00,member,electric,Riverside Park,Riverside Park,9.6,1.36,26
T202026,2025-07-05 10:26:00,member,classic,University Ave,Harbor Front,14.3,2.55,28.7
T202027,2025-07-05 13:43:00,member,classic,University Ave,Riverside Park,3.5,0.75,28.6
T202028,2025-07-05 14:37:00,casual,classic,University Ave,Museum Mile,20.8,3.78,22.4
T202029,2025-07-05 15:17:00,casual,electric,University Ave,Tech Campus,2,0.61,30.8
T202030,2025-07-05 15:41:00,casual,classic,Harbor Front,Stadium,27.3,4.85,23.8
T202031,2025-07-05 16:08:00,member,electric,Old Town,Market Hall,11.4,3.05,26.3
T202032,2025-07-05 16:20:00,casual,classic,Riverside Park,Harbor Front,16.9,3.13,25
T202033,2025-07-05 16:35:00,member,electric,Harbor Front,Lakeside,15.1,4.17,24.3
T202034,2025-07-05 16:42:00,member,electric,Museum Mile,Riverside Park,6.7,1.58,28.9
T202035,2025-07-05 16:42:00,member,classic,Central Station,Riverside Park,2,0.41,26.8
T202036,2025-07-05 16:54:00,member,classic,Union Square,Stadium,18.6,3.42,26
T202037,2025-07-05 17:49:00,casual,classic,Central Station,Museum Mile,32.5,7.42,31.6
T202038,2025-07-05 17:57:00,casual,electric,University Ave,Old Town,20.3,4.95,28.2
T202039,2025-07-05 18:05:00,member,electric,Harbor Front,Tech Campus,13.8,4.17,24.3
T202040,2025-07-05 18:07:00,member,classic,University Ave,Stadium,23.1,4.81,26.2
T202041,2025-07-05 21:26:00,member,electric,City Hall,University Ave,8.2,2,26.9
T202042,2025-07-06 07:59:00,member,classic,City Hall,Museum Mile,12.5,2.17,24.9
T202043,2025-07-06 08:11:00,member,electric,Tech Campus,Lakeside,3.6,1.07,26.7
T202044,2025-07-06 08:42:00,member,classic,Harbor Front,Union Square,4.1,0.87,20.4
T202045,2025-07-06 08:43:00,member,classic,University Ave,Riverside Park,10.7,2.16,24.9
T202046,2025-07-06 09:59:00,member,classic,Market Hall,Museum Mile,13.4,3.04,24.5
T202047,2025-07-06 10:30:00,member,classic,Union Square,Riverside Park,18.3,3.17,28.3
T202048,2025-07-06 12:20:00,casual,classic,Central Station,Stadium,13.2,2.73,29.1
T202049,2025-07-06 12:22:00,casual,electric,Lakeside,Union Square,22.1,5.9,22.6
T202050,2025-07-06 14:47:00,casual,classic,University Ave,Central Station,23.7,3.96,30
T202051,2025-07-06 15:00:00,casual,classic,University Ave,City Hall,14.9,2.65,26
T202052,2025-07-06 16:47:00,casual,electric,University Ave,University Ave,6.1,1.08,27.7
T202053,2025-07-06 17:06:00,member,electric,Riverside Park,City Hall,9.5,2.88,28.1
T202054,2025-07-06 17:08:00,member,classic,Central Station,Harbor Front,3.3,0.67,24.3
T202055,2025-07-06 17:20:00,member,electric,Lakeside,Museum Mile,11.9,2.82,26.8
T202056,2025-07-06 17:47:00,casual,classic,Market Hall,Market Hall,10.6,1.39,24
T202057,2025-07-06 18:58:00,casual,classic,Union Square,Union Square,22.1,2.87,28.7
T202058,2025-07-06 19:18:00,member,electric,Central Station,University Ave,12.3,3.1,27.3
T202059,2025-07-06 19:52:00,member,electric,Old Town,University Ave,2.3,0.71,28.5
T202060,2025-07-07 07:25:00,member,classic,Museum Mile,Riverside Park,14.4,2.64,29.1
T202061,2025-07-07 07:27:00,member,classic,Lakeside,Lakeside,6.1,0.71,16.4
T202062,2025-07-07 07:37:00,member,electric,University Ave,Harbor Front,2.7,0.68,27
T202063,2025-07-07 07:41:00,member,electric,University Ave,University Ave,5.1,0.7,23.5
T202064,2025-07-07 08:04:00,member,electric,Stadium,Stadium,6.1,0.92,26.6
T202065,2025-07-07 08:15:00,member,electric,Tech Campus,University Ave,4.8,1.3,24.1
T202066,2025-07-07 08:28:00,member,electric,Old Town,Harbor Front,13.1,3.78,26.6
T202067,2025-07-07 08:30:00,member,electric,Union Square,Tech Campus,2,0.62,26.3
T202068,2025-07-07 10:01:00,casual,electric,Harbor Front,Stadium,19.1,5.7,30.1
T202069,2025-07-07 12:46:00,member,classic,Tech Campus,Old Town,17.4,3.26,22.7
T202070,2025-07-07 12:56:00,member,electric,Museum Mile,University Ave,11,2.6,19.9
T202071,2025-07-07 13:16:00,member,electric,Central Station,City Hall,19.4,4.88,26.2
T202072,2025-07-07 13:30:00,member,electric,Tech Campus,University Ave,2,0.61,26.3
T202073,2025-07-07 13:45:00,member,classic,Harbor Front,Stadium,16.4,2.84,27.9
T202074,2025-07-07 15:10:00,casual,classic,Harbor Front,Tech Campus,32,6.15,24.5
T202075,2025-07-07 15:37:00,casual,classic,Lakeside,Riverside Park,7.8,1.68,21.3
T202076,2025-07-07 15:37:00,casual,classic,University Ave,University Ave,23.4,2.34,31.5
T202077,2025-07-07 15:52:00,casual,classic,Market Hall,Market Hall,22.2,2.52,26.5
T202078,2025-07-07 16:02:00,casual,classic,Market Hall,Market Hall,21.6,2.6,24.3
T202079,2025-07-07 16:36:00,member,classic,City Hall,City Hall,11.7,1.26,33
T202080,2025-07-07 16:58:00,casual,electric,Central Station,Central Station,15.6,2.43,18.1
T202081,2025-07-07 17:19:00,member,classic,Market Hall,Lakeside,6.5,1.22,30.5
T202082,2025-07-07 17:46:00,member,classic,Lakeside,Harbor Front,10.6,1.77,25.1
T202083,2025-07-07 17:55:00,member,classic,Museum Mile,Stadium,9.6,1.98,25.6
T202084,2025-07-07 18:19:00,member,electric,Stadium,Riverside Park,6.2,1.62,23.3
T202085,2025-07-07 18:22:00,member,classic,Lakeside,Tech Campus,7.7,1.41,25.1
T202086,2025-07-07 18:33:00,casual,classic,Museum Mile,Central Station,2,0.34,24.3
T202087,2025-07-07 18:40:00,casual,electric,Stadium,University Ave,47.6,12.89,24.6
T202088,2025-07-07 18:49:00,member,electric,University Ave,Harbor Front,10.9,3.07,22.3
T202089,2025-07-07 19:03:00,member,classic,Market Hall,Riverside Park,9.2,1.96,24.1
T202090,2025-07-07 19:08:00,casual,classic,Stadium,Old Town,11.4,2.29,25.3
T202091,2025-07-07 19:15:00,member,classic,Lakeside,University Ave,9.1,1.6,28.8
T202092,2025-07-07 19:17:00,casual,electric,Market Hall,Market Hall,19.2,3.14,29.2
T202093,2025-07-07 19:44:00,member,electric,Union Square,Union Square,14.6,2.27,27.7
T202094,2025-07-07 19:56:00,member,classic,City Hall,Lakeside,10.7,2.12,26.3
T202095,2025-07-07 21:56:00,member,classic,Old Town,Lakeside,8.8,1.58,29.2
T202096,2025-07-08 08:43:00,member,classic,Central Station,Central Station,12,1.38,27.8
T202097,2025-07-08 09:22:00,member,electric,Lakeside,Riverside Park,7.7,2.13,18
T202098,2025-07-08 09:30:00,member,electric,Lakeside,Tech Campus,5.8,1.61,29.6
T202099,2025-07-08 10:00:00,casual,classic,Central Station,Old Town,39,8.03,31.1
T202100,2025-07-08 11:13:00,casual,electric,Stadium,Central Station,4.2,1.11,27.8
T202101,2025-07-08 12:03:00,casual,classic,Museum Mile,Union Square,19.9,3.69,24.6
T202102,2025-07-08 12:40:00,casual,electric,Tech Campus,Riverside Park,19.2,4.44,34.5
T202103,2025-07-08 14:29:00,casual,classic,Central Station,Museum Mile,16.8,3.48,27.1
T202104,2025-07-08 15:19:00,member,electric,Central Station,Union Square,5.5,1.47,24.8
T202105,2025-07-08 15:35:00,member,classic,Old Town,Riverside Park,17.4,2.96,23.4
T202106,2025-07-08 16:41:00,member,electric,Central Station,Union Square,6,1.37,24
T202107,2025-07-08 16:53:00,member,classic,Market Hall,City Hall,4.9,1.06,29.5
T202108,2025-07-08 17:32:00,member,classic,Union Square,Old Town,14.7,3.21,25.1
T202109,2025-07-08 17:33:00,member,classic,Tech Campus,Stadium,9.4,1.65,24.7
T202110,2025-07-08 17:36:00,member,electric,Union Square,Lakeside,10.2,3.15,25.4
T202111,2025-07-08 17:39:00,member,classic,Harbor Front,Union Square,4.6,0.81,29.9
T202112,2025-07-08 17:39:00,casual,electric,Stadium,Stadium,7.7,1.33,24.4
T202113,2025-07-08 19:19:00,member,classic,Old Town,University Ave,16.1,3.46,23.5
T202114,2025-07-09 08:24:00,member,electric,Museum Mile,Lakeside,12.5,3.7,25.7
T202115,2025-07-09 09:38:00,member,electric,Harbor Front,University Ave,10.1,2.65,23.4
T202116,2025-07-09 10:03:00,casual,classic,Old Town,Stadium,28.9,5.64,26.6
T202117,2025-07-09 10:31:00,member,classic,Union Square,Tech Campus,16.7,2.79,22.1
T202118,2025-07-09 10:50:00,member,classic,University Ave,Museum Mile,20.9,4.26,24.9
T202119,2025-07-09 11:08:00,casual,classic,Lakeside,Market Hall,29,4.92,25.2
T202120,2025-07-09 12:31:00,member,electric,Museum Mile,Union Square,2.7,0.81,26
T202121,2025-07-09 13:33:00,member,classic,City Hall,University Ave,15.4,2.69,34.7
T202122,2025-07-09 13:56:00,member,classic,University Ave,Museum Mile,7.4,1.38,21.8
T202123,2025-07-09 14:26:00,casual,classic,Market Hall,Tech Campus,27.1,4.78,28.5
T202124,2025-07-09 16:06:00,member,classic,Lakeside,Union Square,3.9,0.88,23.2
T202125,2025-07-09 16:43:00,casual,classic,University Ave,Stadium,37.1,7.96,26.5
T202126,2025-07-09 17:08:00,member,classic,Harbor Front,Harbor Front,10.9,1.42,26.4
T202127,2025-07-09 17:44:00,casual,classic,Market Hall,Lakeside,32.3,6.93,24.3
T202128,2025-07-09 17:52:00,member,classic,City Hall,Market Hall,16,2.69,25.1
T202129,2025-07-09 18:07:00,member,classic,City Hall,Old Town,22.5,3.96,27.2
T202130,2025-07-09 18:21:00,member,classic,Harbor Front,Union Square,10.3,1.89,26.1
T202131,2025-07-09 18:39:00,casual,electric,Market Hall,Old Town,18,4.82,24.1
T202132,2025-07-09 19:26:00,member,classic,Riverside Park,Lakeside,17.7,3.95,27.7
T202133,2025-07-10 07:16:00,member,classic,Market Hall,University Ave,11,1.93,23.8
T202134,2025-07-10 07:29:00,member,classic,Museum Mile,Union Square,18.3,3.91,27.5
T202135,2025-07-10 07:47:00,member,classic,Tech Campus,University Ave,12.8,2.16,22.1
T202136,2025-07-10 07:57:00,member,electric,Central Station,Museum Mile,9.9,3,25.3
T202137,2025-07-10 09:15:00,member,classic,Lakeside,Tech Campus,19.6,4.47,23.3
T202138,2025-07-10 09:31:00,member,classic,Tech Campus,University Ave,11.6,2.3,20.1
T202139,2025-07-10 12:10:00,casual,classic,Tech Campus,Stadium,11.2,1.95,27.5
T202140,2025-07-10 12:48:00,member,electric,City Hall,City Hall,12.4,2.31,25.2
T202141,2025-07-10 13:10:00,member,electric,Harbor Front,University Ave,2,0.5,17.1
T202142,2025-07-10 15:04:00,member,classic,Central Station,Riverside Park,8.1,1.84,25.1
T202143,2025-07-10 15:51:00,casual,electric,Union Square,University Ave,20,4.87,23.2
T202144,2025-07-10 16:06:00,member,classic,Museum Mile,Union Square,23.7,4.04,22.5
T202145,2025-07-10 16:19:00,member,classic,Stadium,Central Station,7,1.4,24.7
T202146,2025-07-10 16:19:00,casual,classic,Lakeside,Market Hall,32.4,5.67,21.9
T202147,2025-07-10 17:21:00,member,classic,City Hall,Central Station,15.5,3.02,27.6
T202148,2025-07-10 17:29:00,member,classic,Market Hall,Union Square,13.8,2.39,25.6
T202149,2025-07-10 17:30:00,member,classic,Riverside Park,Stadium,11.2,2.42,26.8
T202150,2025-07-10 17:39:00,member,electric,Central Station,Market Hall,8.6,2.39,22.8
T202151,2025-07-10 17:59:00,casual,electric,Central Station,Stadium,28.9,9,27.5
T202152,2025-07-10 18:07:00,casual,electric,Museum Mile,Museum Mile,7.8,1.38,25.7
T202153,2025-07-10 18:26:00,member,classic,Harbor Front,Old Town,11.6,2.05,26
T202154,2025-07-10 18:29:00,member,electric,Lakeside,Stadium,25.7,6.46,26.7
T202155,2025-07-11 07:11:00,member,electric,Harbor Front,Lakeside,15.1,4.61,30.3
T202156,2025-07-11 07:30:00,member,electric,Old Town,Old Town,12.3,2.11,26.6
T202157,2025-07-11 07:59:00,member,classic,Central Station,Old Town,11.6,2.02,23.6
T202158,2025-07-11 08:01:00,member,classic,City Hall,Riverside Park,15.1,3.29,25.2
T202159,2025-07-11 08:05:00,member,classic,Riverside Park,Riverside Park,16.1,2.02,20.2
T202160,2025-07-11 08:25:00,member,electric,Lakeside,Old Town,18.9,4.94,23.2
T202161,2025-07-11 08:35:00,member,classic,Stadium,Harbor Front,11.4,2.42,29.7
T202162,2025-07-11 08:47:00,member,electric,Harbor Front,Lakeside,11.6,3.43,24.9
T202163,2025-07-11 09:14:00,member,classic,University Ave,Union Square,15.6,3.01,31.8
T202164,2025-07-11 09:30:00,member,classic,Market Hall,Old Town,11.9,2.11,22.7
T202165,2025-07-11 09:32:00,member,electric,Market Hall,Union Square,2,0.46,26.4
T202166,2025-07-11 10:45:00,member,electric,Stadium,Tech Campus,4.4,1.06,27.7
T202167,2025-07-11 11:32:00,casual,classic,Central Station,Central Station,43.3,4.92,25.3
T202168,2025-07-11 12:02:00,casual,electric,Union Square,Lakeside,12.7,3.52,29.9
T202169,2025-07-11 12:50:00,casual,classic,Lakeside,Union Square,41.1,7.91,29.2
T202170,2025-07-11 12:54:00,casual,electric,City Hall,Market Hall,12.9,3.99,28.2
T202171,2025-07-11 13:00:00,member,classic,Lakeside,University Ave,12.7,2.53,24.8
T202172,2025-07-11 13:57:00,casual,electric,Tech Campus,Tech Campus,12,2.19,23.7
T202173,2025-07-11 14:06:00,casual,classic,Harbor Front,Harbor Front,10.4,1.38,28
T202174,2025-07-11 15:34:00,casual,classic,Lakeside,Stadium,2.7,0.47,19.1
T202175,2025-07-11 15:36:00,casual,classic,Lakeside,Union Square,33.7,6.18,24.4
T202176,2025-07-11 15:51:00,casual,classic,Harbor Front,Union Square,13.5,2.92,21.7
T202177,2025-07-11 18:05:00,member,electric,Old Town,University Ave,19.4,5.74,26.4
T202178,2025-07-11 18:26:00,member,classic,City Hall,City Hall,12.2,1.65,25
T202179,2025-07-11 18:58:00,member,classic,Old Town,Central Station,13.8,2.82,20.8
T202180,2025-07-11 19:08:00,casual,electric,Museum Mile,Central Station,2,0.57,22.5
T202181,2025-07-11 19:52:00,member,electric,Union Square,Old Town,11.2,2.72,28.1
T202182,2025-07-12 08:04:00,member,classic,Harbor Front,Market Hall,7.7,1.76,23.8
T202183,2025-07-12 08:36:00,member,classic,Market Hall,Museum Mile,2,0.45,24.9
T202184,2025-07-12 09:34:00,member,classic,City Hall,Union Square,5.3,0.89,30.1
T202185,2025-07-12 10:38:00,member,classic,City Hall,Old Town,10.4,2.28,30
T202186,2025-07-12 11:35:00,casual,classic,Riverside Park,University Ave,52.7,11.79,23.5
T202187,2025-07-12 12:50:00,member,electric,Stadium,Central Station,13.5,3.23,23.9
T202188,2025-07-12 13:15:00,casual,classic,Harbor Front,Lakeside,18.9,3.53,26.6
T202189,2025-07-12 13:59:00,member,electric,University Ave,Harbor Front,14.9,4.4,29.4
T202190,2025-07-12 15:44:00,member,classic,Riverside Park,Lakeside,8.5,1.67,25.2
T202191,2025-07-12 16:29:00,casual,classic,Stadium,City Hall,10.6,2.26,26
T202192,2025-07-12 16:46:00,member,electric,University Ave,Museum Mile,17.5,4.55,27
T202193,2025-07-12 17:13:00,member,electric,Market Hall,Riverside Park,7.8,2.32,28.4
T202194,2025-07-12 17:15:00,member,electric,Old Town,Tech Campus,6.1,1.74,25.7
T202195,2025-07-12 18:30:00,casual,electric,Lakeside,City Hall,5.9,1.6,27.3
T202196,2025-07-12 19:12:00,member,electric,Union Square,Museum Mile,10,2.94,24.8
T202197,2025-07-12 20:35:00,casual,classic,City Hall,Museum Mile,25.8,5.4,22.6
T202198,2025-07-13 07:22:00,member,classic,Tech Campus,Old Town,13.4,2.26,28.5
T202199,2025-07-13 08:05:00,member,classic,Riverside Park,Riverside Park,3.4,0.42,21.4
T202200,2025-07-13 08:58:00,member,classic,Old Town,Lakeside,11.6,2.64,26.8
T202201,2025-07-13 09:00:00,member,classic,Market Hall,Stadium,10.5,1.88,26
T202202,2025-07-13 09:31:00,member,classic,Lakeside,University Ave,17.2,3.71,25.4
T202203,2025-07-13 09:42:00,member,classic,University Ave,Stadium,16.3,2.87,26
T202204,2025-07-13 09:58:00,member,classic,Harbor Front,Union Square,12,2.4,30.2
T202205,2025-07-13 10:02:00,casual,classic,Harbor Front,Union Square,25.6,4.99,23.3
T202206,2025-07-13 10:30:00,member,classic,Harbor Front,City Hall,13.9,2.95,20.6
T202207,2025-07-13 10:35:00,casual,classic,Tech Campus,Old Town,15.9,3.01,26.1
T202208,2025-07-13 11:05:00,casual,electric,Market Hall,Museum Mile,35.7,8.12,23
T202209,2025-07-13 11:42:00,casual,electric,Market Hall,Lakeside,14.4,4.4,24.2
T202210,2025-07-13 12:08:00,member,electric,Harbor Front,Harbor Front,9.6,1.72,28.5
T202211,2025-07-13 13:16:00,member,electric,Lakeside,Harbor Front,6.3,1.94,28.3
T202212,2025-07-13 15:16:00,member,electric,Old Town,Union Square,5.5,1.67,26.4
T202213,2025-07-13 16:32:00,member,electric,Lakeside,Stadium,12.5,3.01,24.9
T202214,2025-07-13 16:44:00,member,classic,City Hall,Union Square,15.5,3.33,25.8
T202215,2025-07-13 17:12:00,member,electric,Museum Mile,Riverside Park,12.6,2.94,27.8
T202216,2025-07-13 17:34:00,member,classic,Lakeside,Central Station,2.7,0.52,23
T202217,2025-07-13 17:45:00,member,classic,Old Town,Old Town,2,0.3,28
T202218,2025-07-13 18:58:00,casual,electric,Riverside Park,Riverside Park,20.1,3.61,28.1
T202219,2025-07-14 07:28:00,member,classic,Riverside Park,Market Hall,17.9,3.87,25.3
T202220,2025-07-14 08:51:00,member,classic,Museum Mile,Harbor Front,12.1,2.16,24.1
T202221,2025-07-14 08:58:00,member,classic,Union Square,Riverside Park,10.8,1.8,25.3
T202222,2025-07-14 09:50:00,member,classic,Central Station,Union Square,5.6,1.1,24
T202223,2025-07-14 10:45:00,member,electric,Stadium,Tech Campus,14.6,3.42,27.1
T202224,2025-07-14 11:59:00,casual,classic,Riverside Park,University Ave,40.4,7.03,23.9
T202225,2025-07-14 12:24:00,casual,classic,City Hall,Riverside Park,28.9,4.9,22.3
T202226,2025-07-14 13:01:00,member,electric,Harbor Front,City Hall,12.4,3.16,26.5
T202227,2025-07-14 13:53:00,member,electric,City Hall,Museum Mile,9.4,2.67,28.4
T202228,2025-07-14 15:06:00,member,electric,Old Town,Museum Mile,2,0.55,25.3
T202229,2025-07-14 16:36:00,member,classic,Old Town,Museum Mile,5.6,1.25,24.1
T202230,2025-07-14 17:06:00,member,classic,Market Hall,Union Square,7.8,1.34,29.2
T202231,2025-07-14 17:15:00,member,electric,Harbor Front,University Ave,7.4,2.14,22.7
T202232,2025-07-14 17:51:00,member,electric,Old Town,University Ave,8.9,2.44,22.1
T202233,2025-07-14 19:23:00,member,classic,University Ave,Union Square,2,0.39,22.8
T202234,2025-07-14 19:51:00,member,electric,Market Hall,University Ave,23,5.61,26.6
T202235,2025-07-15 07:59:00,member,electric,Riverside Park,Market Hall,9.6,2.68,29.2
T202236,2025-07-15 08:10:00,member,classic,Old Town,Harbor Front,16.4,3.51,31.1
T202237,2025-07-15 08:51:00,member,classic,Tech Campus,Tech Campus,14.7,1.51,30
T202238,2025-07-15 09:13:00,member,electric,Harbor Front,City Hall,8,2.35,19
T202239,2025-07-15 09:31:00,member,classic,University Ave,Stadium,10.9,2.48,27.8
T202240,2025-07-15 09:44:00,member,electric,Union Square,Museum Mile,8.6,2.07,22.5
T202241,2025-07-15 12:13:00,member,classic,Lakeside,Union Square,13.6,2.94,26.7
T202242,2025-07-15 13:09:00,casual,classic,City Hall,Harbor Front,24.4,4.41,22.3
T202243,2025-07-15 13:15:00,member,classic,Tech Campus,Riverside Park,18.3,3.52,24.7
T202244,2025-07-15 14:50:00,casual,electric,Market Hall,Union Square,24.2,6.69,28.4
T202245,2025-07-15 15:15:00,member,classic,University Ave,Riverside Park,4,0.83,24.8
T202246,2025-07-15 15:41:00,member,classic,Central Station,Riverside Park,14.4,2.53,20.1
T202247,2025-07-15 16:04:00,member,electric,University Ave,University Ave,11.1,1.58,31.6
T202248,2025-07-15 16:24:00,member,classic,Central Station,Central Station,22.4,2.72,24.3
T202249,2025-07-15 18:09:00,member,electric,City Hall,Central Station,6.8,1.81,26.1
T202250,2025-07-15 18:10:00,member,classic,Union Square,University Ave,8.8,1.85,29.5
T202251,2025-07-15 18:12:00,member,classic,Lakeside,Lakeside,8,0.88,23.4
T202252,2025-07-15 18:21:00,member,classic,Harbor Front,Tech Campus,21.4,4.69,26.4
T202253,2025-07-15 18:40:00,member,classic,Stadium,Market Hall,15.1,3.43,25.2
T202254,2025-07-15 18:51:00,member,classic,City Hall,Museum Mile,14.2,3.23,29.7
T202255,2025-07-15 19:39:00,member,classic,Union Square,Old Town,10.1,2.06,22.7
T202256,2025-07-15 20:26:00,casual,classic,Stadium,Market Hall,13.3,2.7,26.6
T202257,2025-07-15 21:05:00,member,electric,City Hall,Harbor Front,10.6,3.14,27.7
T202258,2025-07-16 07:22:00,member,classic,Harbor Front,Market Hall,14.9,3.37,21.6
T202259,2025-07-16 07:29:00,member,classic,Harbor Front,Museum Mile,7.8,1.49,27.7
T202260,2025-07-16 08:16:00,member,electric,Central Station,Riverside Park,3.1,0.76,31.4
T202261,2025-07-16 08:31:00,member,electric,Union Square,Union Square,2.6,0.37,32.4
T202262,2025-07-16 08:36:00,member,classic,Stadium,Stadium,18.2,2.02,25.3
T202263,2025-07-16 10:26:00,member,electric,Old Town,University Ave,8.2,2.46,21.3
T202264,2025-07-16 11:43:00,casual,classic,Stadium,City Hall,16.1,3.2,27.1
T202265,2025-07-16 12:15:00,member,classic,Market Hall,Harbor Front,18.5,3.88,24.5
T202266,2025-07-16 12:21:00,member,classic,Museum Mile,University Ave,5.1,0.92,20.8
T202267,2025-07-16 13:23:00,casual,electric,Harbor Front,Union Square,26.4,8.12,27.9
T202268,2025-07-16 13:45:00,member,classic,Stadium,University Ave,2,0.36,28.6
T202269,2025-07-16 14:33:00,casual,classic,Riverside Park,Lakeside,18.2,3.74,25.9
T202270,2025-07-16 15:10:00,member,classic,Lakeside,Riverside Park,9.4,2.1,30.4
T202271,2025-07-16 15:15:00,casual,electric,Central Station,Stadium,10.4,2.7,27.7
T202272,2025-07-16 16:43:00,casual,classic,Stadium,Stadium,34,3.56,30.6
T202273,2025-07-16 17:06:00,member,electric,City Hall,Museum Mile,2.8,0.78,25.4
T202274,2025-07-16 18:34:00,member,electric,Old Town,Market Hall,13.5,3.97,29.3
T202275,2025-07-16 18:45:00,member,classic,Stadium,Riverside Park,11.5,2.19,27.7
T202276,2025-07-16 18:48:00,member,classic,Tech Campus,Riverside Park,9.3,2.1,29.2
T202277,2025-07-16 21:28:00,member,classic,Tech Campus,University Ave,17.9,3.65,29.6
T202278,2025-07-17 09:06:00,member,classic,Lakeside,Tech Campus,13.7,2.52,28.6
T202279,2025-07-17 09:53:00,member,classic,Riverside Park,University Ave,4.1,0.82,20.6
T202280,2025-07-17 12:49:00,member,classic,Stadium,Stadium,6.2,0.71,28.6
T202281,2025-07-17 12:52:00,member,electric,Market Hall,Museum Mile,15.7,3.72,27.9
T202282,2025-07-17 13:45:00,casual,classic,Union Square,Lakeside,27.8,6.06,24.8
T202283,2025-07-17 14:33:00,casual,classic,Riverside Park,City Hall,21.6,3.82,30.3
T202284,2025-07-17 16:17:00,member,classic,Central Station,Harbor Front,17.2,3.92,24.8
T202285,2025-07-17 16:18:00,casual,classic,Lakeside,Tech Campus,2,0.43,25.3
T202286,2025-07-17 16:22:00,member,classic,Central Station,Central Station,15.4,1.73,26.6
T202287,2025-07-17 16:54:00,member,classic,Stadium,City Hall,12,2.07,24.8
T202288,2025-07-17 16:57:00,casual,classic,Old Town,Union Square,30.6,6.91,26.4
T202289,2025-07-17 17:40:00,member,classic,Riverside Park,Old Town,17.8,3.76,21.8
T202290,2025-07-17 17:57:00,member,electric,Riverside Park,City Hall,14.1,3.69,27.6
T202291,2025-07-17 18:02:00,member,electric,University Ave,Tech Campus,19.4,5.77,25.5
T202292,2025-07-17 18:11:00,member,electric,Union Square,Union Square,2,0.3,24.5
T202293,2025-07-17 18:50:00,casual,classic,Tech Campus,Market Hall,10,2.22,25.1
T202294,2025-07-17 19:07:00,casual,electric,Harbor Front,Riverside Park,44.2,12.05,30
T202295,2025-07-17 19:58:00,casual,electric,Harbor Front,Central Station,36.4,9.97,24.8
T202296,2025-07-18 07:29:00,member,classic,Old Town,Market Hall,10.5,2,25.8
T202297,2025-07-18 08:57:00,member,electric,Old Town,Old Town,12.6,1.89,23.8
T202298,2025-07-18 14:27:00,casual,electric,Lakeside,Harbor Front,42.5,11.12,22.7
T202299,2025-07-18 14:35:00,casual,classic,Tech Campus,Union Square,11.7,2.52,26
T202300,2025-07-18 15:45:00,casual,electric,Lakeside,City Hall,10,3.11,23.3
T202301,2025-07-18 16:07:00,member,classic,Tech Campus,Harbor Front,16.9,3.21,24.4
T202302,2025-07-18 16:19:00,member,classic,Union Square,City Hall,16.1,3.24,25.7
T202303,2025-07-18 16:23:00,member,classic,Old Town,Central Station,11.6,2,28.2
T202304,2025-07-18 16:48:00,member,electric,Central Station,Old Town,10.9,2.55,21.6
T202305,2025-07-18 16:57:00,member,classic,Stadium,Tech Campus,12,2.18,30.1
T202306,2025-07-18 17:05:00,casual,classic,Harbor Front,Stadium,32,7.04,24.5
T202307,2025-07-18 17:09:00,member,classic,Stadium,Market Hall,10.6,2.3,30.7
T202308,2025-07-18 17:30:00,member,classic,University Ave,Old Town,10.5,2.16,24.8
T202309,2025-07-18 17:48:00,member,classic,Harbor Front,Tech Campus,19.9,4.4,27.2
T202310,2025-07-18 17:56:00,casual,classic,Central Station,Central Station,24.1,2.53,28
T202311,2025-07-18 18:20:00,casual,classic,Harbor Front,Market Hall,39.7,7.14,26.8
T202312,2025-07-18 18:34:00,member,classic,Old Town,Tech Campus,2.2,0.48,26.1
T202313,2025-07-18 20:49:00,casual,classic,Market Hall,Stadium,35.6,6.56,29.7
T202314,2025-07-19 07:33:00,member,classic,City Hall,Old Town,8.3,1.77,25.6
T202315,2025-07-19 08:57:00,member,classic,Museum Mile,Market Hall,18.5,3.74,21.1
T202316,2025-07-19 11:17:00,casual,classic,Old Town,Old Town,26.9,3.27,24.9
T202317,2025-07-19 12:05:00,member,classic,Riverside Park,Riverside Park,7.1,0.78,27.7
T202318,2025-07-19 12:25:00,casual,electric,Old Town,University Ave,16.1,3.86,21.8
T202319,2025-07-19 12:52:00,casual,classic,Harbor Front,Union Square,19.2,3.88,27
T202320,2025-07-19 12:56:00,casual,electric,Stadium,Central Station,13.3,3.48,29.6
T202321,2025-07-19 13:48:00,member,classic,Riverside Park,Tech Campus,11.8,2.26,27.3
T202322,2025-07-19 13:59:00,casual,electric,University Ave,Market Hall,15.1,4.28,32.1
T202323,2025-07-19 14:21:00,casual,classic,Central Station,Riverside Park,10.5,2.32,30.1
T202324,2025-07-19 14:31:00,casual,electric,Central Station,Tech Campus,27.4,6.81,26.9
T202325,2025-07-19 15:56:00,member,classic,Central Station,Tech Campus,9.9,1.74,24.3
T202326,2025-07-19 16:35:00,casual,electric,Old Town,Harbor Front,28.1,7.54,24.1
T202327,2025-07-19 16:37:00,casual,classic,Museum Mile,Lakeside,19.4,4.13,27
T202328,2025-07-19 17:31:00,member,classic,Museum Mile,Museum Mile,3,0.32,27.2
T202329,2025-07-19 18:56:00,casual,classic,Old Town,Stadium,3.3,0.65,27.3
T202330,2025-07-19 19:15:00,member,classic,City Hall,Central Station,2.5,0.49,25.4
T202331,2025-07-19 19:59:00,member,electric,University Ave,Harbor Front,5.2,1.23,24.5
T202332,2025-07-20 08:48:00,member,electric,Central Station,University Ave,7,1.67,30.8
T202333,2025-07-20 09:43:00,member,classic,Stadium,City Hall,2.7,0.5,27.5
T202334,2025-07-20 12:33:00,member,electric,Central Station,Museum Mile,2,0.47,20.5
T202335,2025-07-20 12:57:00,member,classic,Union Square,Tech Campus,3.5,0.77,23.3
T202336,2025-07-20 13:05:00,casual,classic,Stadium,Stadium,18.7,2.3,21.6
T202337,2025-07-20 13:43:00,member,classic,Lakeside,Old Town,18.2,4.12,24.2
T202338,2025-07-20 14:58:00,casual,electric,City Hall,University Ave,16.1,3.75,21.5
T202339,2025-07-20 17:07:00,member,electric,Stadium,Tech Campus,2,0.53,29.7
T202340,2025-07-20 18:37:00,member,classic,Lakeside,Central Station,4.4,0.97,31.9
T202341,2025-07-20 18:57:00,casual,classic,Market Hall,Museum Mile,51.3,11.14,30.6
T202342,2025-07-21 07:29:00,member,classic,Harbor Front,Old Town,23.5,4.55,26.2
T202343,2025-07-21 07:30:00,member,classic,Tech Campus,Museum Mile,13.3,2.62,23.2
T202344,2025-07-21 08:31:00,member,classic,Harbor Front,Central Station,6.6,1.46,23
T202345,2025-07-21 08:50:00,member,electric,City Hall,City Hall,15.9,2.71,28.3
T202346,2025-07-21 09:16:00,member,electric,Old Town,Harbor Front,5.4,1.38,22.9
T202347,2025-07-21 09:34:00,member,electric,Old Town,Old Town,2,0.37,26.2
T202348,2025-07-21 09:37:00,member,classic,University Ave,Harbor Front,9.5,2.14,26.1
T202349,2025-07-21 09:50:00,member,classic,Market Hall,Market Hall,22.7,2.78,25.8
T202350,2025-07-21 10:19:00,member,classic,Central Station,City Hall,3.1,0.65,27.5
T202351,2025-07-21 11:08:00,casual,classic,University Ave,Market Hall,18.9,3.29,24.7
T202352,2025-07-21 14:01:00,casual,classic,Union Square,Old Town,24.1,4.06,28.2
T202353,2025-07-21 15:31:00,casual,electric,Central Station,City Hall,35.5,8.45,24.2
T202354,2025-07-21 15:39:00,member,classic,Union Square,Lakeside,12.3,2.66,24.7
T202355,2025-07-21 15:55:00,casual,electric,Riverside Park,Harbor Front,3.3,0.95,23.7
T202356,2025-07-21 16:28:00,casual,electric,Lakeside,Central Station,32,9.68,24.7
T202357,2025-07-21 17:23:00,member,classic,Tech Campus,Tech Campus,21.2,2.73,25.3
T202358,2025-07-21 17:30:00,member,classic,Museum Mile,Museum Mile,9.3,1.26,27.3
T202359,2025-07-21 17:31:00,member,classic,University Ave,Lakeside,11.7,2.46,31.8
T202360,2025-07-21 17:53:00,member,electric,Harbor Front,Central Station,13,3.83,22.5
T202361,2025-07-22 07:32:00,member,electric,Lakeside,Central Station,2,0.56,24.8
T202362,2025-07-22 08:16:00,member,electric,Riverside Park,Harbor Front,7.3,1.82,31.4
T202363,2025-07-22 08:59:00,member,classic,Market Hall,Market Hall,18.9,2.32,20.2
T202364,2025-07-22 09:27:00,member,electric,Central Station,Central Station,6.2,0.99,25.8
T202365,2025-07-22 09:33:00,member,electric,Museum Mile,Museum Mile,16.2,2.26,25.3
T202366,2025-07-22 09:43:00,member,classic,Union Square,Tech Campus,11.2,2.47,24.6
T202367,2025-07-22 11:34:00,casual,electric,Union Square,City Hall,18.1,5.22,25.4
T202368,2025-07-22 12:29:00,casual,electric,Union Square,Tech Campus,15.8,4.08,29.6
T202369,2025-07-22 13:32:00,casual,electric,Tech Campus,Stadium,35.6,9.16,25.5
T202370,2025-07-22 14:27:00,casual,classic,Riverside Park,City Hall,29.7,5.45,29.5
T202371,2025-07-22 15:19:00,member,classic,Old Town,Lakeside,10.6,1.89,29.7
T202372,2025-07-22 16:07:00,casual,electric,Union Square,Market Hall,21,5.57,21.4
T202373,2025-07-22 16:56:00,member,classic,Tech Campus,Riverside Park,9,1.51,27.5
T202374,2025-07-22 17:00:00,member,classic,Stadium,City Hall,7.5,1.6,30.9
T202375,2025-07-22 17:04:00,member,classic,Lakeside,Tech Campus,11.6,2.56,26.6
T202376,2025-07-22 17:07:00,member,classic,Tech Campus,Tech Campus,9.2,1.14,32.7
T202377,2025-07-22 17:18:00,member,classic,Museum Mile,Tech Campus,7.9,1.7,26.4
T202378,2025-07-22 17:51:00,member,electric,Central Station,Central Station,2,0.3,27.2
T202379,2025-07-22 17:52:00,member,classic,Harbor Front,Old Town,8.9,1.83,20.6
T202380,2025-07-22 18:46:00,casual,classic,Harbor Front,Tech Campus,36.4,6.62,18.5
T202381,2025-07-22 19:27:00,member,electric,University Ave,City Hall,16,4.42,26.3
T202382,2025-07-22 21:12:00,member,classic,Central Station,Harbor Front,9.9,1.81,25.2
T202383,2025-07-22 21:29:00,member,classic,Stadium,Union Square,12,2.33,25.8
T202384,2025-07-23 09:01:00,member,electric,Lakeside,Stadium,12.4,3.25,28.3
T202385,2025-07-23 12:01:00,casual,electric,Lakeside,Harbor Front,26.5,7.74,31.3
T202386,2025-07-23 13:36:00,casual,electric,Union Square,Union Square,17.9,2.54,24.5
T202387,2025-07-23 15:16:00,casual,classic,Market Hall,Stadium,37.9,7.83,30.2
T202388,2025-07-23 15:29:00,member,classic,Riverside Park,Harbor Front,20.4,4.16,24.3
T202389,2025-07-23 16:26:00,casual,classic,Museum Mile,Stadium,29.9,6.43,25.9
T202390,2025-07-23 16:34:00,casual,electric,Stadium,Stadium,12.6,1.82,29.7
T202391,2025-07-23 16:50:00,member,classic,Union Square,Tech Campus,5.4,1.12,31.2
T202392,2025-07-23 16:58:00,member,classic,Museum Mile,Riverside Park,16.5,3.35,26.1
T202393,2025-07-23 17:46:00,member,classic,Tech Campus,Harbor Front,19.9,3.57,29.3
T202394,2025-07-23 18:13:00,member,electric,Harbor Front,Harbor Front,10.8,1.48,26.1
T202395,2025-07-23 18:54:00,casual,electric,Museum Mile,Lakeside,24.3,6.14,26.9
T202396,2025-07-23 19:29:00,member,classic,Tech Campus,Museum Mile,21.2,4.2,26.5
T202397,2025-07-23 20:11:00,casual,classic,Stadium,Riverside Park,5.8,1.07,23
T202398,2025-07-23 21:55:00,member,electric,Harbor Front,Museum Mile,7,2.05,25.7
T202399,2025-07-24 07:25:00,member,classic,City Hall,Harbor Front,2.3,0.48,27.7
T202400,2025-07-24 07:25:00,member,electric,Old Town,Riverside Park,10.4,2.38,26.9
T202401,2025-07-24 09:09:00,member,electric,City Hall,Harbor Front,5.4,1.57,31.2
T202402,2025-07-24 09:27:00,member,classic,Tech Campus,Central Station,16,3.09,25.2
T202403,2025-07-24 09:56:00,member,electric,Riverside Park,Tech Campus,4.1,1.09,23.4
T202404,2025-07-24 13:11:00,member,electric,Riverside Park,Riverside Park,10.7,1.57,23.8
T202405,2025-07-24 13:38:00,casual,electric,Old Town,University Ave,22.1,5.75,21.4
T202406,2025-07-24 15:10:00,member,electric,Harbor Front,Harbor Front,11.7,2.08,27.4
T202407,2025-07-24 15:19:00,casual,classic,University Ave,University Ave,23.2,2.66,29.8
T202408,2025-07-24 15:43:00,casual,classic,Museum Mile,Old Town,5,0.93,28.3
T202409,2025-07-24 16:08:00,member,classic,Old Town,Stadium,13.2,2.91,22.5
T202410,2025-07-24 17:17:00,member,electric,Old Town,Union Square,2,0.48,23.2
T202411,2025-07-24 17:43:00,member,classic,Museum Mile,Harbor Front,11.6,2.4,23.4
T202412,2025-07-24 17:43:00,casual,classic,Union Square,Union Square,12.3,1.54,28.3
T202413,2025-07-24 18:03:00,member,electric,Central Station,University Ave,7.2,1.83,28
T202414,2025-07-24 18:04:00,casual,classic,Stadium,Lakeside,40.3,7.39,35.7
T202415,2025-07-24 18:28:00,member,classic,Tech Campus,Market Hall,14.4,3.2,25.2
T202416,2025-07-24 18:41:00,member,classic,Riverside Park,Riverside Park,9.8,1.15,26.9
T202417,2025-07-24 18:57:00,member,electric,Harbor Front,Central Station,5.7,1.46,26.6
T202418,2025-07-24 19:50:00,member,classic,University Ave,Central Station,2.4,0.49,23.2
T202419,2025-07-25 07:06:00,member,electric,Lakeside,Lakeside,9.8,1.73,24.5
T202420,2025-07-25 10:57:00,member,classic,Market Hall,Museum Mile,11.2,2.15,28.9
T202421,2025-07-25 12:38:00,casual,electric,Lakeside,Harbor Front,20.2,4.94,27.8
T202422,2025-07-25 12:46:00,casual,classic,City Hall,Stadium,4.2,0.93,27.1
T202423,2025-07-25 12:53:00,member,electric,Union Square,City Hall,6.1,1.83,21.9
T202424,2025-07-25 13:25:00,member,electric,Riverside Park,Riverside Park,9,1.59,27.5
T202425,2025-07-25 14:22:00,casual,electric,Riverside Park,Museum Mile,28.7,8.21,21.8
T202426,2025-07-25 14:50:00,casual,classic,Market Hall,Tech Campus,14.3,2.9,23.8
T202427,2025-07-25 16:27:00,member,electric,Old Town,Riverside Park,5.4,1.68,25.2
T202428,2025-07-25 18:41:00,member,classic,City Hall,Central Station,21.8,4.17,27.5
T202429,2025-07-25 19:26:00,member,electric,Market Hall,Lakeside,8.2,1.91,29.7
T202430,2025-07-25 19:35:00,member,classic,Lakeside,Stadium,13.6,2.7,25
T202431,2025-07-26 08:33:00,member,electric,Stadium,Lakeside,10.3,2.5,26.2
T202432,2025-07-26 08:46:00,member,electric,Tech Campus,Old Town,10.3,3.16,23.8
T202433,2025-07-26 09:07:00,member,classic,City Hall,Tech Campus,7.8,1.54,24.2
T202434,2025-07-26 09:18:00,member,classic,Tech Campus,Union Square,7.3,1.33,31.1
T202435,2025-07-26 10:19:00,casual,classic,Tech Campus,City Hall,32.9,6.03,28.4
T202436,2025-07-26 11:31:00,casual,classic,Riverside Park,City Hall,35.8,7.86,33.7
T202437,2025-07-26 12:20:00,casual,electric,Museum Mile,Lakeside,22.1,6.73,31.4
T202438,2025-07-26 12:25:00,casual,classic,Central Station,Central Station,2,0.3,24.4
T202439,2025-07-26 13:00:00,casual,classic,Central Station,Union Square,24.8,5.13,28.4
T202440,2025-07-26 13:07:00,casual,classic,City Hall,Old Town,30.6,6.23,26.9
T202441,2025-07-26 13:14:00,member,electric,Stadium,Stadium,14.1,2.08,25.2
T202442,2025-07-26 13:34:00,casual,electric,Museum Mile,City Hall,11.5,3.32,25.1
T202443,2025-07-26 13:35:00,member,electric,Central Station,Riverside Park,2,0.52,21
T202444,2025-07-26 13:45:00,casual,classic,City Hall,Museum Mile,22.8,4.33,22.5
T202445,2025-07-26 15:01:00,member,electric,Market Hall,Riverside Park,11.5,3.14,25.6
T202446,2025-07-26 16:04:00,member,electric,Old Town,Lakeside,16.5,4.09,27.2
T202447,2025-07-26 16:14:00,member,classic,Harbor Front,City Hall,12.9,2.79,24.4
T202448,2025-07-26 16:30:00,member,classic,Old Town,Central Station,14.5,2.62,24.3
T202449,2025-07-26 16:58:00,member,classic,Lakeside,Union Square,10.4,1.91,28.1
T202450,2025-07-26 18:58:00,member,classic,Riverside Park,Harbor Front,13.2,3.01,27.9
T202451,2025-07-26 19:44:00,casual,classic,Union Square,Central Station,8,1.43,30.2
T202452,2025-07-26 19:48:00,member,electric,Market Hall,Museum Mile,9.6,2.76,26.8
T202453,2025-07-26 19:51:00,member,classic,Central Station,Stadium,2,0.38,25.3
T202454,2025-07-27 07:42:00,member,classic,Market Hall,Tech Campus,13.9,2.62,24.9
T202455,2025-07-27 08:56:00,member,classic,Lakeside,Old Town,8.9,1.9,25.8
T202456,2025-07-27 10:30:00,member,classic,Market Hall,Market Hall,4.6,0.48,22.2
T202457,2025-07-27 10:46:00,casual,classic,Union Square,University Ave,23.9,5.39,29.8
T202458,2025-07-27 11:21:00,casual,classic,Old Town,Union Square,25.4,5.37,27.3
T202459,2025-07-27 12:24:00,member,classic,Museum Mile,City Hall,19.4,4.27,25.5
T202460,2025-07-27 12:30:00,casual,electric,Market Hall,Market Hall,15.7,2.67,27.5
T202461,2025-07-27 12:31:00,member,electric,Union Square,Museum Mile,11.8,2.81,26
T202462,2025-07-27 14:27:00,casual,electric,Museum Mile,Union Square,2.5,0.61,28.8
T202463,2025-07-27 15:38:00,casual,classic,University Ave,Stadium,2,0.44,27
T202464,2025-07-27 15:41:00,member,classic,University Ave,University Ave,10.1,1.19,25.1
T202465,2025-07-27 16:33:00,casual,classic,University Ave,University Ave,35.2,4.11,24.2
T202466,2025-07-27 17:02:00,member,electric,Riverside Park,Market Hall,12.2,3.13,24.5
T202467,2025-07-27 17:38:00,member,electric,Stadium,Market Hall,19.7,5.1,31.8
T202468,2025-07-27 17:40:00,casual,classic,Market Hall,Museum Mile,23.7,4.67,23.5
T202469,2025-07-27 17:41:00,member,electric,Harbor Front,Harbor Front,9.4,1.46,26.5
T202470,2025-07-27 18:40:00,member,classic,City Hall,University Ave,9.3,1.84,23.2
T202471,2025-07-27 19:01:00,member,electric,Central Station,Tech Campus,5.4,1.29,29.1
T202472,2025-07-28 07:02:00,member,electric,Museum Mile,Union Square,10.4,2.97,25.2
T202473,2025-07-28 07:45:00,member,classic,Old Town,Museum Mile,8.3,1.52,29.8
T202474,2025-07-28 08:13:00,member,classic,Riverside Park,Old Town,3.6,0.72,26.6
T202475,2025-07-28 08:37:00,member,classic,Union Square,Riverside Park,2,0.45,30.9
T202476,2025-07-28 09:36:00,member,classic,Riverside Park,Riverside Park,22.5,2.52,17.4
T202477,2025-07-28 09:41:00,member,classic,Museum Mile,Museum Mile,3.9,0.5,25
T202478,2025-07-28 10:21:00,casual,electric,Old Town,Central Station,21.7,5.33,25
T202479,2025-07-28 12:51:00,casual,classic,Central Station,Union Square,30.7,5.63,27.6
T202480,2025-07-28 14:24:00,casual,electric,Tech Campus,Lakeside,14.9,3.51,27.8
T202481,2025-07-28 14:53:00,casual,classic,City Hall,City Hall,26.6,3.12,23.1
T202482,2025-07-28 16:08:00,member,classic,Lakeside,Museum Mile,16.2,3.01,24.8
T202483,2025-07-28 16:30:00,member,electric,Union Square,Lakeside,11.9,3.5,22.7
T202484,2025-08-01 07:27:00,member,electric,Riverside Park,Riverside Park,8.2,1.18,21.2
T202485,2025-08-01 08:38:00,member,classic,Tech Campus,Lakeside,2.1,0.46,26.4
T202486,2025-08-01 09:30:00,member,classic,Tech Campus,Lakeside,16.7,2.92,27
T202487,2025-08-01 10:33:00,casual,electric,Museum Mile,Museum Mile,14.4,2.55,25.7
T202488,2025-08-01 11:10:00,casual,electric,Museum Mile,Riverside Park,25.1,5.82,24.2
T202489,2025-08-01 11:38:00,casual,electric,Museum Mile,City Hall,22.6,5.31,26.2
T202490,2025-08-01 12:12:00,member,electric,City Hall,Stadium,11.6,3.18,26.2
T202491,2025-08-01 13:48:00,member,classic,University Ave,City Hall,8.4,1.68,26
T202492,2025-08-01 14:37:00,casual,classic,Stadium,Old Town,26.3,5.32,24.3
T202493,2025-08-01 15:01:00,member,classic,Market Hall,Market Hall,13,1.5,24.7
T202494,2025-08-01 16:36:00,member,electric,Old Town,Museum Mile,9.2,2.72,26.1
T202495,2025-08-01 16:43:00,casual,classic,Museum Mile,Museum Mile,22,2.99,23.5
T202496,2025-08-01 17:50:00,casual,classic,City Hall,Market Hall,28.9,5.98,21.7
T202497,2025-08-01 17:57:00,member,electric,Riverside Park,City Hall,16.7,4.8,28.4
T202498,2025-08-01 18:12:00,member,classic,City Hall,City Hall,14.5,1.74,26.5
T202499,2025-08-02 07:00:00,member,classic,Riverside Park,Riverside Park,7.8,1.02,23.9
T202500,2025-08-02 07:41:00,member,electric,Old Town,Old Town,10,1.62,31.5
T202501,2025-08-02 08:42:00,member,classic,Central Station,Old Town,9.2,2.08,23.9
T202502,2025-08-02 10:16:00,member,classic,Museum Mile,Lakeside,8.4,1.87,28.2
T202503,2025-08-02 11:07:00,casual,classic,Museum Mile,Riverside Park,10.2,2.04,23.2
T202504,2025-08-02 12:19:00,member,classic,Stadium,Riverside Park,9.6,1.76,27.9
T202505,2025-08-02 12:57:00,casual,classic,City Hall,Market Hall,19.8,4.02,24.2
T202506,2025-08-02 13:13:00,casual,classic,Tech Campus,Old Town,25.4,4.84,23.8
T202507,2025-08-02 15:48:00,casual,electric,Tech Campus,University Ave,6.8,1.75,20.3
T202508,2025-08-02 16:49:00,member,classic,Union Square,Central Station,9,1.91,22.2
T202509,2025-08-02 17:18:00,member,electric,Union Square,University Ave,11,2.56,24.1
T202510,2025-08-02 17:31:00,member,classic,Riverside Park,Old Town,18.2,4.01,27.7
T202511,2025-08-02 17:57:00,member,classic,Riverside Park,Stadium,2,0.44,26.9
T202512,2025-08-02 19:31:00,casual,electric,Lakeside,Market Hall,12.7,3.29,27.3
T202513,2025-08-02 21:13:00,member,electric,Riverside Park,Old Town,2,0.62,24.7
T202514,2025-08-03 07:24:00,member,electric,Union Square,Tech Campus,6.1,1.53,24.4
T202515,2025-08-03 07:47:00,member,classic,Harbor Front,Lakeside,17.1,3.61,23.5
T202516,2025-08-03 07:51:00,member,classic,Tech Campus,Tech Campus,10.5,1.42,26.1
T202517,2025-08-03 08:50:00,member,classic,Market Hall,Harbor Front,13.3,2.69,24.9
T202518,2025-08-03 10:07:00,casual,electric,Union Square,Old Town,5,1.42,22.9
T202519,2025-08-03 11:21:00,casual,classic,Harbor Front,Museum Mile,15.7,3.15,24.7
T202520,2025-08-03 13:36:00,casual,electric,Market Hall,Central Station,6.6,1.98,20.9
T202521,2025-08-03 13:42:00,member,electric,Harbor Front,Central Station,9.3,2.26,25.3
T202522,2025-08-03 14:56:00,casual,classic,Old Town,Market Hall,18.2,4.02,23.3
T202523,2025-08-03 15:36:00,casual,classic,Stadium,Union Square,39,7.54,27.2
T202524,2025-08-03 16:28:00,casual,classic,Market Hall,Tech Campus,27.3,6.01,26.9
T202525,2025-08-03 16:52:00,member,electric,City Hall,Old Town,7.1,2.09,24.8
T202526,2025-08-03 17:13:00,member,classic,Tech Campus,Union Square,3.4,0.69,25.7
T202527,2025-08-03 17:45:00,member,classic,City Hall,Tech Campus,22.3,4.94,21.3
T202528,2025-08-03 17:46:00,member,electric,University Ave,Stadium,18.6,5.29,23.3
T202529,2025-08-03 18:02:00,member,classic,Union Square,Market Hall,9.3,1.62,22.4
T202530,2025-08-03 18:34:00,casual,classic,University Ave,Lakeside,16.7,3.77,23.1
T202531,2025-08-03 19:29:00,casual,electric,Market Hall,Market Hall,14.4,2.08,25
T202532,2025-08-04 07:40:00,member,electric,City Hall,Museum Mile,5.5,1.29,29.7
T202533,2025-08-04 08:01:00,member,electric,Union Square,Central Station,5.6,1.42,25.7
T202534,2025-08-04 08:20:00,member,classic,Stadium,Lakeside,7.4,1.61,30.4
T202535,2025-08-04 10:42:00,member,classic,University Ave,Museum Mile,18.8,3.77,25.6
T202536,2025-08-04 12:07:00,casual,electric,Old Town,Harbor Front,13.8,3.74,22.7
T202537,2025-08-04 12:41:00,member,electric,University Ave,Tech Campus,14.1,3.25,25.2
T202538,2025-08-04 12:43:00,member,electric,Lakeside,Market Hall,4.8,1.2,29
T202539,2025-08-04 15:49:00,casual,classic,Stadium,Stadium,28.2,3.24,26.6
T202540,2025-08-04 16:48:00,member,classic,City Hall,Museum Mile,19.3,4.22,26
T202541,2025-08-04 16:53:00,member,electric,Market Hall,Museum Mile,15.9,4.92,23.3
T202542,2025-08-04 16:57:00,casual,classic,Union Square,Old Town,15.8,3.19,21.6
T202543,2025-08-04 17:19:00,member,classic,Old Town,Riverside Park,28.5,6.35,21.6
T202544,2025-08-04 17:23:00,member,electric,Old Town,Museum Mile,11.4,3.54,26.3
T202545,2025-08-04 17:29:00,member,classic,Harbor Front,Riverside Park,17.4,2.97,24.4
T202546,2025-08-04 17:34:00,member,classic,Central Station,Lakeside,9.8,1.92,22.7
T202547,2025-08-04 18:07:00,member,electric,Old Town,Old Town,14.1,2.3,31.1
T202548,2025-08-04 18:23:00,member,classic,Tech Campus,Stadium,15.8,3.6,18.9
T202549,2025-08-04 20:15:00,casual,classic,Market Hall,Union Square,27,6.16,29.5
T202550,2025-08-04 20:32:00,casual,classic,City Hall,Stadium,9.9,1.95,25.6
T202551,2025-08-04 21:36:00,member,electric,Union Square,Museum Mile,7,1.74,19.9
T202552,2025-08-05 07:34:00,member,classic,Museum Mile,Old Town,10.8,2.09,31.3
T202553,2025-08-05 08:03:00,member,electric,University Ave,City Hall,9,2.68,26.1
T202554,2025-08-05 09:18:00,member,classic,City Hall,Harbor Front,13.6,2.92,28.9
T202555,2025-08-05 09:29:00,member,electric,Museum Mile,Museum Mile,16.1,2.78,21.6
T202556,2025-08-05 10:04:00,member,classic,Riverside Park,University Ave,3.5,0.76,25.8
T202557,2025-08-05 10:25:00,member,electric,Stadium,Market Hall,10.9,2.62,26.6
T202558,2025-08-05 11:37:00,casual,classic,Riverside Park,Harbor Front,39.1,6.55,28.1
T202559,2025-08-05 13:43:00,member,classic,Lakeside,Stadium,6.6,1.29,23.8
T202560,2025-08-05 14:06:00,casual,classic,Lakeside,Harbor Front,28.8,5.44,21.2
T202561,2025-08-05 15:07:00,member,classic,Old Town,University Ave,16.8,2.82,23.3
T202562,2025-08-05 16:28:00,member,electric,Central Station,Central Station,15.6,2.56,24.7
T202563,2025-08-05 16:34:00,casual,electric,Museum Mile,Old Town,20.6,5.65,26.6
T202564,2025-08-05 16:51:00,member,electric,Museum Mile,Market Hall,12.4,3.08,29.1
T202565,2025-08-05 17:34:00,casual,classic,Stadium,City Hall,38.9,8.65,31
T202566,2025-08-05 17:36:00,member,electric,Stadium,University Ave,11.6,2.64,25.7
T202567,2025-08-05 17:57:00,member,classic,Riverside Park,City Hall,2,0.37,21.3
T202568,2025-08-05 18:20:00,member,classic,Riverside Park,Lakeside,10.6,1.89,21.6
T202569,2025-08-06 07:27:00,member,classic,Museum Mile,Old Town,18.6,4.24,28.2
T202570,2025-08-06 07:43:00,member,classic,Central Station,Museum Mile,19.6,4.23,24.6
T202571,2025-08-06 08:10:00,member,classic,Harbor Front,Market Hall,13.9,2.49,23
T202572,2025-08-06 08:22:00,member,classic,Central Station,Old Town,8.8,1.71,28
T202573,2025-08-06 12:03:00,member,classic,Union Square,Union Square,3.7,0.37,21.5
T202574,2025-08-06 12:36:00,member,classic,Market Hall,University Ave,20.1,4.35,24.6
T202575,2025-08-06 12:37:00,member,electric,Riverside Park,Museum Mile,17.2,5.18,25.2
T202576,2025-08-06 12:54:00,casual,electric,Riverside Park,City Hall,14.7,3.43,21.8
T202577,2025-08-06 13:18:00,member,electric,Old Town,Old Town,10,1.81,21.7
T202578,2025-08-06 14:36:00,casual,classic,Harbor Front,City Hall,24,4.11,24.1
T202579,2025-08-06 14:49:00,casual,electric,University Ave,Old Town,18.3,5.08,22.2
T202580,2025-08-06 15:47:00,casual,electric,Riverside Park,Harbor Front,15.2,3.57,24.9
T202581,2025-08-06 16:34:00,member,classic,Union Square,Union Square,11.9,1.61,23.5
T202582,2025-08-06 16:49:00,casual,classic,Riverside Park,Riverside Park,2,0.3,23.7
T202583,2025-08-06 18:41:00,casual,electric,University Ave,Stadium,16.3,5.07,24.4
T202584,2025-08-06 19:13:00,casual,classic,Union Square,Market Hall,12.4,2.19,19.6
T202585,2025-08-06 19:28:00,member,classic,University Ave,Tech Campus,2.4,0.44,23.1
T202586,2025-08-06 21:58:00,member,electric,City Hall,City Hall,2.3,0.43,24.2
T202587,2025-08-07 07:14:00,member,classic,Riverside Park,City Hall,12.9,2.53,28.8
T202588,2025-08-07 08:03:00,member,electric,Stadium,Stadium,4.3,0.75,23.8
T202589,2025-08-07 08:51:00,member,classic,Harbor Front,Lakeside,9.9,2.14,26.6
T202590,2025-08-07 09:45:00,member,classic,Union Square,Tech Campus,24.1,4.03,28.5
T202591,2025-08-07 10:43:00,member,classic,Stadium,City Hall,16.7,3.8,20.8
T202592,2025-08-07 11:27:00,casual,classic,Lakeside,Lakeside,10.1,1.34,21.8
T202593,2025-08-07 12:01:00,casual,electric,Stadium,Central Station,4.7,1.42,22.8
T202594,2025-08-07 12:07:00,casual,electric,City Hall,Harbor Front,11.7,2.93,26.5
T202595,2025-08-07 12:26:00,casual,electric,Union Square,Tech Campus,20.6,6.23,28.5
T202596,2025-08-07 12:44:00,member,classic,Stadium,Stadium,9.8,1,24.8
T202597,2025-08-07 13:33:00,member,electric,University Ave,Stadium,8.1,2.21,26.4
T202598,2025-08-07 14:06:00,casual,classic,Stadium,Stadium,19.5,2.5,21.2
T202599,2025-08-07 14:41:00,casual,electric,Central Station,Central Station,21.9,4.06,21.9
T202600,2025-08-07 15:37:00,casual,electric,City Hall,Central Station,14.5,4.46,28.5
T202601,2025-08-07 16:04:00,member,classic,Riverside Park,Harbor Front,6.6,1.28,24.4
T202602,2025-08-07 16:39:00,member,electric,Harbor Front,Union Square,6.6,1.71,23.1
T202603,2025-08-07 17:13:00,member,classic,Riverside Park,City Hall,23.3,4.3,25.8
T202604,2025-08-07 17:36:00,member,electric,Tech Campus,Union Square,12.8,3.14,29
T202605,2025-08-07 20:47:00,casual,classic,Riverside Park,Museum Mile,25.2,4.91,20.1
T202606,2025-08-07 21:43:00,member,electric,Riverside Park,Central Station,13.5,3.07,23.9
T202607,2025-08-08 07:50:00,member,electric,University Ave,Museum Mile,13.2,3.74,26.9
T202608,2025-08-08 10:06:00,member,classic,Museum Mile,Museum Mile,10.7,1.27,22.9
T202609,2025-08-08 10:36:00,member,classic,Riverside Park,Stadium,8.4,1.59,20.2
T202610,2025-08-08 10:40:00,casual,electric,Stadium,Union Square,4,1.23,26.7
T202611,2025-08-08 11:16:00,casual,electric,Market Hall,Old Town,21.6,6.65,26.3
T202612,2025-08-08 17:28:00,member,electric,Central Station,Union Square,6.5,1.73,22.9
T202613,2025-08-08 18:34:00,member,classic,Harbor Front,Union Square,13.4,2.65,26.8
T202614,2025-08-08 18:43:00,member,electric,Tech Campus,Tech Campus,19.3,3.16,24.7
T202615,2025-08-08 18:44:00,member,classic,Museum Mile,Lakeside,2,0.34,23.6
T202616,2025-08-08 19:27:00,member,classic,Central Station,City Hall,12.2,2.25,23.3
T202617,2025-08-08 19:33:00,casual,classic,Market Hall,University Ave,18.2,3.81,23.4
T202618,2025-08-08 19:56:00,member,electric,University Ave,Lakeside,10.5,3.12,21.7
T202619,2025-08-09 07:35:00,member,classic,Lakeside,City Hall,3.4,0.57,22.5
T202620,2025-08-09 08:17:00,member,electric,Market Hall,Lakeside,11.4,2.63,25.2
T202621,2025-08-09 08:46:00,member,electric,Harbor Front,Harbor Front,12.9,1.91,27.6
T202622,2025-08-09 09:37:00,member,classic,University Ave,Market Hall,3.7,0.84,23.8
T202623,2025-08-09 12:21:00,casual,electric,Stadium,Museum Mile,23.3,6.73,24.7
T202624,2025-08-09 12:56:00,member,classic,Stadium,Stadium,3,0.37,25.3
T202625,2025-08-09 13:07:00,member,classic,Lakeside,Museum Mile,11.5,2.12,21.5
T202626,2025-08-09 14:13:00,casual,classic,Old Town,Market Hall,24.7,5.02,28.5
T202627,2025-08-09 14:27:00,casual,electric,Riverside Park,Market Hall,8.7,2.29,19.6
T202628,2025-08-09 14:49:00,casual,classic,Stadium,Lakeside,23.3,3.96,21.7
T202629,2025-08-09 16:08:00,casual,classic,Market Hall,University Ave,2.8,0.48,23.6
T202630,2025-08-09 16:19:00,casual,electric,Central Station,Tech Campus,25.8,7.15,25.3
T202631,2025-08-09 16:39:00,member,electric,Lakeside,City Hall,8.1,2.28,27.8
T202632,2025-08-09 17:09:00,member,classic,Tech Campus,Tech Campus,4.1,0.52,26.9
T202633,2025-08-09 17:32:00,member,classic,Stadium,Tech Campus,11.5,1.95,20.9
T202634,2025-08-09 17:42:00,member,classic,Tech Campus,Riverside Park,11.4,2.04,28.2
T202635,2025-08-09 17:54:00,member,electric,Riverside Park,Lakeside,4,0.94,22.9
T202636,2025-08-09 17:58:00,member,electric,Riverside Park,University Ave,19.3,4.53,30.1
T202637,2025-08-09 18:19:00,member,classic,Harbor Front,Tech Campus,16.8,3.28,23.5
T202638,2025-08-09 18:34:00,member,electric,Museum Mile,Tech Campus,8.9,2.51,25.2
T202639,2025-08-09 18:39:00,member,classic,Lakeside,Market Hall,22.4,4.8,31.2
T202640,2025-08-09 19:55:00,member,electric,Market Hall,Lakeside,12.7,3.42,25.8
T202641,2025-08-09 21:05:00,member,classic,Old Town,Stadium,16.8,3.15,24.9
T202642,2025-08-09 21:54:00,member,electric,City Hall,Old Town,10.2,2.43,25.7
T202643,2025-08-10 07:29:00,member,electric,Stadium,Union Square,10.2,2.63,23.2
T202644,2025-08-10 09:07:00,member,electric,Harbor Front,Old Town,9.6,2.37,22.2
T202645,2025-08-10 11:57:00,casual,electric,Harbor Front,Harbor Front,28.8,4.26,26.9
T202646,2025-08-10 13:19:00,casual,classic,Stadium,Riverside Park,30,5.35,21.2
T202647,2025-08-10 13:47:00,member,classic,Riverside Park,Old Town,14.5,3.24,23.6
T202648,2025-08-10 14:02:00,casual,classic,Tech Campus,Market Hall,25.6,4.31,21.9
T202649,2025-08-10 15:36:00,casual,electric,Market Hall,Market Hall,23.8,3.3,27.6
T202650,2025-08-10 15:54:00,member,classic,Union Square,Old Town,16.5,2.85,23.9
T202651,2025-08-10 16:08:00,member,electric,Riverside Park,Harbor Front,18.6,5.4,25
T202652,2025-08-10 16:54:00,member,classic,Lakeside,Lakeside,12.3,1.55,27.5
T202653,2025-08-10 17:35:00,member,classic,Museum Mile,Old Town,6.4,1.41,23.4
T202654,2025-08-10 17:45:00,casual,classic,University Ave,Lakeside,28.5,5.89,23.9
T202655,2025-08-10 18:03:00,casual,electric,Market Hall,Museum Mile,18.6,4.4,27.3
T202656,2025-08-10 19:37:00,member,electric,University Ave,Museum Mile,10.3,2.96,26.9
T202657,2025-08-10 19:40:00,member,electric,Stadium,Tech Campus,2,0.6,29.5
T202658,2025-08-10 21:02:00,member,classic,City Hall,Old Town,13,2.52,21.7
T202659,2025-08-11 08:07:00,member,classic,City Hall,Tech Campus,15.2,2.84,27.4
T202660,2025-08-11 08:15:00,member,classic,Stadium,City Hall,12.9,2.78,20.2
T202661,2025-08-11 09:54:00,member,electric,Central Station,Central Station,7.3,1.36,26.2
T202662,2025-08-11 10:11:00,casual,electric,Old Town,Harbor Front,27.7,6.33,28.3
T202663,2025-08-11 10:12:00,casual,classic,Market Hall,Old Town,24.5,4.92,24.8
T202664,2025-08-11 10:38:00,member,electric,Lakeside,Market Hall,6.3,1.81,28.5
T202665,2025-08-11 11:49:00,casual,classic,Stadium,Tech Campus,12.4,2.63,27.6
T202666,2025-08-11 12:23:00,casual,electric,Union Square,Union Square,16.6,2.46,23.7
T202667,2025-08-11 12:35:00,member,classic,Stadium,Museum Mile,10.5,2.29,23.6
T202668,2025-08-11 13:19:00,casual,classic,Market Hall,Tech Campus,23.7,5.04,28.5
T202669,2025-08-11 13:22:00,member,classic,Union Square,Lakeside,10.8,2.31,29.3
T202670,2025-08-11 14:26:00,casual,classic,City Hall,Old Town,9.4,1.73,27.1
T202671,2025-08-11 15:39:00,casual,classic,Lakeside,Tech Campus,6.1,1.32,29.4
T202672,2025-08-11 16:25:00,member,classic,Harbor Front,Lakeside,15.6,2.83,32.4
T202673,2025-08-11 17:12:00,member,classic,Harbor Front,Lakeside,16,3.05,23.8
T202674,2025-08-11 17:18:00,member,classic,Stadium,Stadium,14.2,1.94,26.4
T202675,2025-08-11 17:26:00,member,electric,Market Hall,Stadium,7.2,1.74,22
T202676,2025-08-11 17:41:00,member,classic,City Hall,Tech Campus,20,4.43,25.9
T202677,2025-08-11 18:33:00,member,classic,Market Hall,Old Town,8.9,1.82,27.6
T202678,2025-08-11 18:51:00,member,classic,City Hall,Harbor Front,12.1,2.43,22.7
T202679,2025-08-11 18:51:00,member,electric,Harbor Front,Riverside Park,15,3.53,28.2
T202680,2025-08-11 18:52:00,member,classic,Riverside Park,Lakeside,17.5,3.42,19
T202681,2025-08-11 19:01:00,casual,classic,Riverside Park,Lakeside,14,2.7,24
T202682,2025-08-11 19:25:00,member,classic,Old Town,Union Square,13.7,2.58,26.5
T202683,2025-08-11 19:56:00,member,classic,Union Square,Market Hall,10.5,2.12,27
T202684,2025-08-11 20:16:00,casual,electric,Union Square,Old Town,25.9,7.78,20.3
T202685,2025-08-11 21:43:00,member,classic,Old Town,Harbor Front,2,0.36,22
T202686,2025-08-12 07:21:00,member,classic,Harbor Front,Museum Mile,17,3.7,27.5
T202687,2025-08-12 07:23:00,member,electric,City Hall,Market Hall,9.1,2.33,23.4
T202688,2025-08-12 08:36:00,member,classic,Central Station,Union Square,4.7,0.81,23.2
T202689,2025-08-12 08:51:00,member,electric,Harbor Front,Harbor Front,13.7,2.1,25.2
T202690,2025-08-12 09:14:00,member,classic,Union Square,Stadium,14.2,2.63,22.3
T202691,2025-08-12 10:33:00,member,electric,Central Station,Tech Campus,11.7,3.37,22.4
T202692,2025-08-12 10:53:00,member,classic,City Hall,Old Town,6.7,1.44,24.5
T202693,2025-08-12 11:58:00,casual,classic,Old Town,Riverside Park,25.5,4.63,26.5
T202694,2025-08-12 14:27:00,casual,classic,Lakeside,University Ave,50,10.79,21.8
T202695,2025-08-12 15:06:00,casual,classic,Stadium,City Hall,12.2,2.26,26.3
T202696,2025-08-12 17:11:00,casual,classic,City Hall,Harbor Front,31.3,6.29,28.5
T202697,2025-08-12 17:17:00,member,electric,Central Station,Riverside Park,8.6,2.64,27.5
T202698,2025-08-12 17:43:00,casual,classic,City Hall,Union Square,4.7,0.83,24.7
T202699,2025-08-12 19:36:00,member,classic,Old Town,Central Station,8.8,1.54,28.5
T202700,2025-08-12 21:21:00,member,electric,Harbor Front,Market Hall,11.8,3.25,29
T202701,2025-08-13 08:13:00,member,classic,Central Station,Riverside Park,11,2.06,22.8
T202702,2025-08-13 08:29:00,member,classic,Central Station,Central Station,15.1,2.04,22.8
T202703,2025-08-13 08:59:00,member,classic,University Ave,University Ave,15.7,1.8,24.3
T202704,2025-08-13 09:51:00,member,classic,Riverside Park,Market Hall,12.1,2.68,25.5
T202705,2025-08-13 10:54:00,member,classic,Harbor Front,Market Hall,2,0.45,22.3
T202706,2025-08-13 14:12:00,casual,classic,Old Town,Harbor Front,19.7,4.5,22.6
T202707,2025-08-13 14:38:00,casual,electric,Market Hall,Tech Campus,6.7,2.03,21.8
T202708,2025-08-13 14:47:00,casual,electric,Lakeside,Tech Campus,5.2,1.27,24.7
T202709,2025-08-13 15:02:00,casual,electric,Tech Campus,Union Square,17.1,4.7,28.8
T202710,2025-08-13 16:39:00,casual,classic,University Ave,Museum Mile,30.6,5.47,21.8
T202711,2025-08-13 16:49:00,member,classic,Stadium,Lakeside,15.3,3.47,22
T202712,2025-08-13 16:50:00,casual,classic,Central Station,Stadium,34.7,6.42,24.5
T202713,2025-08-13 18:16:00,member,electric,University Ave,Central Station,19.7,5.29,21.3
T202714,2025-08-13 18:22:00,member,electric,Museum Mile,Central Station,7.5,2.19,27.1
T202715,2025-08-14 08:41:00,member,electric,Harbor Front,Old Town,13.6,4.19,23.1
T202716,2025-08-14 08:58:00,member,electric,Museum Mile,Central Station,2,0.53,22.3
T202717,2025-08-14 09:36:00,member,classic,Market Hall,Tech Campus,14.5,3.24,23.6
T202718,2025-08-14 09:45:00,member,classic,Market Hall,Lakeside,9.4,1.64,23.5
T202719,2025-08-14 11:47:00,casual,electric,Union Square,Market Hall,28.6,6.62,19.2
T202720,2025-08-14 12:35:00,member,classic,Lakeside,Tech Campus,17,3.37,29.2
T202721,2025-08-14 13:33:00,casual,classic,Tech Campus,Harbor Front,20.2,4.17,25.8
T202722,2025-08-14 13:47:00,casual,classic,Central Station,Old Town,43.6,9.32,29
T202723,2025-08-14 14:14:00,casual,classic,City Hall,Old Town,23,3.89,25.7
T202724,2025-08-14 15:10:00,casual,electric,Harbor Front,Central Station,21.6,6.37,24.9
T202725,2025-08-14 15:25:00,casual,classic,City Hall,University Ave,25.2,5.17,27.9
T202726,2025-08-14 15:31:00,member,classic,City Hall,Market Hall,3.5,0.8,24.7
T202727,2025-08-14 15:57:00,member,classic,Museum Mile,Riverside Park,10.4,2.17,22.2
T202728,2025-08-14 16:39:00,casual,classic,Old Town,Market Hall,37.6,6.37,19.7
T202729,2025-08-14 17:12:00,casual,classic,Union Square,City Hall,5.4,1.22,26.2
T202730,2025-08-14 17:18:00,member,classic,University Ave,City Hall,9.3,2.03,26.4
T202731,2025-08-14 17:24:00,member,classic,Museum Mile,Old Town,2,0.34,31
T202732,2025-08-14 18:28:00,member,electric,Harbor Front,Museum Mile,9.4,2.32,27.4
T202733,2025-08-14 18:32:00,member,classic,Market Hall,Market Hall,12.1,1.63,22.4
T202734,2025-08-14 18:33:00,member,classic,Riverside Park,Old Town,9.8,1.76,17.9
T202735,2025-08-14 19:54:00,member,classic,University Ave,Riverside Park,9.7,1.97,15.6
T202736,2025-08-14 20:34:00,casual,electric,Market Hall,Riverside Park,19,5.77,26.3
T202737,2025-08-14 21:32:00,member,electric,Museum Mile,Museum Mile,12,1.9,26.8
T202738,2025-08-15 07:17:00,member,classic,Lakeside,Harbor Front,4.9,0.89,22.3
T202739,2025-08-15 07:33:00,member,classic,Lakeside,Market Hall,4.8,0.91,25.1
T202740,2025-08-15 07:42:00,member,electric,Union Square,Market Hall,18.1,4.24,25.3
T202741,2025-08-15 08:07:00,member,classic,University Ave,Riverside Park,2,0.34,22.9
T202742,2025-08-15 08:08:00,member,electric,City Hall,Union Square,16.6,5.11,25.6
T202743,2025-08-15 10:19:00,member,classic,Central Station,University Ave,5.6,1.03,22.7
T202744,2025-08-15 10:22:00,member,electric,Stadium,Old Town,21.9,5.52,24.1
T202745,2025-08-15 10:29:00,member,classic,Museum Mile,Lakeside,20.7,4.15,27.3
T202746,2025-08-15 11:09:00,casual,electric,University Ave,Central Station,34.5,8.98,15.9
T202747,2025-08-15 12:42:00,member,classic,Museum Mile,City Hall,14.3,3.27,22
T202748,2025-08-15 12:54:00,member,classic,Stadium,Stadium,14.7,2,25.3
T202749,2025-08-15 12:58:00,member,classic,Tech Campus,Lakeside,14.8,2.82,20.5
T202750,2025-08-15 13:03:00,member,classic,Union Square,Riverside Park,19.3,3.73,24.9
T202751,2025-08-15 13:29:00,member,electric,Stadium,Harbor Front,6.7,1.55,23.6
T202752,2025-08-15 13:46:00,casual,classic,Lakeside,Union Square,20,3.41,18.1
T202753,2025-08-15 16:30:00,member,electric,Stadium,Union Square,3.7,0.88,19.3
T202754,2025-08-15 17:32:00,member,electric,Central Station,City Hall,11.6,3.26,25
T202755,2025-08-15 18:26:00,member,classic,Lakeside,Old Town,8,1.53,29.2
T202756,2025-08-15 18:41:00,member,classic,Market Hall,Harbor Front,2,0.34,25.9
T202757,2025-08-15 18:52:00,casual,electric,Tech Campus,City Hall,34.7,8.87,29.5
T202758,2025-08-15 18:59:00,member,electric,Market Hall,Market Hall,3.2,0.48,24.8
T202759,2025-08-15 19:03:00,member,classic,Market Hall,Lakeside,5.3,1.18,22.7
T202760,2025-08-15 19:43:00,member,electric,University Ave,Lakeside,4.4,1.24,26.5
T202761,2025-08-15 19:52:00,member,classic,City Hall,Union Square,12.6,2.58,26.1
T202762,2025-08-16 07:59:00,member,electric,Riverside Park,Market Hall,19.4,5.07,19.3
T202763,2025-08-16 09:04:00,member,classic,Old Town,Tech Campus,13.6,2.65,24.3
T202764,2025-08-16 12:20:00,casual,electric,Union Square,Museum Mile,33,9.67,26.6
T202765,2025-08-16 13:03:00,member,classic,City Hall,Museum Mile,3.7,0.65,26.2
T202766,2025-08-16 13:05:00,member,electric,Central Station,Union Square,3.5,1,26
T202767,2025-08-16 14:07:00,casual,classic,Stadium,Union Square,41.2,7.36,24.7
T202768,2025-08-16 15:21:00,casual,electric,Tech Campus,Lakeside,21.5,5.64,24.8
T202769,2025-08-16 15:56:00,member,classic,Old Town,Old Town,15.7,2.04,22.6
T202770,2025-08-16 16:14:00,member,classic,City Hall,City Hall,10.1,1.32,27.2
T202771,2025-08-16 16:19:00,casual,electric,Old Town,Riverside Park,20,5.18,26.7
T202772,2025-08-16 16:29:00,member,electric,Museum Mile,Lakeside,11.8,3.21,29.8
T202773,2025-08-16 17:04:00,member,electric,Market Hall,Market Hall,19.4,3.58,24.6
T202774,2025-08-16 17:10:00,member,classic,Union Square,Riverside Park,15.3,3.05,22.1
T202775,2025-08-16 17:12:00,member,classic,Old Town,Riverside Park,19.9,3.77,26.5
T202776,2025-08-16 17:39:00,member,electric,Stadium,Stadium,2.4,0.44,26.9
T202777,2025-08-16 17:42:00,member,classic,City Hall,Riverside Park,12.8,2.62,27
T202778,2025-08-16 18:36:00,member,classic,Riverside Park,Stadium,9.3,2.02,23.3
T202779,2025-08-16 19:59:00,member,classic,Lakeside,Lakeside,15.6,1.69,27.6
T202780,2025-08-17 07:04:00,member,classic,Riverside Park,Market Hall,7,1.44,22.5
T202781,2025-08-17 09:36:00,member,electric,Tech Campus,Central Station,9.7,2.21,20
T202782,2025-08-17 10:07:00,member,classic,Tech Campus,Tech Campus,10.4,1.15,23.2
T202783,2025-08-17 11:17:00,casual,classic,Museum Mile,Riverside Park,2,0.36,19.5
T202784,2025-08-17 11:37:00,casual,classic,University Ave,Museum Mile,17.7,3.58,27.1
T202785,2025-08-17 11:59:00,casual,electric,City Hall,City Hall,10.3,1.86,26.6
T202786,2025-08-17 12:02:00,member,electric,Museum Mile,Old Town,10.4,2.53,20.2
T202787,2025-08-17 12:17:00,casual,electric,Harbor Front,Union Square,30.2,8.42,26.9
T202788,2025-08-17 12:22:00,member,electric,Museum Mile,University Ave,12.5,3.25,24.1
T202789,2025-08-17 12:33:00,casual,classic,University Ave,Market Hall,38.2,7.59,26.8
T202790,2025-08-17 12:59:00,member,classic,Old Town,Tech Campus,23.2,4.98,32.6
T202791,2025-08-17 13:07:00,member,classic,Central Station,Museum Mile,7.6,1.66,21.8
T202792,2025-08-17 14:04:00,casual,classic,University Ave,Lakeside,18.9,4.24,28
T202793,2025-08-17 14:33:00,casual,electric,Museum Mile,City Hall,18.6,5.56,23.8
T202794,2025-08-17 16:44:00,member,electric,Stadium,Museum Mile,14.5,3.98,23.7
T202795,2025-08-17 17:06:00,member,electric,City Hall,Harbor Front,10.2,2.39,25.1
T202796,2025-08-17 17:21:00,member,classic,City Hall,Riverside Park,14.8,3.13,22.9
T202797,2025-08-17 17:26:00,member,classic,Lakeside,Central Station,3.2,0.7,27.6
T202798,2025-08-17 18:12:00,member,classic,Tech Campus,Harbor Front,17.4,3.83,25.6
T202799,2025-08-17 18:16:00,member,classic,University Ave,City Hall,17.8,3.03,24.8
T202800,2025-08-17 18:29:00,member,electric,Lakeside,Museum Mile,3,0.77,29.6
T202801,2025-08-17 18:44:00,member,electric,Riverside Park,Stadium,9.9,2.91,26.5
T202802,2025-08-17 18:54:00,member,electric,University Ave,Old Town,2.2,0.55,26.9
T202803,2025-08-17 19:29:00,member,classic,University Ave,Lakeside,16.6,2.99,26.2
T202804,2025-08-18 07:13:00,member,classic,Old Town,Lakeside,12.1,2.73,27
T202805,2025-08-18 09:54:00,member,classic,Harbor Front,Central Station,6.1,1.24,23.5
T202806,2025-08-18 09:58:00,member,electric,Union Square,Riverside Park,5.3,1.36,29.2
T202807,2025-08-18 10:53:00,casual,electric,Tech Campus,Union Square,13.1,3.33,21.6
T202808,2025-08-18 11:38:00,casual,classic,Tech Campus,University Ave,21.4,4.65,20.1
T202809,2025-08-18 12:26:00,member,classic,Market Hall,Central Station,9.3,1.67,22
T202810,2025-08-18 12:30:00,member,classic,Central Station,Old Town,3.2,0.67,20.5
T202811,2025-08-18 12:40:00,member,classic,University Ave,Harbor Front,10.2,2.06,26.8
T202812,2025-08-18 13:46:00,casual,electric,Market Hall,University Ave,25.2,6.47,26.3
T202813,2025-08-18 13:55:00,casual,electric,Riverside Park,Old Town,6.6,1.71,26.5
T202814,2025-08-18 15:40:00,casual,electric,Central Station,Harbor Front,31.7,9.31,24.8
T202815,2025-08-18 17:21:00,casual,electric,University Ave,Market Hall,16.9,3.97,26
T202816,2025-08-18 17:21:00,casual,electric,Central Station,Central Station,32,5.31,23.7
T202817,2025-08-18 17:23:00,member,electric,Stadium,Central Station,7.2,1.86,31.6
T202818,2025-08-18 17:29:00,member,classic,Market Hall,University Ave,14.2,2.95,24
T202819,2025-08-18 17:39:00,member,classic,Museum Mile,Museum Mile,16.4,1.82,20.4
T202820,2025-08-18 17:40:00,member,classic,Lakeside,Old Town,19.1,3.52,26.1
T202821,2025-08-18 18:01:00,member,electric,Harbor Front,Lakeside,7.5,2.33,24.3
T202822,2025-08-18 18:40:00,member,electric,Union Square,Harbor Front,2,0.58,23.2
T202823,2025-08-18 18:54:00,member,classic,Stadium,Old Town,11.1,2.39,28.3
T202824,2025-08-18 18:56:00,member,electric,Harbor Front,University Ave,13.1,4.05,34.2
T202825,2025-08-18 19:22:00,member,electric,Harbor Front,Lakeside,9.3,2.71,25.3
T202826,2025-08-18 19:53:00,casual,electric,Old Town,University Ave,6.3,1.53,23.8
T202827,2025-08-18 20:38:00,casual,electric,Old Town,Old Town,23.5,3.53,23.5
T202828,2025-08-18 21:50:00,member,classic,Tech Campus,Stadium,10.3,2.03,21.1
T202829,2025-08-19 07:38:00,member,classic,University Ave,Union Square,5.2,0.89,27.4
T202830,2025-08-19 07:42:00,member,electric,University Ave,Harbor Front,8.8,2.15,23.1
T202831,2025-08-19 08:10:00,member,classic,City Hall,Union Square,20.8,4.48,24
T202832,2025-08-19 09:39:00,member,electric,Tech Campus,Tech Campus,12.4,2.09,24.8
T202833,2025-08-19 11:34:00,casual,electric,Riverside Park,Lakeside,18.9,5.37,24.8
T202834,2025-08-19 12:24:00,member,electric,Old Town,Union Square,15.6,4.43,23.5
T202835,2025-08-19 12:25:00,member,classic,Old Town,Museum Mile,16.5,2.88,23.6
T202836,2025-08-19 12:25:00,member,electric,Union Square,Harbor Front,16.3,3.81,25.4
T202837,2025-08-19 13:41:00,casual,electric,Stadium,City Hall,30,7.04,25.3
T202838,2025-08-19 15:21:00,member,classic,Market Hall,Museum Mile,12.4,2.71,26.9
T202839,2025-08-19 15:42:00,casual,electric,Central Station,Museum Mile,6.6,1.84,22.4
T202840,2025-08-19 16:07:00,member,classic,Old Town,Central Station,4.1,0.75,27.7
T202841,2025-08-19 16:12:00,member,classic,Market Hall,Stadium,15.5,3.26,26.1
T202842,2025-08-19 16:16:00,casual,classic,Union Square,Museum Mile,9.9,1.92,19.4
T202843,2025-08-19 17:49:00,member,classic,Stadium,Central Station,9.9,1.99,24.8
T202844,2025-08-19 17:57:00,member,classic,Harbor Front,Old Town,10.7,2.04,24.8
T202845,2025-08-19 18:42:00,member,electric,Riverside Park,Tech Campus,11.7,3.06,19.3
T202846,2025-08-19 18:44:00,member,classic,Lakeside,Riverside Park,16.5,3.01,21.9
T202847,2025-08-19 18:47:00,member,electric,Market Hall,Old Town,12.8,3.42,27.3
T202848,2025-08-19 18:55:00,casual,electric,University Ave,University Ave,15,2.34,29
T202849,2025-08-19 19:57:00,member,electric,University Ave,University Ave,2.4,0.43,26.7
T202850,2025-08-19 20:51:00,casual,classic,Museum Mile,Stadium,24.3,4.43,20.6
T202851,2025-08-19 21:46:00,member,electric,Market Hall,Old Town,9,2.54,26.1
T202852,2025-08-19 21:53:00,member,classic,Stadium,Riverside Park,9.6,2.05,24.4
T202853,2025-08-20 08:46:00,member,classic,Market Hall,Museum Mile,2,0.37,22.3
T202854,2025-08-20 09:27:00,member,classic,Union Square,Riverside Park,11.4,2.28,25.2
T202855,2025-08-20 09:53:00,member,classic,Central Station,Harbor Front,6,1.32,26.3
T202856,2025-08-20 10:00:00,member,classic,Union Square,Central Station,11.4,2.41,30.2
T202857,2025-08-20 11:07:00,casual,electric,Stadium,City Hall,21.1,4.86,26.2
T202858,2025-08-20 12:14:00,member,electric,Museum Mile,Market Hall,13.6,3.84,24.6
T202859,2025-08-20 12:17:00,member,electric,University Ave,Tech Campus,11,2.53,24.2
T202860,2025-08-20 12:39:00,member,classic,Museum Mile,Harbor Front,17.7,3.57,22.9
T202861,2025-08-20 12:55:00,member,classic,University Ave,Lakeside,7.5,1.43,23.3
T202862,2025-08-20 13:21:00,member,electric,Central Station,Central Station,14.6,1.99,27.3
T202863,2025-08-20 13:26:00,member,classic,Tech Campus,Old Town,5.9,1.02,25.1
T202864,2025-08-20 14:31:00,casual,classic,Stadium,Stadium,33.6,3.84,27
T202865,2025-08-20 14:57:00,casual,classic,Market Hall,City Hall,21.5,3.89,23.1
T202866,2025-08-20 15:13:00,casual,classic,University Ave,Museum Mile,26.8,4.9,21.9
T202867,2025-08-20 16:29:00,member,classic,Central Station,City Hall,25,5.35,27.2
T202868,2025-08-20 16:45:00,casual,classic,Harbor Front,Union Square,15.5,2.82,28.2
T202869,2025-08-20 17:06:00,member,classic,Tech Campus,Union Square,2,0.36,23.2
T202870,2025-08-20 17:35:00,member,classic,Market Hall,Market Hall,9.2,1.12,21.4
T202871,2025-08-20 17:45:00,member,classic,Lakeside,Harbor Front,27.7,5.59,25.1
T202872,2025-08-20 18:16:00,member,classic,Old Town,Stadium,21,4.24,27.3
T202873,2025-08-20 18:41:00,casual,electric,Stadium,Central Station,25.9,7.82,22.1
T202874,2025-08-20 18:43:00,member,electric,Stadium,Lakeside,3.8,1.13,27.8
T202875,2025-08-20 18:43:00,member,electric,Market Hall,Lakeside,15.7,4.32,24.6
T202876,2025-08-20 19:04:00,member,electric,Market Hall,Museum Mile,4.9,1.41,25.4
T202877,2025-08-20 19:19:00,member,classic,Old Town,Central Station,13.3,2.9,22.5
T202878,2025-08-20 19:34:00,member,classic,Union Square,Market Hall,14.9,2.65,24.7
T202879,2025-08-20 19:52:00,member,classic,Market Hall,Lakeside,8.4,1.73,20.4
T202880,2025-08-21 08:32:00,member,electric,City Hall,Lakeside,13.1,3.52,21.6
T202881,2025-08-21 09:41:00,member,classic,Stadium,Harbor Front,12.4,2.52,32
T202882,2025-08-21 10:14:00,casual,electric,University Ave,University Ave,20.9,3.71,25.8
T202883,2025-08-21 12:30:00,casual,classic,Central Station,Central Station,23.7,2.54,28.4
T202884,2025-08-21 13:16:00,casual,classic,City Hall,Harbor Front,42.2,7.09,20.5
T202885,2025-08-21 13:31:00,member,electric,Riverside Park,Riverside Park,11.9,1.73,23.7
T202886,2025-08-21 13:31:00,member,classic,Lakeside,Lakeside,19.2,2.46,27.6
T202887,2025-08-21 13:55:00,member,classic,Central Station,Museum Mile,16.3,3.53,23.6
T202888,2025-08-21 15:00:00,member,electric,University Ave,University Ave,7.3,1.22,23.4
T202889,2025-08-21 15:36:00,member,electric,Tech Campus,Union Square,10.6,2.69,24.2
T202890,2025-08-21 16:08:00,casual,classic,Central Station,Central Station,8.7,0.93,23.7
T202891,2025-08-21 16:57:00,casual,electric,Market Hall,Harbor Front,20.3,5.04,17.9
T202892,2025-08-21 17:38:00,casual,classic,Central Station,City Hall,28.9,6.08,26
T202893,2025-08-21 17:57:00,casual,classic,City Hall,University Ave,34.3,6.79,27.9
T202894,2025-08-21 18:27:00,member,classic,Market Hall,Museum Mile,13.1,2.72,27.9
T202895,2025-08-21 18:39:00,member,classic,Old Town,Old Town,8.8,1.1,26
T202896,2025-08-21 19:22:00,member,classic,University Ave,Union Square,17.5,3.4,25
T202897,2025-08-21 19:42:00,member,classic,University Ave,Old Town,11.5,2.39,22.6
T202898,2025-08-22 07:13:00,member,classic,City Hall,Riverside Park,9.4,1.87,26
T202899,2025-08-22 08:04:00,member,classic,Museum Mile,Harbor Front,12.9,2.52,24.9
T202900,2025-08-22 08:07:00,member,classic,Museum Mile,Union Square,13.3,2.25,17.8
T202901,2025-08-22 08:45:00,member,electric,Museum Mile,Old Town,5.5,1.65,26.7
T202902,2025-08-22 08:49:00,member,electric,Museum Mile,Lakeside,9.4,2.76,25.6
T202903,2025-08-22 09:26:00,member,electric,Market Hall,Riverside Park,9.6,2.78,23
T202904,2025-08-22 10:29:00,casual,electric,Museum Mile,City Hall,18.9,4.59,26.3
T202905,2025-08-22 11:33:00,casual,electric,Harbor Front,City Hall,30.6,7.83,21.2
T202906,2025-08-22 11:53:00,casual,electric,Old Town,Union Square,23.2,5.42,25.5
T202907,2025-08-22 12:47:00,casual,classic,Museum Mile,Museum Mile,29.8,4,33.2
T202908,2025-08-22 14:26:00,casual,electric,City Hall,Old Town,18.3,4.73,27.8
T202909,2025-08-22 15:12:00,casual,electric,Museum Mile,Central Station,30.8,8.88,25.5
T202910,2025-08-22 17:18:00,member,electric,Market Hall,University Ave,8.9,2.19,21.9
T202911,2025-08-22 17:20:00,member,classic,Union Square,Tech Campus,7.2,1.48,23.8
T202912,2025-08-22 17:20:00,member,electric,Market Hall,City Hall,5.2,1.51,29.9
T202913,2025-08-22 18:12:00,member,electric,Stadium,Stadium,9,1.59,27.9
T202914,2025-08-22 18:49:00,casual,classic,Tech Campus,Tech Campus,17.5,1.98,29.7
T202915,2025-08-22 19:02:00,member,classic,University Ave,University Ave,9.2,1.13,21.4
T202916,2025-08-23 08:07:00,member,classic,Harbor Front,Central Station,4.7,0.97,29
T202917,2025-08-23 08:08:00,member,classic,Museum Mile,Harbor Front,23.4,5.08,26.2
T202918,2025-08-23 08:51:00,member,electric,Central Station,Central Station,24.3,4.42,24.4
T202919,2025-08-23 09:06:00,member,classic,Tech Campus,Riverside Park,9.5,1.7,25.2
T202920,2025-08-23 09:16:00,member,classic,Lakeside,Tech Campus,5.7,1.01,26.5
T202921,2025-08-23 10:39:00,member,electric,Lakeside,Old Town,9,2.31,28.5
T202922,2025-08-23 12:32:00,member,classic,Riverside Park,City Hall,3.2,0.67,27
T202923,2025-08-23 13:14:00,casual,electric,Union Square,Lakeside,23.1,6.29,24.1
T202924,2025-08-23 14:58:00,casual,classic,Stadium,Riverside Park,40.4,7.45,26.7
T202925,2025-08-23 15:04:00,casual,electric,Old Town,Riverside Park,18,4.35,23.9
T202926,2025-08-23 16:35:00,member,classic,Tech Campus,Market Hall,18,3.21,26.5
T202927,2025-08-23 16:53:00,member,electric,Market Hall,Tech Campus,11.6,3.36,29.7
T202928,2025-08-23 17:03:00,casual,classic,Old Town,Lakeside,18.6,3.91,24.4
T202929,2025-08-23 18:18:00,member,classic,City Hall,City Hall,9.9,1.25,20.8
T202930,2025-08-23 18:23:00,member,electric,Market Hall,Market Hall,10,1.42,28.1
T202931,2025-08-23 18:24:00,casual,classic,Lakeside,Lakeside,17.3,2.18,23.8
T202932,2025-08-24 07:06:00,member,electric,University Ave,Tech Campus,11.3,3,23.4
T202933,2025-08-24 08:38:00,member,classic,Museum Mile,Museum Mile,9.7,1.14,19
T202934,2025-08-24 09:44:00,member,classic,Market Hall,Union Square,8.5,1.93,26
T202935,2025-08-24 09:52:00,member,classic,Union Square,Union Square,6.1,0.62,29.1
T202936,2025-08-24 12:20:00,member,electric,University Ave,University Ave,6.9,1.19,28.7
T202937,2025-08-24 12:41:00,casual,electric,Market Hall,Harbor Front,12.3,2.82,25.5
T202938,2025-08-24 12:46:00,member,classic,Lakeside,City Hall,13.1,2.25,24.6
T202939,2025-08-24 13:14:00,casual,classic,Stadium,Stadium,6.7,0.84,29.6
T202940,2025-08-24 13:55:00,casual,classic,Central Station,Stadium,4.6,0.93,23.9
T202941,2025-08-24 16:02:00,casual,classic,Riverside Park,City Hall,36.8,6.43,20.1
T202942,2025-08-24 16:38:00,casual,classic,Market Hall,Market Hall,17.5,2.04,27.8
T202943,2025-08-24 17:23:00,casual,electric,Tech Campus,Union Square,15.8,4.01,23.5
T202944,2025-08-24 17:28:00,member,classic,Lakeside,City Hall,8.6,1.5,25.5
T202945,2025-08-24 17:29:00,member,classic,Lakeside,Union Square,7.8,1.67,20.7
T202946,2025-08-24 17:36:00,member,classic,Riverside Park,Old Town,17.8,4.04,23.9
T202947,2025-08-24 18:00:00,member,classic,Museum Mile,City Hall,17.9,3.1,28.3
T202948,2025-08-24 18:28:00,member,classic,Old Town,Market Hall,2,0.36,26.8
T202949,2025-08-24 19:17:00,casual,classic,Tech Campus,Museum Mile,5.7,1.07,27.7
T202950,2025-08-25 07:09:00,member,classic,Harbor Front,Stadium,17.3,3.18,20.3
T202951,2025-08-25 07:50:00,member,classic,City Hall,Market Hall,14,2.37,22.9
T202952,2025-08-25 08:17:00,member,classic,Union Square,Old Town,7.3,1.38,29.8
T202953,2025-08-25 08:23:00,member,electric,University Ave,Lakeside,9.8,2.9,26.4
T202954,2025-08-25 10:18:00,member,electric,Old Town,Stadium,2,0.62,27
T202955,2025-08-25 10:48:00,member,classic,Tech Campus,Tech Campus,11.3,1.44,26.9
T202956,2025-08-25 10:53:00,casual,classic,Lakeside,Harbor Front,12.5,2.6,25.5
T202957,2025-08-25 11:45:00,casual,classic,Union Square,University Ave,36,7.54,24.9
T202958,2025-08-25 11:49:00,casual,electric,City Hall,City Hall,33.5,5.98,21.9
T202959,2025-08-25 12:03:00,member,classic,Union Square,Central Station,6.8,1.19,19.2
T202960,2025-08-25 14:30:00,casual,classic,Central Station,Museum Mile,28.1,4.84,23.5
T202961,2025-08-25 16:26:00,casual,classic,Museum Mile,City Hall,13.1,2.79,25.3
T202962,2025-08-25 16:40:00,member,classic,Union Square,Union Square,15.1,1.8,25.8
T202963,2025-08-25 16:56:00,casual,electric,University Ave,University Ave,2.9,0.41,30.5
T202964,2025-08-25 16:59:00,member,classic,Riverside Park,Museum Mile,2.2,0.45,24.6
T202965,2025-08-25 17:05:00,member,classic,City Hall,Stadium,9.7,1.96,23.7
T202966,2025-08-25 17:28:00,member,classic,Tech Campus,Union Square,16.2,3.36,26.7
T202967,2025-08-25 17:56:00,member,electric,University Ave,University Ave,2.3,0.35,24.6
T202968,2025-08-25 18:23:00,casual,classic,Lakeside,Museum Mile,29.5,6.43,18.6
T202969,2025-08-25 18:37:00,member,classic,Riverside Park,City Hall,9.7,2.04,26.2
T202970,2025-08-25 18:53:00,member,classic,Tech Campus,Lakeside,2,0.4,21.9
T202971,2025-08-25 19:35:00,member,electric,Harbor Front,Riverside Park,9.1,2.07,27.7
T202972,2025-08-25 19:39:00,member,classic,University Ave,Museum Mile,6.6,1.41,23.4
T202973,2025-08-25 19:39:00,casual,classic,Riverside Park,Stadium,19.5,4.08,27.2
T202974,2025-08-26 10:30:00,member,electric,Museum Mile,Stadium,2,0.56,17.2
T202975,2025-08-26 10:41:00,member,classic,Central Station,Central Station,12,1.49,29.8
T202976,2025-08-26 13:08:00,casual,electric,Tech Campus,Old Town,28.4,7.39,25.4
T202977,2025-08-26 13:41:00,member,electric,City Hall,Tech Campus,20.7,6.08,23.7
T202978,2025-08-26 14:50:00,casual,electric,Riverside Park,Central Station,2.2,0.54,24.9
T202979,2025-08-26 15:08:00,member,classic,Riverside Park,Stadium,14.5,2.53,24.4
T202980,2025-08-26 15:38:00,casual,electric,Central Station,Market Hall,26.2,6.94,26.2
T202981,2025-08-26 15:59:00,member,electric,Old Town,Stadium,8.6,2.54,25.9
T202982,2025-08-26 16:24:00,casual,electric,Stadium,Market Hall,20,5.07,26.2
T202983,2025-08-26 16:27:00,member,classic,Union Square,Lakeside,11.8,2.36,30.4
T202984,2025-08-26 17:19:00,casual,electric,Lakeside,Union Square,5.5,1.47,21.6
T202985,2025-08-26 17:31:00,member,electric,City Hall,Harbor Front,7,2.07,25.5
T202986,2025-08-26 21:12:00,member,classic,Harbor Front,Market Hall,12.1,2.22,27.8
T202987,2025-08-26 21:31:00,member,electric,Lakeside,Harbor Front,4.6,1.25,27
T202988,2025-08-26 21:40:00,member,classic,Market Hall,Market Hall,15.4,1.91,26.4
T202989,2025-08-27 07:40:00,member,electric,Market Hall,Lakeside,9.5,2.35,26.9
T202990,2025-08-27 07:51:00,member,classic,Museum Mile,City Hall,12.7,2.67,27.2
T202991,2025-08-27 08:33:00,member,electric,Central Station,Old Town,3.4,0.82,24
T202992,2025-08-27 08:42:00,member,classic,University Ave,Stadium,4.1,0.83,29.3
T202993,2025-08-27 08:44:00,member,electric,Riverside Park,Museum Mile,6.7,1.86,21.2
T202994,2025-08-27 08:52:00,member,classic,Old Town,Harbor Front,5.6,1.18,24
T202995,2025-08-27 09:24:00,member,classic,Market Hall,Tech Campus,11.6,2.26,26.9
T202996,2025-08-27 10:35:00,casual,classic,University Ave,Central Station,15.1,3.02,17.7
T202997,2025-08-27 12:08:00,casual,electric,Tech Campus,Riverside Park,38,8.7,27.9
T202998,2025-08-27 13:47:00,member,classic,Market Hall,Union Square,13.5,2.92,24.1
T202999,2025-08-27 13:57:00,casual,electric,Lakeside,Old Town,17,5.16,24.8
T203000,2025-08-27 17:04:00,member,classic,Central Station,Lakeside,19.3,4.07,19.6
T203001,2025-08-27 17:23:00,member,classic,Riverside Park,Tech Campus,17.8,3.24,27.9
T203002,2025-08-28 07:03:00,member,electric,City Hall,Lakeside,5.6,1.43,25.4
T203003,2025-08-28 08:07:00,member,classic,Tech Campus,Stadium,13.4,2.8,25.1
T203004,2025-08-28 08:13:00,member,classic,Lakeside,Central Station,9.7,1.98,23.7
T203005,2025-08-28 09:42:00,member,classic,University Ave,University Ave,10.3,1.12,22.9
T203006,2025-08-28 11:36:00,casual,electric,Market Hall,Stadium,24.5,7.09,27.6
T203007,2025-08-28 12:12:00,casual,electric,Market Hall,Old Town,25.8,5.87,26
T203008,2025-08-28 12:13:00,member,electric,Museum Mile,City Hall,3.6,1.06,23.2
T203009,2025-08-28 12:23:00,member,classic,Old Town,Lakeside,2.3,0.51,24.3
T203010,2025-08-28 12:43:00,member,classic,Union Square,Central Station,8.5,1.42,20.9
T203011,2025-08-28 12:48:00,casual,electric,Lakeside,Stadium,21.3,6.61,29.3
T203012,2025-08-28 12:53:00,casual,classic,Tech Campus,Stadium,26.4,4.63,25.2
T203013,2025-08-28 13:00:00,member,electric,Riverside Park,Harbor Front,2,0.55,25.3
T203014,2025-08-28 13:17:00,casual,electric,Market Hall,Old Town,21.1,5.28,20.4
T203015,2025-08-28 13:33:00,casual,classic,Tech Campus,Tech Campus,2,0.3,25
T203016,2025-08-28 13:43:00,member,classic,City Hall,Riverside Park,13.9,2.82,24.4
T203017,2025-08-28 14:13:00,casual,classic,Union Square,Lakeside,25.6,5.1,26.1
T203018,2025-08-28 14:24:00,casual,electric,Riverside Park,Old Town,13.4,3.12,18.9
T203019,2025-08-28 14:50:00,casual,classic,Tech Campus,Museum Mile,35.6,6.13,24.2
T203020,2025-08-28 15:30:00,casual,classic,Union Square,Union Square,22.1,2.35,26.5
T203021,2025-08-28 16:39:00,casual,classic,Harbor Front,Riverside Park,22.5,4.99,30.4
T203022,2025-08-28 16:49:00,member,electric,Stadium,Museum Mile,7.4,1.78,22.7
T203023,2025-08-28 17:10:00,member,classic,Central Station,Central Station,10.7,1.41,30.7
T203024,2025-08-28 17:15:00,casual,classic,Old Town,Old Town,26.4,3.37,25.5
T203025,2025-08-28 17:21:00,member,electric,University Ave,Central Station,11.3,3.1,26.3
T203026,2025-08-28 17:37:00,member,classic,Riverside Park,Tech Campus,12.5,2.77,26.5
T203027,2025-08-28 17:52:00,member,classic,Central Station,Stadium,9,1.83,22.2
T203028,2025-08-28 18:09:00,member,electric,Museum Mile,Riverside Park,2,0.51,18.3
T203029,2025-08-28 18:48:00,member,electric,Harbor Front,Central Station,11.2,3.45,24.7
T203030,2025-08-28 19:09:00,member,electric,Central Station,Lakeside,8.4,2.28,24
T203031,2025-09-01 08:12:00,member,classic,Market Hall,Old Town,12.8,2.67,16.4
T203032,2025-09-01 08:18:00,member,classic,Union Square,City Hall,2,0.36,22.4
T203033,2025-09-01 08:42:00,member,electric,Market Hall,Harbor Front,12.2,3.59,19.7
T203034,2025-09-01 10:34:00,member,classic,Old Town,City Hall,12,2.59,21.2
T203035,2025-09-01 12:24:00,casual,electric,University Ave,Tech Campus,5.1,1.56,21.9
T203036,2025-09-01 12:55:00,casual,classic,Lakeside,Lakeside,16.9,1.85,17.7
T203037,2025-09-01 13:37:00,member,electric,Lakeside,City Hall,7.5,1.9,21.8
T203038,2025-09-01 14:16:00,casual,classic,Harbor Front,Riverside Park,22.6,5.16,21.7
T203039,2025-09-01 15:40:00,member,classic,Museum Mile,Stadium,9.1,1.57,17.7
T203040,2025-09-01 15:44:00,casual,electric,Tech Campus,Tech Campus,20.7,3.11,22.2
T203041,2025-09-01 16:11:00,casual,classic,Market Hall,Stadium,21,4.42,16.2
T203042,2025-09-01 18:10:00,member,classic,Harbor Front,Old Town,13.8,2.34,25.5
T203043,2025-09-01 18:41:00,casual,electric,Union Square,Tech Campus,23.8,5.6,18.8
T203044,2025-09-02 08:04:00,member,electric,City Hall,Harbor Front,12.8,3.49,20.1
T203045,2025-09-02 08:09:00,member,electric,Central Station,Market Hall,13.7,3.59,21.5
T203046,2025-09-02 08:20:00,member,classic,Museum Mile,City Hall,15.4,3.12,15.5
T203047,2025-09-02 08:33:00,member,classic,University Ave,Riverside Park,8.1,1.55,28.4
T203048,2025-09-02 09:35:00,member,electric,Lakeside,Lakeside,13.9,2.54,19.9
T203049,2025-09-02 09:40:00,member,electric,Harbor Front,Market Hall,9.1,2.69,23.6
T203050,2025-09-02 10:18:00,member,electric,Museum Mile,Union Square,11.9,3.65,21.9
T203051,2025-09-02 12:28:00,member,electric,Tech Campus,Tech Campus,14,2.59,18.5
T203052,2025-09-02 13:18:00,casual,electric,City Hall,Stadium,15.4,3.78,21.4
T203053,2025-09-02 13:45:00,casual,electric,Old Town,Museum Mile,16.9,4.02,24.5
T203054,2025-09-02 15:24:00,casual,electric,Market Hall,Museum Mile,13.7,3.99,23.3
T203055,2025-09-02 15:33:00,casual,electric,Union Square,Market Hall,27.5,6.97,18.4
T203056,2025-09-02 15:34:00,casual,classic,Stadium,Lakeside,30.1,6.35,23
T203057,2025-09-02 15:47:00,casual,classic,City Hall,Market Hall,46.2,8.3,21.4
T203058,2025-09-02 15:49:00,casual,electric,Riverside Park,Union Square,11.8,3.14,23.2
T203059,2025-09-02 17:23:00,member,electric,Union Square,Lakeside,8.5,2.25,18.8
T203060,2025-09-02 18:20:00,member,classic,Tech Campus,City Hall,7.6,1.71,20.2
T203061,2025-09-02 19:48:00,member,classic,University Ave,Stadium,10,1.88,19.1
T203062,2025-09-02 21:35:00,member,electric,Harbor Front,Lakeside,7.3,2.21,22.2
T203063,2025-09-03 08:18:00,member,classic,Riverside Park,University Ave,15.7,3.33,19.7
T203064,2025-09-03 08:42:00,member,classic,Old Town,Harbor Front,24.1,4.39,24.7
T203065,2025-09-03 09:34:00,member,classic,Museum Mile,University Ave,14.1,2.79,22.2
T203066,2025-09-03 10:38:00,casual,electric,City Hall,Harbor Front,14.2,3.85,21.1
T203067,2025-09-03 12:22:00,casual,classic,Old Town,City Hall,24.1,4.88,17.6
T203068,2025-09-03 13:03:00,member,electric,Harbor Front,Union Square,13.2,3.12,19.2
T203069,2025-09-03 14:29:00,casual,electric,Riverside Park,Stadium,2,0.56,20.1
T203070,2025-09-03 15:15:00,member,classic,City Hall,Riverside Park,3.2,0.73,19.8
T203071,2025-09-03 16:44:00,member,classic,Old Town,Riverside Park,17.7,3.1,22.1
T203072,2025-09-03 17:31:00,member,classic,Stadium,Tech Campus,6.3,1.3,22.4
T203073,2025-09-03 17:59:00,member,electric,Lakeside,Museum Mile,10.3,2.54,23.8
T203074,2025-09-03 18:10:00,member,classic,Lakeside,Old Town,11.5,2.54,21.3
T203075,2025-09-03 19:04:00,casual,classic,Lakeside,Central Station,23.5,4.98,18.9
T203076,2025-09-03 20:18:00,casual,electric,Tech Campus,Lakeside,10,2.47,23.3
T203077,2025-09-03 21:46:00,member,classic,Lakeside,City Hall,12.7,2.29,23
T203078,2025-09-04 08:08:00,member,electric,University Ave,Union Square,5.3,1.3,15.9
T203079,2025-09-04 08:13:00,member,classic,Harbor Front,Central Station,12.5,2.5,23.9
T203080,2025-09-04 08:58:00,member,electric,Tech Campus,Central Station,8.4,2.48,18.5
T203081,2025-09-04 09:14:00,member,electric,Stadium,Harbor Front,7.5,1.77,22
T203082,2025-09-04 10:36:00,member,classic,Central Station,Old Town,8.2,1.46,24
T203083,2025-09-04 12:02:00,casual,electric,Riverside Park,Museum Mile,24.4,7.47,16.4
T203084,2025-09-04 12:43:00,member,classic,Union Square,Lakeside,18.6,3.11,22.6
T203085,2025-09-04 13:11:00,member,electric,Harbor Front,Market Hall,7.3,1.7,23.9
T203086,2025-09-04 13:17:00,member,classic,Union Square,Lakeside,14.7,2.72,18.4
T203087,2025-09-04 15:28:00,member,electric,Riverside Park,Old Town,8.6,1.96,25.4
T203088,2025-09-04 15:47:00,member,classic,Lakeside,Riverside Park,8.7,1.49,23.5
T203089,2025-09-04 16:27:00,member,classic,City Hall,Old Town,24.6,4.33,22.1
T203090,2025-09-04 16:54:00,casual,electric,University Ave,Union Square,14.1,3.36,21.6
T203091,2025-09-04 17:11:00,member,classic,Market Hall,Riverside Park,15.6,3.43,23
T203092,2025-09-04 17:14:00,member,electric,Riverside Park,Union Square,14.5,4.35,20.5
T203093,2025-09-04 18:01:00,member,classic,Riverside Park,Riverside Park,19.8,2.06,23
T203094,2025-09-04 18:53:00,member,electric,Union Square,Museum Mile,10.9,3.2,15.6
T203095,2025-09-04 19:03:00,member,classic,Museum Mile,Harbor Front,11.4,2.53,27.1
T203096,2025-09-04 19:24:00,member,classic,Union Square,City Hall,14.4,2.84,20.1
T203097,2025-09-04 19:54:00,member,classic,Harbor Front,Market Hall,12.6,2.86,20.3
T203098,2025-09-04 21:21:00,member,classic,Stadium,Old Town,23.7,4.43,20.3
T203099,2025-09-05 07:20:00,member,classic,Central Station,Museum Mile,12.2,2.56,17.7
T203100,2025-09-05 09:32:00,member,electric,Tech Campus,Stadium,10.9,2.86,19.6
T203101,2025-09-05 12:34:00,casual,electric,City Hall,Tech Campus,25.4,6.36,18.3
T203102,2025-09-05 12:52:00,casual,electric,Harbor Front,Riverside Park,26.2,8.12,24.7
T203103,2025-09-05 13:11:00,casual,classic,Riverside Park,Old Town,40.7,7.4,21
T203104,2025-09-05 13:11:00,member,classic,Tech Campus,City Hall,17.2,3.01,23.7
T203105,2025-09-05 13:14:00,casual,electric,University Ave,Lakeside,30.6,9.17,23.7
T203106,2025-09-05 13:16:00,casual,electric,Union Square,Union Square,29.9,4.11,24.1
T203107,2025-09-05 13:23:00,casual,classic,Riverside Park,Museum Mile,40.7,7.41,22.8
T203108,2025-09-05 13:27:00,casual,classic,Lakeside,Riverside Park,24.3,5.29,25.7
T203109,2025-09-05 13:55:00,member,classic,Union Square,Old Town,16.5,2.94,20.7
T203110,2025-09-05 15:14:00,casual,classic,Tech Campus,Union Square,38.5,7.21,15.8
T203111,2025-09-05 15:31:00,casual,classic,Museum Mile,Museum Mile,25,2.84,22.1
T203112,2025-09-05 16:20:00,casual,electric,University Ave,University Ave,29,4.66,23.8
T203113,2025-09-05 16:44:00,casual,electric,Central Station,Harbor Front,23.9,7.02,15.4
T203114,2025-09-05 17:05:00,casual,classic,Union Square,Union Square,30.5,4.04,20.2
T203115,2025-09-05 17:26:00,member,electric,City Hall,Stadium,9.7,2.77,27.7
T203116,2025-09-05 17:52:00,casual,electric,Harbor Front,Stadium,12,2.84,21.1
T203117,2025-09-05 18:12:00,member,classic,Stadium,Stadium,11.3,1.41,23.4
T203118,2025-09-05 18:21:00,member,electric,University Ave,Lakeside,11.3,3.01,20.4
T203119,2025-09-05 18:46:00,member,classic,City Hall,Museum Mile,12.8,2.25,21.4
T203120,2025-09-05 18:54:00,member,classic,Harbor Front,Union Square,9,1.78,20.8
T203121,2025-09-06 07:06:00,member,classic,Lakeside,Tech Campus,3.2,0.58,14
T203122,2025-09-06 07:15:00,member,classic,City Hall,Lakeside,11.6,2.28,23
T203123,2025-09-06 08:16:00,member,classic,Tech Campus,Market Hall,2,0.36,22.7
T203124,2025-09-06 08:43:00,member,classic,Riverside Park,Lakeside,11.4,2.59,23.9
T203125,2025-09-06 10:02:00,member,electric,Old Town,Lakeside,5.3,1.32,20.3
T203126,2025-09-06 10:09:00,member,electric,Riverside Park,City Hall,15.6,3.76,24.2
T203127,2025-09-06 10:24:00,casual,classic,Lakeside,Harbor Front,8.3,1.4,21.1
T203128,2025-09-06 10:45:00,member,electric,Central Station,Central Station,8.2,1.32,21.5
T203129,2025-09-06 11:21:00,casual,classic,Harbor Front,Stadium,36.1,7.39,24.6
T203130,2025-09-06 11:39:00,casual,electric,Lakeside,City Hall,13.3,3.02,25.8
T203131,2025-09-06 12:02:00,member,classic,Harbor Front,City Hall,7.7,1.76,17.9
T203132,2025-09-06 12:11:00,member,electric,Market Hall,Stadium,6.7,2.06,26.4
T203133,2025-09-06 13:50:00,casual,classic,Market Hall,Union Square,11.9,2.46,17.6
T203134,2025-09-06 14:27:00,casual,classic,Museum Mile,Central Station,18.2,3.65,24.4
T203135,2025-09-06 14:34:00,casual,electric,Union Square,Stadium,8.2,2.15,18.3
T203136,2025-09-06 15:40:00,casual,classic,Museum Mile,Lakeside,33.5,7.28,25.6
T203137,2025-09-06 16:10:00,member,electric,Market Hall,Central Station,7.6,2.36,22.4
T203138,2025-09-06 16:18:00,casual,classic,Museum Mile,Lakeside,9.7,2.02,16.3
T203139,2025-09-06 16:33:00,member,classic,Market Hall,Tech Campus,15,3.38,22.7
T203140,2025-09-06 16:40:00,member,classic,Museum Mile,Tech Campus,14.2,2.82,24.1
T203141,2025-09-06 16:51:00,member,classic,Old Town,Market Hall,16.5,3.67,22.1
T203142,2025-09-06 17:01:00,member,electric,Market Hall,Central Station,5.7,1.45,17.1
T203143,2025-09-06 17:12:00,casual,classic,Tech Campus,Central Station,36,8.13,22.5
T203144,2025-09-06 18:10:00,member,classic,Stadium,Central Station,20.8,4.06,25
T203145,2025-09-06 18:12:00,member,electric,Union Square,University Ave,5,1.38,18.4
T203146,2025-09-07 07:39:00,member,classic,Tech Campus,City Hall,11.2,2.5,23.8
T203147,2025-09-07 08:51:00,member,classic,Harbor Front,Union Square,24.1,4.81,24.2
T203148,2025-09-07 09:34:00,member,classic,Market Hall,Harbor Front,12.9,2.62,26.1
T203149,2025-09-07 09:52:00,member,classic,Old Town,Old Town,10.7,1.26,24.5
T203150,2025-09-07 10:32:00,casual,classic,Old Town,Riverside Park,35.2,7.75,22.7
T203151,2025-09-07 10:52:00,member,classic,Riverside Park,Central Station,14.8,3.19,19.8
T203152,2025-09-07 12:11:00,member,electric,Stadium,Riverside Park,7.6,2,16.8
T203153,2025-09-07 12:57:00,member,electric,Lakeside,Old Town,8.3,2.5,18.6
T203154,2025-09-07 13:03:00,casual,classic,Harbor Front,Old Town,5.5,1.25,20.6
T203155,2025-09-07 16:13:00,casual,classic,City Hall,Lakeside,40.1,7.24,24.7
T203156,2025-09-07 16:17:00,member,classic,Stadium,Stadium,16.1,1.66,20.6
T203157,2025-09-07 17:45:00,member,classic,Riverside Park,Museum Mile,7.2,1.48,18.2
T203158,2025-09-07 18:50:00,member,electric,Stadium,Tech Campus,10.4,2.65,20.7
T203159,2025-09-07 19:31:00,casual,classic,Lakeside,Tech Campus,16.7,3.67,24.7
T203160,2025-09-07 21:08:00,member,classic,Union Square,Harbor Front,14.1,3.09,18.2
T203161,2025-09-07 21:49:00,member,classic,Central Station,Stadium,6.7,1.46,26.5
T203162,2025-09-08 07:23:00,member,classic,University Ave,City Hall,4.3,0.92,23.8
T203163,2025-09-08 07:59:00,member,classic,Harbor Front,Stadium,4.1,0.78,23.8
T203164,2025-09-08 09:37:00,member,electric,Riverside Park,Riverside Park,7.8,1.37,20
T203165,2025-09-08 12:16:00,casual,classic,Tech Campus,Lakeside,26.4,5.62,19.4
T203166,2025-09-08 12:32:00,casual,classic,Market Hall,Harbor Front,5.7,1.17,25
T203167,2025-09-08 12:51:00,member,classic,Stadium,Union Square,11.6,2.59,21.1
T203168,2025-09-08 15:53:00,member,classic,University Ave,Tech Campus,11.3,2.39,24
T203169,2025-09-08 17:18:00,member,electric,Old Town,Stadium,8.6,2.63,21.1
T203170,2025-09-08 17:59:00,casual,classic,Union Square,City Hall,28.3,6.4,27.6
T203171,2025-09-09 07:26:00,member,classic,University Ave,Market Hall,12,2.44,20.2
T203172,2025-09-09 08:24:00,member,electric,Tech Campus,Lakeside,2,0.59,20.3
T203173,2025-09-09 09:21:00,member,electric,Stadium,Tech Campus,3,0.81,23.9
T203174,2025-09-09 10:29:00,casual,classic,Riverside Park,City Hall,25.1,4.59,22.5
T203175,2025-09-09 11:31:00,casual,electric,Market Hall,Union Square,13.2,3.7,19.5
T203176,2025-09-09 12:42:00,member,classic,Central Station,Union Square,5.5,1.02,16.9
T203177,2025-09-09 12:51:00,member,classic,Tech Campus,Harbor Front,3.5,0.61,19.1
T203178,2025-09-09 13:19:00,casual,classic,Market Hall,Market Hall,21,2.61,20
T203179,2025-09-09 17:30:00,member,electric,Old Town,Union Square,9.8,2.94,19.7
T203180,2025-09-09 17:33:00,casual,electric,Lakeside,Harbor Front,35.1,9.91,19
T203181,2025-09-09 17:44:00,member,electric,Riverside Park,Old Town,9.4,2.75,22.2
T203182,2025-09-09 17:52:00,member,electric,Museum Mile,Riverside Park,2,0.59,21.8
T203183,2025-09-09 18:01:00,member,electric,Riverside Park,City Hall,7.1,1.91,28.4
T203184,2025-09-09 18:20:00,member,classic,Harbor Front,Union Square,14.8,2.49,23.9
T203185,2025-09-09 18:54:00,member,classic,University Ave,University Ave,8.6,1.18,21.2
T203186,2025-09-09 19:03:00,casual,classic,Tech Campus,Old Town,4.9,0.87,22.6
T203187,2025-09-10 07:14:00,member,electric,Riverside Park,Harbor Front,9.7,2.51,20.7
T203188,2025-09-10 07:41:00,member,electric,Harbor Front,Museum Mile,13,3.68,24.6
T203189,2025-09-10 08:12:00,member,classic,University Ave,Old Town,12.2,2.58,23.1
T203190,2025-09-10 08:20:00,member,classic,Lakeside,Museum Mile,2,0.44,20.8
T203191,2025-09-10 08:33:00,member,classic,Museum Mile,Old Town,17.2,3.88,24.5
T203192,2025-09-10 08:44:00,member,electric,University Ave,Old Town,5,1.25,23
T203193,2025-09-10 08:52:00,member,electric,Lakeside,Union Square,16.4,4.29,24.9
T203194,2025-09-10 10:25:00,casual,electric,Harbor Front,Harbor Front,8.2,1.47,19.3
T203195,2025-09-10 10:54:00,member,classic,Museum Mile,Union Square,8.8,1.83,24
T203196,2025-09-10 12:12:00,member,classic,Tech Campus,City Hall,12.3,2.75,15.5
T203197,2025-09-10 12:36:00,member,electric,Harbor Front,Union Square,11.9,2.84,23.2
T203198,2025-09-10 12:41:00,member,electric,City Hall,Museum Mile,13.9,3.86,24.3
T203199,2025-09-10 13:05:00,member,classic,Museum Mile,Stadium,17.1,3.62,21.1
T203200,2025-09-10 13:25:00,member,electric,University Ave,University Ave,2,0.33,16.3
T203201,2025-09-10 13:56:00,casual,electric,Union Square,Harbor Front,13,3.64,18.7
T203202,2025-09-10 14:11:00,casual,classic,Tech Campus,Tech Campus,34,4.64,23.8
T203203,2025-09-10 14:30:00,casual,electric,Central Station,Lakeside,19.2,4.54,20.6
T203204,2025-09-10 14:34:00,casual,electric,Market Hall,Market Hall,11,1.9,17.4
T203205,2025-09-10 14:58:00,casual,electric,Tech Campus,Tech Campus,25.3,4.25,20.4
T203206,2025-09-10 15:48:00,casual,electric,Central Station,Harbor Front,18.7,4.79,17.3
T203207,2025-09-10 15:50:00,member,classic,Riverside Park,Museum Mile,16.1,3.36,17.8
T203208,2025-09-10 15:51:00,member,classic,Museum Mile,Museum Mile,7,0.93,24.2
T203209,2025-09-10 16:12:00,casual,electric,Old Town,Union Square,27.5,7.86,25
T203210,2025-09-10 17:08:00,member,classic,Stadium,Stadium,6,0.77,25.8
T203211,2025-09-10 18:52:00,casual,electric,University Ave,Stadium,3.3,0.96,23
T203212,2025-09-10 19:32:00,member,classic,Union Square,Tech Campus,13,2.89,22.9
T203213,2025-09-10 19:39:00,casual,electric,Riverside Park,Old Town,29.8,7.19,21.9
T203214,2025-09-11 07:24:00,member,electric,Riverside Park,Union Square,8.5,2.43,17
T203215,2025-09-11 07:34:00,member,classic,University Ave,Tech Campus,14.8,2.56,20.2
T203216,2025-09-11 08:47:00,member,classic,Lakeside,Stadium,4.4,0.96,22.8
T203217,2025-09-11 08:56:00,member,electric,Old Town,Stadium,11.7,3.5,24.2
T203218,2025-09-11 09:22:00,member,classic,Lakeside,Lakeside,8,1.03,19.7
T203219,2025-09-11 12:50:00,casual,classic,Market Hall,Tech Campus,37.3,6.37,20.9
T203220,2025-09-11 15:46:00,casual,electric,Central Station,Riverside Park,16.8,4.11,22
T203221,2025-09-11 16:23:00,casual,classic,University Ave,Old Town,29,6.3,19.9
T203222,2025-09-11 16:34:00,casual,classic,Tech Campus,Lakeside,34.4,7.84,25.7
T203223,2025-09-11 17:55:00,member,electric,Old Town,Lakeside,5.7,1.63,19.2
T203224,2025-09-12 07:54:00,member,electric,Harbor Front,Museum Mile,7.4,2.11,22.6
T203225,2025-09-12 08:17:00,member,classic,Harbor Front,Riverside Park,11.4,2.43,18.1
T203226,2025-09-12 08:43:00,member,electric,Old Town,Tech Campus,6.7,2.02,21.6
T203227,2025-09-12 10:27:00,member,classic,Museum Mile,Museum Mile,10.2,1.32,25.4
T203228,2025-09-12 10:35:00,casual,electric,Union Square,Riverside Park,29.5,7.7,21.1
T203229,2025-09-12 12:26:00,casual,classic,Lakeside,Old Town,14.4,2.77,25.2
T203230,2025-09-12 13:10:00,casual,electric,Old Town,Union Square,22.5,5.56,27.8
T203231,2025-09-12 13:23:00,casual,electric,Central Station,Stadium,18,4.83,22.7
T203232,2025-09-12 13:53:00,casual,electric,Museum Mile,Central Station,17.5,5.05,21.6
T203233,2025-09-12 15:08:00,casual,classic,Union Square,Old Town,15.8,3.31,25.8
T203234,2025-09-12 15:20:00,member,electric,City Hall,Old Town,14.2,3.71,19
T203235,2025-09-12 16:27:00,casual,classic,Harbor Front,Central Station,25.6,5.78,19.5
T203236,2025-09-12 16:54:00,casual,electric,Market Hall,Riverside Park,22.7,6.65,19
T203237,2025-09-12 17:20:00,member,classic,Tech Campus,Tech Campus,7.1,0.97,23.6
T203238,2025-09-12 17:22:00,member,classic,Union Square,Museum Mile,7.4,1.61,26.4
T203239,2025-09-12 17:24:00,member,electric,Museum Mile,Stadium,5.4,1.42,19.4
T203240,2025-09-12 18:37:00,member,classic,Old Town,Museum Mile,12.6,2.34,21.1
T203241,2025-09-12 18:38:00,member,electric,Harbor Front,Stadium,6.8,1.67,19.1
T203242,2025-09-12 19:12:00,casual,electric,Stadium,Central Station,37,10.01,23.7
T203243,2025-09-12 19:41:00,member,electric,Lakeside,Lakeside,8.7,1.37,18.5
T203244,2025-09-13 07:28:00,member,electric,Museum Mile,Union Square,8.3,2.03,23.7
T203245,2025-09-13 07:29:00,member,classic,Stadium,University Ave,6,1.2,15.4
T203246,2025-09-13 08:01:00,member,electric,Tech Campus,Museum Mile,5.7,1.7,18.7
T203247,2025-09-13 08:47:00,member,classic,Museum Mile,Tech Campus,10.2,2.13,16.9
T203248,2025-09-13 11:28:00,casual,classic,Stadium,Tech Campus,16.7,3.32,23.1
T203249,2025-09-13 12:21:00,casual,electric,Harbor Front,Central Station,22.7,6.18,17.6
T203250,2025-09-13 14:17:00,casual,classic,Lakeside,Tech Campus,10.4,2.08,14.3
T203251,2025-09-13 15:57:00,casual,classic,Harbor Front,Union Square,4.8,0.83,21.6
T203252,2025-09-13 18:09:00,casual,classic,Market Hall,Old Town,43.3,8.71,20.4
T203253,2025-09-13 19:29:00,member,classic,University Ave,Union Square,8.4,1.87,19
T203254,2025-09-14 09:17:00,member,classic,Lakeside,Harbor Front,5.1,0.91,19.2
T203255,2025-09-14 10:33:00,member,electric,Union Square,Tech Campus,16.7,4.79,22.8
T203256,2025-09-14 10:50:00,casual,classic,Union Square,Union Square,19,2.32,19.9
T203257,2025-09-14 12:29:00,casual,electric,Old Town,University Ave,20.8,6.25,24.6
T203258,2025-09-14 12:30:00,casual,electric,Old Town,Old Town,4.9,0.9,17.4
T203259,2025-09-14 12:34:00,member,electric,Riverside Park,Riverside Park,10.4,1.44,20.9
T203260,2025-09-14 12:38:00,member,electric,Market Hall,Lakeside,15.6,4.12,24.1
T203261,2025-09-14 13:35:00,member,classic,Museum Mile,Riverside Park,16.2,3.08,19.5
T203262,2025-09-14 14:03:00,casual,electric,University Ave,Harbor Front,26.1,6.5,20
T203263,2025-09-14 15:44:00,casual,electric,Union Square,Old Town,14.2,4.26,19.4
T203264,2025-09-14 15:45:00,casual,classic,Market Hall,Market Hall,34.3,3.61,19.6
T203265,2025-09-14 16:04:00,casual,classic,Riverside Park,City Hall,9.2,1.78,16.1
T203266,2025-09-14 17:04:00,member,electric,University Ave,City Hall,5.7,1.45,21.5
T203267,2025-09-14 17:06:00,member,electric,Central Station,University Ave,8.1,1.84,26.4
T203268,2025-09-14 17:29:00,member,electric,Market Hall,Museum Mile,11.9,2.82,26.5
T203269,2025-09-14 17:46:00,casual,classic,City Hall,Lakeside,35.2,6.76,22.6
T203270,2025-09-14 17:47:00,member,classic,Union Square,Museum Mile,5.7,1.23,26.6
T203271,2025-09-14 17:55:00,member,classic,Union Square,Tech Campus,27.7,5.34,24.9
T203272,2025-09-14 18:17:00,casual,electric,Stadium,Tech Campus,32.8,8.1,24.7
T203273,2025-09-14 18:40:00,member,classic,University Ave,Market Hall,14.5,3.02,19.6
T203274,2025-09-14 18:59:00,member,electric,Tech Campus,Old Town,2,0.46,23.9
T203275,2025-09-15 07:09:00,member,electric,Central Station,Central Station,7.1,1.3,21.4
T203276,2025-09-15 12:46:00,member,electric,Harbor Front,Lakeside,7.9,2.35,22.3
T203277,2025-09-15 13:18:00,casual,classic,Lakeside,Union Square,9.1,1.62,18.3
T203278,2025-09-15 15:03:00,casual,classic,University Ave,Union Square,22.2,3.98,22.3
T203279,2025-09-15 16:25:00,member,classic,Lakeside,Tech Campus,3.7,0.75,20.7
T203280,2025-09-15 16:46:00,member,classic,City Hall,City Hall,20.7,2.83,22.1
T203281,2025-09-15 17:32:00,member,electric,Museum Mile,Stadium,7,1.93,23.1
T203282,2025-09-15 17:39:00,casual,electric,Riverside Park,Stadium,19.1,4.37,14.6
T203283,2025-09-15 17:42:00,casual,electric,City Hall,University Ave,6.2,1.52,17.8
T203284,2025-09-15 17:46:00,member,classic,Central Station,Lakeside,19.3,3.87,19
T203285,2025-09-15 18:21:00,casual,electric,Stadium,Union Square,11.3,2.58,20.3
T203286,2025-09-15 18:55:00,member,electric,City Hall,Lakeside,23.5,6.8,17.7
T203287,2025-09-15 19:04:00,member,classic,University Ave,Museum Mile,3.2,0.62,17.5
T203288,2025-09-15 19:05:00,member,electric,Lakeside,Old Town,13.7,3.44,21.4
T203289,2025-09-15 19:24:00,member,electric,Lakeside,Tech Campus,8.8,2.17,21.4
T203290,2025-09-15 19:29:00,member,classic,Harbor Front,Riverside Park,16.3,3.52,23.6
T203291,2025-09-15 19:36:00,member,classic,Riverside Park,Stadium,16.9,3.31,20.7
T203292,2025-09-15 19:59:00,member,electric,Harbor Front,Market Hall,16.5,4.31,19.6
T203293,2025-09-16 07:27:00,member,classic,Tech Campus,Old Town,22.3,5.07,19.2
T203294,2025-09-16 07:55:00,member,classic,Tech Campus,University Ave,2.2,0.37,24.1
T203295,2025-09-16 08:07:00,member,electric,University Ave,Market Hall,10.9,2.81,22.1
T203296,2025-09-16 08:18:00,member,classic,Union Square,Old Town,18.4,3.4,21.1
T203297,2025-09-16 08:35:00,member,classic,City Hall,Stadium,6.3,1.19,20.5
T203298,2025-09-16 08:35:00,member,electric,Union Square,Riverside Park,4.8,1.13,21.2
T203299,2025-09-16 08:49:00,member,classic,City Hall,City Hall,6.2,0.77,23.8
T203300,2025-09-16 08:56:00,member,electric,Old Town,City Hall,6.1,1.84,24.2
T203301,2025-09-16 10:31:00,member,electric,Union Square,City Hall,6.1,1.43,19.6
T203302,2025-09-16 12:41:00,member,electric,Union Square,Harbor Front,11.9,3.56,24.3
T203303,2025-09-16 13:21:00,member,classic,Lakeside,Lakeside,14.3,1.92,24.7
T203304,2025-09-16 13:28:00,casual,electric,Lakeside,University Ave,29,8.71,20.3
T203305,2025-09-16 14:32:00,casual,classic,City Hall,Old Town,16.6,3.75,18.8
T203306,2025-09-16 14:42:00,casual,electric,Old Town,Harbor Front,6.7,1.59,21.6
T203307,2025-09-16 15:06:00,member,classic,City Hall,Central Station,14.2,2.74,23.9
T203308,2025-09-16 15:11:00,casual,electric,Old Town,Tech Campus,17.9,4.71,24.8
T203309,2025-09-16 15:12:00,casual,electric,Tech Campus,University Ave,2.7,0.8,20.4
T203310,2025-09-16 15:44:00,casual,classic,Harbor Front,Harbor Front,21.9,2.19,20
T203311,2025-09-16 15:56:00,casual,classic,City Hall,Museum Mile,24.5,5.29,22.9
T203312,2025-09-16 16:35:00,casual,classic,Tech Campus,Stadium,26.8,5.47,19.4
T203313,2025-09-16 16:37:00,casual,classic,Stadium,Stadium,24.8,2.71,19.1
T203314,2025-09-16 17:04:00,member,classic,Market Hall,Harbor Front,22.5,4.3,25.9
T203315,2025-09-16 17:13:00,casual,classic,University Ave,University Ave,12.5,1.46,23.9
T203316,2025-09-16 17:29:00,member,classic,Market Hall,Tech Campus,13.5,2.45,22.3
T203317,2025-09-16 18:46:00,member,electric,Museum Mile,University Ave,12.1,3.09,18.5
T203318,2025-09-16 19:28:00,member,electric,Old Town,Tech Campus,8.9,2.6,22.5
T203319,2025-09-16 19:31:00,casual,classic,Central Station,Central Station,9.8,1.13,24.5
T203320,2025-09-17 07:35:00,member,electric,Tech Campus,Lakeside,19.3,5.48,20.8
T203321,2025-09-17 08:11:00,member,electric,Lakeside,Harbor Front,10.6,2.55,29.6
T203322,2025-09-17 08:17:00,member,electric,City Hall,Market Hall,7.4,2.14,22.5
T203323,2025-09-17 09:28:00,member,classic,City Hall,Lakeside,2.5,0.42,17.5
T203324,2025-09-17 09:32:00,member,classic,Riverside Park,Museum Mile,8.8,1.47,23.9
T203325,2025-09-17 09:40:00,member,classic,Stadium,Union Square,12.9,2.38,17
T203326,2025-09-17 11:40:00,casual,classic,Tech Campus,Museum Mile,28.1,5.12,16.3
T203327,2025-09-17 11:41:00,casual,classic,University Ave,Harbor Front,35.4,7.43,18.6
T203328,2025-09-17 12:11:00,casual,classic,Harbor Front,Union Square,12.4,2.13,21.9
T203329,2025-09-17 12:29:00,member,classic,Stadium,University Ave,7,1.26,20.9
T203330,2025-09-17 12:41:00,member,classic,Market Hall,Museum Mile,18.2,3.72,21.5
T203331,2025-09-17 13:50:00,member,electric,Market Hall,City Hall,10.6,2.67,20.4
T203332,2025-09-17 16:41:00,member,classic,City Hall,Union Square,11.2,2.45,23.9
T203333,2025-09-17 16:51:00,member,classic,Old Town,Market Hall,10.5,1.77,18.2
T203334,2025-09-17 18:17:00,member,electric,Tech Campus,Museum Mile,7.6,2.11,23.6
T203335,2025-09-17 19:04:00,casual,electric,University Ave,Tech Campus,21.5,6.2,22.9
T203336,2025-09-18 10:20:00,member,electric,Old Town,City Hall,8.1,2.02,17.9
T203337,2025-09-18 11:29:00,casual,classic,University Ave,Union Square,2,0.37,18
T203338,2025-09-18 12:48:00,casual,electric,Lakeside,Tech Campus,21.5,6.66,23.9
T203339,2025-09-18 13:11:00,member,electric,University Ave,Tech Campus,13.2,3.24,20.2
T203340,2025-09-18 13:31:00,member,electric,University Ave,City Hall,6.3,1.7,23
T203341,2025-09-18 17:37:00,member,electric,Old Town,Museum Mile,11,2.8,20.8
T203342,2025-09-18 18:26:00,member,classic,Lakeside,Union Square,20.1,4.11,15.2
T203343,2025-09-19 07:19:00,member,electric,Riverside Park,Union Square,10.6,3.23,23.6
T203344,2025-09-19 08:36:00,member,classic,Tech Campus,Museum Mile,12.1,2.03,21.9
T203345,2025-09-19 09:00:00,member,classic,Lakeside,Union Square,5.8,1.27,21.8
T203346,2025-09-19 09:52:00,member,electric,Tech Campus,Tech Campus,2,0.35,18.8
T203347,2025-09-19 11:45:00,casual,classic,Market Hall,Central Station,38.6,8.09,19.3
T203348,2025-09-19 11:59:00,casual,electric,Tech Campus,Tech Campus,14.1,2.29,25.8
T203349,2025-09-19 13:12:00,member,classic,Harbor Front,Harbor Front,11,1.32,21.3
T203350,2025-09-19 13:18:00,casual,electric,Lakeside,University Ave,11.4,3.41,23.1
T203351,2025-09-19 15:00:00,casual,electric,Tech Campus,Harbor Front,21.4,5.23,20.8
T203352,2025-09-19 15:55:00,member,electric,Union Square,City Hall,10,3.08,19.4
T203353,2025-09-19 16:06:00,member,electric,City Hall,City Hall,8.1,1.28,23.1
T203354,2025-09-19 16:07:00,member,classic,Tech Campus,University Ave,10.1,2.19,21
T203355,2025-09-19 16:42:00,member,classic,Central Station,Central Station,3.3,0.43,22.1
T203356,2025-09-19 17:11:00,member,electric,Union Square,Union Square,5.3,0.84,15.8
T203357,2025-09-19 17:17:00,casual,classic,Stadium,Riverside Park,2,0.34,21.4
T203358,2025-09-19 17:26:00,member,classic,Riverside Park,University Ave,8.1,1.41,16.1
T203359,2025-09-19 17:36:00,member,electric,Old Town,Tech Campus,16.4,4.37,19.5
T203360,2025-09-19 17:46:00,member,electric,Market Hall,Market Hall,12.7,2.12,19.8
T203361,2025-09-19 18:12:00,member,electric,Market Hall,Central Station,14.6,3.67,20.8
T203362,2025-09-19 18:23:00,member,classic,City Hall,Riverside Park,11.3,2.55,22.4
T203363,2025-09-19 21:11:00,member,electric,Harbor Front,Riverside Park,13.4,3.35,17.2
T203364,2025-09-19 21:56:00,member,classic,Harbor Front,Tech Campus,6.2,1.21,23.5
T203365,2025-09-20 07:02:00,member,classic,Market Hall,Central Station,2,0.37,20.5
T203366,2025-09-20 07:24:00,member,classic,Museum Mile,Lakeside,9.4,2.03,19.5
T203367,2025-09-20 07:56:00,member,classic,University Ave,Museum Mile,8.9,1.51,23.9
T203368,2025-09-20 08:49:00,member,classic,City Hall,Harbor Front,15.6,2.85,24.2
T203369,2025-09-20 09:09:00,member,classic,Lakeside,Central Station,2,0.34,20.9
T203370,2025-09-20 09:15:00,member,classic,Lakeside,Central Station,16.1,3.46,21.3
T203371,2025-09-20 10:34:00,casual,classic,Union Square,Riverside Park,10,2.22,21.8
T203372,2025-09-20 10:36:00,member,electric,Central Station,Lakeside,11.3,2.77,24.9
T203373,2025-09-20 11:39:00,casual,classic,Union Square,University Ave,25.2,5.18,18
T203374,2025-09-20 12:52:00,casual,electric,Union Square,Union Square,17,3.01,23.7
T203375,2025-09-20 12:55:00,member,classic,Tech Campus,Tech Campus,13.4,1.55,20.1
T203376,2025-09-20 13:25:00,member,classic,City Hall,Stadium,8.7,1.87,21.2
T203377,2025-09-20 13:41:00,casual,classic,Market Hall,Tech Campus,38.5,7.9,24.1
T203378,2025-09-20 15:12:00,casual,electric,University Ave,Tech Campus,12.7,3.48,22.2
T203379,2025-09-20 16:27:00,member,classic,Harbor Front,Market Hall,3.5,0.59,23
T203380,2025-09-20 16:31:00,member,electric,University Ave,Museum Mile,18.3,5.64,19.2
T203381,2025-09-20 16:58:00,member,classic,Harbor Front,Stadium,13.6,2.86,19.4
T203382,2025-09-20 17:52:00,casual,electric,Museum Mile,City Hall,22.7,6.3,20.7
T203383,2025-09-20 17:53:00,member,classic,Lakeside,Union Square,17.1,3.1,23.2
T203384,2025-09-20 18:42:00,member,electric,Riverside Park,University Ave,17.6,4.86,21.5
T203385,2025-09-20 19:24:00,member,classic,Market Hall,Union Square,2.2,0.41,21.8
T203386,2025-09-21 07:19:00,member,classic,Old Town,Union Square,14.9,2.78,22.7
T203387,2025-09-21 07:29:00,member,electric,Tech Campus,University Ave,12.4,3.74,22.4
T203388,2025-09-21 07:33:00,member,electric,Lakeside,Union Square,9,2.42,16.5
T203389,2025-09-21 08:01:00,member,electric,City Hall,Lakeside,9.6,2.35,18.9
T203390,2025-09-21 09:06:00,member,classic,Union Square,Lakeside,9,1.84,22.8
T203391,2025-09-21 09:28:00,member,electric,Lakeside,Tech Campus,5.6,1.4,21.8
T203392,2025-09-21 10:04:00,member,classic,University Ave,Union Square,12.9,2.19,21
T203393,2025-09-21 10:29:00,member,classic,Riverside Park,City Hall,12.5,2.32,22.7
T203394,2025-09-21 10:38:00,member,classic,Lakeside,Lakeside,7.4,0.91,22.9
T203395,2025-09-21 12:29:00,member,electric,Museum Mile,Union Square,7.5,2.24,19.7
T203396,2025-09-21 14:35:00,casual,classic,Lakeside,Tech Campus,20.4,4.55,26.3
T203397,2025-09-21 16:03:00,member,electric,Stadium,Stadium,10.3,1.91,21.4
T203398,2025-09-21 16:42:00,member,classic,Riverside Park,City Hall,5.3,0.93,20.7
T203399,2025-09-21 17:30:00,member,classic,Market Hall,Museum Mile,11.5,2.33,19.2
T203400,2025-09-21 17:36:00,casual,electric,Harbor Front,Stadium,8.7,2.46,15.6
T203401,2025-09-21 17:44:00,member,electric,Lakeside,Market Hall,17.8,4.34,22.2
T203402,2025-09-21 18:06:00,casual,classic,City Hall,Central Station,19.9,3.89,20.5
T203403,2025-09-21 19:28:00,member,classic,Lakeside,Central Station,14.6,2.6,20.5
T203404,2025-09-21 21:17:00,member,electric,Central Station,Union Square,2,0.61,25.2
T203405,2025-09-21 21:30:00,member,classic,Tech Campus,Stadium,16.8,3.4,23.7
T203406,2025-09-22 08:20:00,member,electric,City Hall,Stadium,9.9,2.86,17.1
T203407,2025-09-22 11:39:00,casual,electric,City Hall,Market Hall,12.3,3.57,23.1
T203408,2025-09-22 12:12:00,member,electric,Central Station,Museum Mile,14.9,3.5,19.7
T203409,2025-09-22 16:17:00,casual,classic,Riverside Park,Harbor Front,16.4,3.35,17.7
T203410,2025-09-22 16:26:00,member,electric,Lakeside,Market Hall,23.6,5.83,21.8
T203411,2025-09-22 16:49:00,member,classic,Tech Campus,Harbor Front,16.8,3.39,18
T203412,2025-09-22 17:11:00,member,classic,Market Hall,Lakeside,14,2.46,21.7
T203413,2025-09-22 17:14:00,member,classic,Stadium,Lakeside,15.6,3.18,17.4
T203414,2025-09-22 18:02:00,member,electric,Tech Campus,Tech Campus,6.5,1.07,18.1
T203415,2025-09-22 19:26:00,member,classic,Riverside Park,Old Town,20.9,4.37,18.1
T203416,2025-09-22 19:28:00,casual,electric,Tech Campus,City Hall,10.9,3.2,27.6
T203417,2025-09-22 19:30:00,member,electric,Museum Mile,Harbor Front,11,3.25,20.8
T203418,2025-09-23 07:12:00,member,electric,Market Hall,Tech Campus,12.6,3.48,20.9
T203419,2025-09-23 08:08:00,member,classic,Old Town,City Hall,20,3.89,20.7
T203420,2025-09-23 09:43:00,member,electric,Lakeside,City Hall,7.1,1.64,22.4
T203421,2025-09-23 10:12:00,casual,electric,Central Station,Riverside Park,25.1,5.89,16.6
T203422,2025-09-23 10:58:00,member,classic,Central Station,Museum Mile,3.3,0.67,21.3
T203423,2025-09-23 12:43:00,casual,electric,Old Town,Lakeside,14,3.75,20.6
T203424,2025-09-23 13:08:00,member,classic,University Ave,Lakeside,6,1.32,24.4
T203425,2025-09-23 15:55:00,casual,classic,Stadium,University Ave,33.3,7.45,18.5
T203426,2025-09-23 16:06:00,member,classic,Museum Mile,Union Square,17.7,3.7,21.8
T203427,2025-09-23 16:13:00,casual,electric,Stadium,Harbor Front,18,4.59,22.8
T203428,2025-09-23 16:44:00,member,electric,City Hall,Union Square,3,0.75,18.3
T203429,2025-09-23 17:06:00,member,classic,Riverside Park,Old Town,7.6,1.71,19.8
T203430,2025-09-23 17:18:00,member,classic,Tech Campus,Lakeside,10.6,2.01,18.5
T203431,2025-09-23 18:17:00,casual,electric,Old Town,Union Square,43.8,10.71,17.3
T203432,2025-09-23 18:37:00,member,electric,Central Station,Stadium,11.8,3.6,22.1
T203433,2025-09-23 18:46:00,member,classic,City Hall,Tech Campus,14.9,2.66,25.6
T203434,2025-09-23 19:11:00,member,electric,Museum Mile,Union Square,10.9,3.11,18.8
T203435,2025-09-23 21:47:00,member,classic,Stadium,Central Station,24.2,4.09,16.1
T203436,2025-09-24 08:35:00,member,electric,Tech Campus,Lakeside,2.3,0.54,21.8
T203437,2025-09-24 09:46:00,member,electric,Old Town,Riverside Park,9.8,2.91,21.7
T203438,2025-09-24 10:12:00,member,classic,City Hall,City Hall,21.7,2.64,19.3
T203439,2025-09-24 10:48:00,member,electric,Market Hall,Central Station,14.1,3.5,23.2
T203440,2025-09-24 11:49:00,casual,classic,City Hall,Riverside Park,6.4,1.13,20
T203441,2025-09-24 12:50:00,member,electric,Museum Mile,Market Hall,5.2,1.2,23
T203442,2025-09-24 12:53:00,casual,classic,Central Station,Central Station,28.1,3.04,22.6
T203443,2025-09-24 16:54:00,casual,classic,Market Hall,Stadium,16.7,3.7,19.8
T203444,2025-09-24 17:16:00,member,electric,Stadium,Stadium,12.4,2.01,20.6
T203445,2025-09-24 19:35:00,casual,classic,Old Town,Tech Campus,18.7,3.74,18.4
T203446,2025-09-24 19:55:00,member,classic,Union Square,Market Hall,9.1,1.99,19.4
T203447,2025-09-25 08:26:00,member,classic,Lakeside,Museum Mile,5.7,1.01,17
T203448,2025-09-25 09:01:00,member,classic,Tech Campus,University Ave,9.3,1.83,21.8
T203449,2025-09-25 09:08:00,member,classic,City Hall,Central Station,14.3,2.78,23.1
T203450,2025-09-25 09:18:00,member,classic,Union Square,Stadium,4.2,0.75,20.7
T203451,2025-09-25 10:06:00,member,electric,Museum Mile,Museum Mile,2.6,0.47,24.3
T203452,2025-09-25 10:57:00,casual,electric,Stadium,Stadium,40,6.48,22.3
T203453,2025-09-25 12:44:00,casual,electric,City Hall,Market Hall,9.1,2.42,25.2
T203454,2025-09-25 12:59:00,casual,electric,Market Hall,Lakeside,21.8,6.53,21.9
T203455,2025-09-25 12:59:00,casual,electric,Lakeside,Stadium,22.7,5.94,24.7
T203456,2025-09-25 13:06:00,casual,classic,Lakeside,Riverside Park,18.2,3.68,17.9
T203457,2025-09-25 13:37:00,member,electric,Tech Campus,Riverside Park,4.8,1.35,18.5
T203458,2025-09-25 13:49:00,member,electric,Old Town,Tech Campus,7,1.88,19.3
T203459,2025-09-25 13:54:00,member,electric,Central Station,University Ave,17.3,4.14,18.2
T203460,2025-09-25 14:11:00,casual,classic,Union Square,University Ave,43.8,9.59,22.1
T203461,2025-09-25 15:29:00,member,electric,Old Town,Union Square,5.1,1.36,19.4
T203462,2025-09-25 16:39:00,casual,electric,Market Hall,Riverside Park,39.3,10.41,22
T203463,2025-09-25 16:45:00,member,electric,City Hall,City Hall,8.9,1.58,20
T203464,2025-09-25 17:37:00,member,classic,Central Station,Harbor Front,4.9,0.91,22.2
T203465,2025-09-25 17:45:00,member,classic,Old Town,Union Square,14.6,2.59,20
T203466,2025-09-25 18:47:00,member,electric,Central Station,Central Station,4.8,0.8,19.6
T203467,2025-09-25 19:51:00,member,electric,Harbor Front,Stadium,14.9,4.45,24.2
T203468,2025-09-26 08:02:00,member,classic,Central Station,Market Hall,5.2,1.03,20.6
T203469,2025-09-26 08:13:00,member,electric,Riverside Park,Riverside Park,17.4,2.57,23.3
T203470,2025-09-26 09:56:00,member,electric,University Ave,Union Square,6.3,1.5,22
T203471,2025-09-26 10:57:00,casual,classic,Riverside Park,Union Square,35.7,6.83,19.8
T203472,2025-09-26 12:26:00,member,classic,Tech Campus,Riverside Park,11.3,2.24,21.1
T203473,2025-09-26 13:35:00,member,classic,Harbor Front,Old Town,15.5,3.36,21.8
T203474,2025-09-26 13:36:00,casual,classic,Stadium,Museum Mile,2,0.4,23.8
T203475,2025-09-26 13:57:00,casual,electric,Riverside Park,Union Square,4.7,1.33,21
T203476,2025-09-26 15:46:00,member,electric,Old Town,Old Town,11.4,1.97,22.4
T203477,2025-09-26 16:52:00,member,electric,Market Hall,Lakeside,7.8,1.89,19.8
T203478,2025-09-26 17:24:00,casual,electric,Stadium,Museum Mile,21.6,6.42,24.4
T203479,2025-09-26 17:47:00,member,electric,Stadium,Stadium,8.2,1.16,20.3
T203480,2025-09-26 17:53:00,member,electric,Union Square,Lakeside,7.3,1.67,23.2
T203481,2025-09-26 17:58:00,casual,electric,University Ave,Union Square,24.8,5.86,23.8
T203482,2025-09-26 17:58:00,member,electric,Central Station,Old Town,12.6,3.29,20.5
T203483,2025-09-26 18:13:00,casual,classic,City Hall,Harbor Front,14.2,3.19,17.4
T203484,2025-09-26 19:48:00,member,classic,Stadium,Market Hall,7.4,1.28,19.2
T203485,2025-09-26 20:31:00,casual,electric,University Ave,University Ave,42.6,6.07,20.9
T203486,2025-09-27 07:23:00,member,electric,Tech Campus,Old Town,14.6,3.71,23.5
T203487,2025-09-27 07:29:00,member,classic,Market Hall,Harbor Front,3.9,0.72,22.4
T203488,2025-09-27 08:26:00,member,classic,Market Hall,Central Station,11.6,2.16,20.4
T203489,2025-09-27 08:49:00,member,electric,Harbor Front,City Hall,7.8,2.04,20.1
T203490,2025-09-27 08:52:00,member,electric,Old Town,Stadium,12.1,3.41,26.5
T203491,2025-09-27 08:58:00,member,classic,Market Hall,Museum Mile,16.6,3.51,24.5
T203492,2025-09-27 09:26:00,member,electric,Tech Campus,Riverside Park,11.9,2.99,22
T203493,2025-09-27 10:34:00,member,electric,Tech Campus,Lakeside,11.4,2.61,22.3
T203494,2025-09-27 13:08:00,casual,classic,City Hall,Central Station,35.3,7.49,20.4
T203495,2025-09-27 16:43:00,casual,electric,Harbor Front,Museum Mile,16.5,4.15,24.6
T203496,2025-09-27 18:13:00,member,classic,Lakeside,Museum Mile,5.3,1.14,22
T203497,2025-09-27 18:41:00,member,classic,Union Square,Market Hall,4.3,0.76,18.1
T203498,2025-09-28 08:49:00,member,classic,City Hall,Lakeside,12.6,2.32,20.8
T203499,2025-09-28 09:20:00,member,classic,University Ave,Union Square,7.3,1.46,19.3
T203500,2025-09-28 12:35:00,member,classic,Tech Campus,Museum Mile,17.3,3.79,21.3
T203501,2025-09-28 12:41:00,member,classic,Museum Mile,Lakeside,7.6,1.74,22.4
T203502,2025-09-28 13:45:00,casual,electric,Lakeside,Lakeside,22.2,3.29,18.2
T203503,2025-09-28 15:01:00,casual,electric,Old Town,City Hall,17.2,4.87,25.7
T203504,2025-09-28 15:08:00,member,classic,Harbor Front,Museum Mile,7.8,1.51,20.6
T203505,2025-09-28 15:18:00,casual,electric,Market Hall,Harbor Front,29.8,8.38,23.4
T203506,2025-09-28 15:19:00,member,classic,Central Station,University Ave,13.7,2.32,21.8
T203507,2025-09-28 15:35:00,member,classic,City Hall,Lakeside,3.3,0.67,24.8
T203508,2025-09-28 16:02:00,casual,electric,Tech Campus,Central Station,4.6,1.08,19.1
T203509,2025-09-28 16:22:00,member,classic,Central Station,Central Station,11.9,1.44,21
T203510,2025-09-28 18:05:00,member,electric,Lakeside,City Hall,9.7,2.3,26.2
T203511,2025-09-28 18:05:00,member,classic,Stadium,Lakeside,19.4,3.93,28.7
T203512,2025-09-28 18:19:00,member,classic,Tech Campus,Lakeside,10.3,1.97,18.2
T203513,2025-09-28 19:31:00,member,classic,Lakeside,Union Square,8.5,1.9,17.4
T203514,2025-10-01 07:13:00,member,classic,Lakeside,Central Station,12.9,2.66,17.7
T203515,2025-10-01 07:38:00,member,classic,Harbor Front,University Ave,10.2,2.16,14
T203516,2025-10-01 09:45:00,member,electric,Union Square,Stadium,8.6,2.27,15.7
T203517,2025-10-01 10:20:00,member,classic,Riverside Park,Union Square,15.1,3.04,12.6
T203518,2025-10-01 12:37:00,member,classic,Harbor Front,Stadium,10.4,2.36,15.8
T203519,2025-10-01 15:57:00,member,classic,Union Square,Harbor Front,2,0.37,19
T203520,2025-10-01 17:12:00,member,classic,Old Town,Tech Campus,9.3,1.56,15.2
T203521,2025-10-01 17:56:00,member,classic,University Ave,University Ave,7.5,0.86,13.4
T203522,2025-10-01 18:25:00,casual,classic,Central Station,Tech Campus,15.2,2.54,23.5
T203523,2025-10-01 19:36:00,member,electric,Riverside Park,Riverside Park,8.8,1.64,18.6
T203524,2025-10-02 07:33:00,member,classic,Old Town,City Hall,16.7,3.61,16.6
T203525,2025-10-02 08:36:00,member,classic,Market Hall,Lakeside,10.7,1.81,14.7
T203526,2025-10-02 09:43:00,member,classic,Central Station,Union Square,13.3,2.52,14.8
T203527,2025-10-02 09:53:00,member,electric,Union Square,Lakeside,11.2,2.61,19.8
T203528,2025-10-02 10:14:00,member,classic,Stadium,Union Square,2,0.45,12.7
T203529,2025-10-02 12:14:00,member,electric,Museum Mile,Museum Mile,2,0.3,19.2
T203530,2025-10-02 14:07:00,casual,electric,Old Town,Central Station,17.3,4.4,16.3
T203531,2025-10-02 14:12:00,casual,classic,Old Town,Lakeside,3.6,0.7,14.2
T203532,2025-10-02 15:09:00,casual,classic,Stadium,Lakeside,33.7,6.39,16.9
T203533,2025-10-02 15:55:00,casual,electric,University Ave,City Hall,9.7,2.48,13.6
T203534,2025-10-02 16:16:00,member,classic,Central Station,Union Square,13.1,2.99,8.1
T203535,2025-10-02 17:08:00,member,electric,Stadium,Lakeside,13.2,3.28,12.7
T203536,2025-10-02 19:02:00,casual,classic,Riverside Park,Old Town,3.9,0.85,15.4
T203537,2025-10-02 19:52:00,member,electric,Riverside Park,Tech Campus,20.6,5.92,16.9
T203538,2025-10-03 08:28:00,member,electric,Stadium,Riverside Park,8.4,2.48,9.3
T203539,2025-10-03 08:34:00,member,electric,Lakeside,Museum Mile,10.7,2.53,16.2
T203540,2025-10-03 09:11:00,member,electric,Stadium,Union Square,17.4,4.1,10.5
T203541,2025-10-03 13:07:00,member,electric,University Ave,University Ave,5.7,0.89,17
T203542,2025-10-03 13:08:00,member,classic,Central Station,Market Hall,19.2,3.95,14.3
T203543,2025-10-03 13:24:00,casual,electric,Old Town,Museum Mile,6.4,1.66,13.6
T203544,2025-10-03 13:30:00,member,classic,Union Square,Old Town,4.9,0.93,14
T203545,2025-10-03 16:21:00,member,classic,Union Square,Riverside Park,18.1,3.07,13.9
T203546,2025-10-03 16:50:00,member,classic,Old Town,Old Town,11.1,1.21,12.4
T203547,2025-10-03 17:02:00,casual,classic,Old Town,Tech Campus,33.8,7.63,16.4
T203548,2025-10-03 17:15:00,casual,classic,Stadium,Old Town,24.2,4.06,13.1
T203549,2025-10-03 17:42:00,member,electric,Lakeside,Tech Campus,14.7,3.75,17.5
T203550,2025-10-04 08:53:00,member,electric,Harbor Front,City Hall,10.5,2.62,13.5
T203551,2025-10-04 10:20:00,member,classic,Market Hall,Stadium,11.4,2.25,15.1
T203552,2025-10-04 10:38:00,member,classic,University Ave,Old Town,11.2,2.1,13.2
T203553,2025-10-04 12:02:00,member,classic,Tech Campus,Tech Campus,10.7,1.19,16.4
T203554,2025-10-04 12:16:00,casual,classic,Stadium,Tech Campus,11.2,1.97,19.8
T203555,2025-10-04 13:05:00,member,electric,University Ave,Old Town,11.9,2.92,12.9
T203556,2025-10-04 13:40:00,casual,classic,Old Town,Riverside Park,2.8,0.52,12
T203557,2025-10-04 13:59:00,member,electric,Central Station,Museum Mile,2,0.59,12.1
T203558,2025-10-04 15:56:00,casual,electric,City Hall,University Ave,20,5.15,13.6
T203559,2025-10-04 16:05:00,member,classic,Museum Mile,Old Town,9.4,1.83,19.6
T203560,2025-10-04 17:08:00,member,electric,Tech Campus,Union Square,5.3,1.24,12.1
T203561,2025-10-04 17:14:00,member,electric,University Ave,Market Hall,18.2,5.56,12.3
T203562,2025-10-04 21:30:00,member,electric,Central Station,City Hall,15.4,4.7,13.6
T203563,2025-10-05 08:00:00,member,classic,Lakeside,Harbor Front,8.8,1.91,17.4
T203564,2025-10-05 08:42:00,member,electric,Lakeside,City Hall,8.7,2.28,15.6
T203565,2025-10-05 09:21:00,member,electric,Harbor Front,Lakeside,7.6,2.19,10.5
T203566,2025-10-05 09:41:00,member,classic,Market Hall,Harbor Front,13.5,2.53,18.9
T203567,2025-10-05 10:27:00,casual,electric,Harbor Front,City Hall,5.7,1.52,15.6
T203568,2025-10-05 12:38:00,member,electric,Union Square,Museum Mile,4,1.16,20.8
T203569,2025-10-05 14:54:00,casual,classic,Museum Mile,Harbor Front,3.2,0.57,11
T203570,2025-10-05 15:06:00,casual,classic,Tech Campus,University Ave,24.9,4.71,17
T203571,2025-10-05 15:26:00,casual,electric,Lakeside,Lakeside,15.8,2.2,23.5
T203572,2025-10-05 15:35:00,member,electric,Tech Campus,Tech Campus,8.4,1.5,13.1
T203573,2025-10-05 16:21:00,member,classic,Riverside Park,Old Town,11.6,2.53,11.1
T203574,2025-10-05 16:33:00,member,electric,University Ave,Museum Mile,8.6,2.64,11.1
T203575,2025-10-05 17:00:00,member,classic,City Hall,Market Hall,15.6,2.62,14.2
T203576,2025-10-05 17:51:00,member,classic,Stadium,Riverside Park,12.8,2.31,12.9
T203577,2025-10-05 19:19:00,member,electric,Lakeside,Lakeside,16.4,2.46,10.9
T203578,2025-10-05 19:24:00,casual,electric,Market Hall,City Hall,7.1,1.96,13.9
T203579,2025-10-05 19:31:00,casual,classic,Market Hall,University Ave,24.4,4.47,20.5
T203580,2025-10-06 07:52:00,member,electric,Market Hall,City Hall,2,0.48,19
T203581,2025-10-06 09:23:00,member,classic,Union Square,Tech Campus,15.3,3.42,14.3
T203582,2025-10-06 11:39:00,casual,electric,Lakeside,Central Station,6.5,1.8,20.9
T203583,2025-10-06 12:13:00,member,electric,Market Hall,Riverside Park,11.7,2.82,12.7
T203584,2025-10-06 12:53:00,member,electric,Harbor Front,Central Station,10,2.75,8.5
T203585,2025-10-06 16:29:00,member,classic,Central Station,University Ave,14.8,2.99,14.1
T203586,2025-10-07 07:10:00,member,classic,Tech Campus,Harbor Front,2,0.36,10.5
T203587,2025-10-07 09:00:00,member,electric,Lakeside,Stadium,17.2,4.22,19
T203588,2025-10-07 09:24:00,member,electric,Central Station,Central Station,2.1,0.3,11.7
T203589,2025-10-07 11:36:00,casual,classic,Old Town,Old Town,2,0.3,16.6
T203590,2025-10-07 12:37:00,member,electric,Central Station,Lakeside,4.8,1.13,18.6
T203591,2025-10-07 15:09:00,member,classic,Central Station,Old Town,4.1,0.86,16.1
T203592,2025-10-07 15:12:00,casual,electric,Market Hall,Union Square,28.4,8.15,14
T203593,2025-10-07 15:46:00,casual,electric,Harbor Front,Harbor Front,25.8,3.97,17.6
T203594,2025-10-07 17:07:00,member,classic,Tech Campus,Tech Campus,10.3,1.4,14.5
T203595,2025-10-07 17:40:00,casual,electric,Stadium,Stadium,15,2.58,10.7
T203596,2025-10-07 18:15:00,member,electric,Tech Campus,Central Station,5,1.49,12
T203597,2025-10-07 18:52:00,member,electric,Union Square,Museum Mile,3.9,1.16,14
T203598,2025-10-07 18:58:00,member,electric,Riverside Park,Tech Campus,4.8,1.41,12.7
T203599,2025-10-08 07:43:00,member,classic,Lakeside,Market Hall,6.1,1.35,15.2
T203600,2025-10-08 12:12:00,member,classic,Stadium,Market Hall,10.5,1.97,12.7
T203601,2025-10-08 14:06:00,casual,classic,Central Station,Old Town,31.4,6.17,17.6
T203602,2025-10-08 14:28:00,casual,classic,Riverside Park,Museum Mile,18.2,3.31,12
T203603,2025-10-08 15:39:00,member,electric,Lakeside,Union Square,21.3,5.88,14.6
T203604,2025-10-08 16:12:00,member,electric,Museum Mile,Market Hall,6.4,1.64,14.1
T203605,2025-10-08 17:39:00,member,electric,Museum Mile,Central Station,10.3,2.83,10.9
T203606,2025-10-08 17:45:00,member,classic,Stadium,Union Square,8.9,1.6,12.7
T203607,2025-10-09 08:08:00,member,classic,Tech Campus,Lakeside,6.8,1.49,15.5
T203608,2025-10-09 10:25:00,member,electric,Harbor Front,Riverside Park,10.4,2.68,16.1
T203609,2025-10-09 10:57:00,member,classic,University Ave,Market Hall,16.4,3.18,12.8
T203610,2025-10-09 11:53:00,casual,classic,Old Town,University Ave,37.8,7.58,18
T203611,2025-10-09 12:21:00,member,classic,Central Station,Lakeside,23.1,5.15,16
T203612,2025-10-09 12:40:00,casual,classic,Harbor Front,Harbor Front,3,0.39,17.3
T203613,2025-10-09 13:16:00,casual,electric,Lakeside,Union Square,20.1,5.78,15.2
T203614,2025-10-09 14:41:00,casual,classic,Stadium,Market Hall,21.5,4.27,8.5
T203615,2025-10-09 15:00:00,member,electric,Tech Campus,Old Town,8.9,2.54,15.9
T203616,2025-10-09 16:51:00,casual,classic,Market Hall,Market Hall,2,0.3,12.9
T203617,2025-10-09 16:58:00,member,electric,Central Station,Union Square,3.9,1.17,14.5
T203618,2025-10-09 17:55:00,member,classic,Riverside Park,Central Station,25,5.54,10.4
T203619,2025-10-09 18:01:00,member,classic,Market Hall,City Hall,3,0.58,15.2
T203620,2025-10-09 18:14:00,member,classic,Museum Mile,Museum Mile,11.5,1.52,19.3
T203621,2025-10-09 18:40:00,member,electric,Union Square,Museum Mile,11.1,3.08,12.1
T203622,2025-10-10 07:12:00,member,electric,City Hall,Museum Mile,9.5,2.79,13.2
T203623,2025-10-10 08:00:00,member,electric,Union Square,Stadium,7.4,2.25,12
T203624,2025-10-10 09:08:00,member,electric,Union Square,Stadium,2.5,0.71,14.2
T203625,2025-10-10 10:54:00,casual,electric,Lakeside,Tech Campus,14.3,3.33,14.5
T203626,2025-10-10 12:27:00,member,classic,Central Station,Harbor Front,20.3,3.99,6.9
T203627,2025-10-10 12:53:00,member,electric,Lakeside,Lakeside,9.2,1.61,9.4
T203628,2025-10-10 13:11:00,member,electric,Central Station,Harbor Front,15.8,4.29,16.9
T203629,2025-10-10 13:36:00,casual,classic,Stadium,Old Town,48.3,8.35,18
T203630,2025-10-10 15:35:00,member,electric,Market Hall,Museum Mile,12,3.13,10.6
T203631,2025-10-10 15:36:00,casual,electric,Union Square,Tech Campus,14.8,3.6,12.2
T203632,2025-10-10 16:06:00,member,electric,Union Square,Riverside Park,14.2,3.34,16.7
T203633,2025-10-10 18:31:00,member,classic,Stadium,Market Hall,6.3,1.27,11.4
T203634,2025-10-10 18:38:00,casual,classic,Market Hall,Old Town,25.9,4.93,13.4
T203635,2025-10-10 19:02:00,member,classic,Old Town,Old Town,5.1,0.58,14.4
T203636,2025-10-10 19:35:00,casual,electric,Tech Campus,Museum Mile,2.2,0.53,7.2
T203637,2025-10-10 19:46:00,member,electric,Harbor Front,University Ave,16.7,4.61,14.2
T203638,2025-10-10 21:59:00,member,electric,Union Square,Museum Mile,9.6,2.62,12.8
T203639,2025-10-11 08:28:00,member,classic,Riverside Park,Lakeside,17.7,3.25,16.5
T203640,2025-10-11 08:28:00,member,electric,Riverside Park,Stadium,10.8,3.04,15.6
T203641,2025-10-11 11:24:00,casual,classic,Harbor Front,Tech Campus,20.7,4.41,9.6
T203642,2025-10-11 15:40:00,member,classic,Tech Campus,Old Town,27.4,6.2,14.4
T203643,2025-10-11 16:42:00,casual,classic,Union Square,Tech Campus,2,0.33,13.4
T203644,2025-10-11 18:11:00,member,classic,Stadium,City Hall,10.9,2.12,14.9
T203645,2025-10-11 18:34:00,member,classic,Museum Mile,Central Station,12.7,2.14,12.6
T203646,2025-10-11 18:37:00,member,classic,City Hall,Tech Campus,12.4,2.81,17.1
T203647,2025-10-11 18:38:00,member,classic,Union Square,Union Square,16.2,1.85,13.8
T203648,2025-10-11 19:10:00,member,classic,Central Station,Tech Campus,17.6,3.14,11.5
T203649,2025-10-11 21:17:00,member,electric,Old Town,Tech Campus,2.2,0.51,13.5
T203650,2025-10-11 21:49:00,member,classic,University Ave,Museum Mile,16.3,3.34,11.6
T203651,2025-10-12 09:11:00,member,classic,Stadium,Stadium,17.1,1.8,19.6
T203652,2025-10-12 11:40:00,casual,electric,Market Hall,Museum Mile,48.5,12.24,9.1
T203653,2025-10-12 12:46:00,casual,electric,Harbor Front,Riverside Park,17.3,5.14,16.4
T203654,2025-10-12 12:54:00,casual,classic,Museum Mile,Stadium,14.3,2.94,17.1
T203655,2025-10-12 13:51:00,member,electric,Union Square,University Ave,8.4,2.15,9.6
T203656,2025-10-12 15:35:00,casual,electric,Stadium,Stadium,35.1,4.79,12.9
T203657,2025-10-12 15:39:00,casual,electric,Central Station,Central Station,32.4,5.51,12.8
T203658,2025-10-12 17:50:00,member,classic,Riverside Park,Harbor Front,20.3,4.15,9.1
T203659,2025-10-12 17:59:00,casual,classic,Museum Mile,Museum Mile,27.6,3.76,10.8
T203660,2025-10-12 18:49:00,member,electric,Union Square,Union Square,10.7,1.72,14.2
T203661,2025-10-13 09:19:00,member,classic,University Ave,Old Town,4.8,1.01,14.3
T203662,2025-10-13 09:58:00,member,classic,Museum Mile,Central Station,14,2.92,10.9
T203663,2025-10-13 10:22:00,member,classic,Central Station,Stadium,10,1.76,17.5
T203664,2025-10-13 11:18:00,casual,classic,City Hall,Union Square,34.9,7.67,9.4
T203665,2025-10-13 11:34:00,casual,classic,Market Hall,Riverside Park,20,3.53,16.4
T203666,2025-10-13 12:36:00,member,electric,Riverside Park,Market Hall,2,0.48,19.3
T203667,2025-10-13 13:15:00,member,classic,Tech Campus,Harbor Front,16.7,3.69,14.4
T203668,2025-10-13 13:28:00,casual,electric,Market Hall,Museum Mile,20.7,6.43,14.2
T203669,2025-10-13 13:34:00,casual,classic,Stadium,University Ave,2,0.44,16.4
T203670,2025-10-13 14:07:00,casual,electric,Harbor Front,Central Station,14,3.33,16.1
T203671,2025-10-13 17:12:00,member,electric,Old Town,Museum Mile,6.8,1.9,12.2
T203672,2025-10-13 18:01:00,casual,classic,City Hall,City Hall,10.8,1.28,14.1
T203673,2025-10-13 18:04:00,casual,classic,Market Hall,Stadium,11.5,2.34,20.1
T203674,2025-10-13 18:15:00,member,electric,Market Hall,Old Town,11.2,2.93,16.8
T203675,2025-10-13 18:16:00,casual,classic,University Ave,Riverside Park,19.1,3.89,18.7
T203676,2025-10-13 18:55:00,member,electric,Tech Campus,Old Town,8.7,2.27,14
T203677,2025-10-13 21:28:00,member,electric,City Hall,Old Town,6.8,1.88,12.7
T203678,2025-10-14 08:05:00,member,classic,Harbor Front,Union Square,15.5,3.31,18.6
T203679,2025-10-14 08:39:00,member,classic,Central Station,Market Hall,4,0.73,15.3
T203680,2025-10-14 08:50:00,member,electric,Lakeside,Central Station,10,2.51,16.8
T203681,2025-10-14 10:41:00,member,classic,Stadium,Lakeside,2,0.35,13.1
T203682,2025-10-14 10:56:00,member,electric,Stadium,Old Town,13.7,3.66,20.3
T203683,2025-10-14 12:50:00,member,electric,Lakeside,Harbor Front,2.7,0.83,13.6
T203684,2025-10-14 13:17:00,member,electric,City Hall,Old Town,2,0.48,15.8
T203685,2025-10-14 13:43:00,member,electric,University Ave,Museum Mile,12.7,2.97,17.7
T203686,2025-10-14 15:05:00,casual,classic,Union Square,Union Square,11.2,1.14,10.1
T203687,2025-10-14 17:11:00,member,classic,Tech Campus,Market Hall,9.1,1.99,12.4
T203688,2025-10-14 18:05:00,member,classic,Museum Mile,Market Hall,10.7,2.2,14
T203689,2025-10-14 18:48:00,member,classic,Union Square,Riverside Park,10,1.87,21.8
T203690,2025-10-14 20:10:00,casual,electric,Stadium,City Hall,14.1,4.39,10.4
T203691,2025-10-14 21:08:00,member,classic,Museum Mile,University Ave,17.1,3.12,12.9
T203692,2025-10-14 21:21:00,member,electric,Market Hall,Market Hall,12.6,2.16,15.3
T203693,2025-10-15 07:02:00,member,classic,Museum Mile,Central Station,2,0.4,17.4
T203694,2025-10-15 08:59:00,member,classic,Old Town,Lakeside,18.3,3.13,15.2
T203695,2025-10-15 12:56:00,member,classic,Museum Mile,Museum Mile,7,0.86,13
T203696,2025-10-15 14:24:00,casual,classic,Riverside Park,Riverside Park,7.7,1.04,10.4
T203697,2025-10-15 17:18:00,member,electric,Union Square,Museum Mile,10.6,2.87,14
T203698,2025-10-15 18:45:00,member,classic,Old Town,Tech Campus,8.5,1.85,14.3
T203699,2025-10-15 18:51:00,member,electric,Museum Mile,Market Hall,13.8,3.36,13.5
T203700,2025-10-16 10:25:00,member,classic,Riverside Park,Museum Mile,2.1,0.39,11.6
T203701,2025-10-16 12:07:00,casual,classic,Central Station,Union Square,31.3,7.1,10.8
T203702,2025-10-16 12:53:00,casual,electric,Harbor Front,Market Hall,30.1,8.32,14.2
T203703,2025-10-16 13:56:00,casual,electric,University Ave,City Hall,33,9.51,11.6
T203704,2025-10-16 14:48:00,casual,electric,Old Town,University Ave,14.8,3.44,13.5
T203705,2025-10-16 15:57:00,casual,electric,Market Hall,Market Hall,31.3,4.58,20.3
T203706,2025-10-16 17:49:00,casual,classic,Stadium,Market Hall,29.1,5.08,13.9
T203707,2025-10-16 18:16:00,member,electric,Tech Campus,Tech Campus,14.2,2.33,10.7
T203708,2025-10-16 18:20:00,member,classic,Lakeside,Stadium,16.6,3.29,12
T203709,2025-10-16 18:22:00,member,classic,Riverside Park,Central Station,16.3,3.3,17.3
T203710,2025-10-17 07:43:00,member,classic,Union Square,University Ave,5.4,1.21,9.5
T203711,2025-10-17 10:16:00,casual,classic,City Hall,Old Town,42.7,9,15.7
T203712,2025-10-17 12:07:00,casual,classic,Harbor Front,Stadium,33.1,7.17,10.3
T203713,2025-10-17 13:31:00,member,electric,Stadium,Tech Campus,8.7,2.25,16.9
T203714,2025-10-17 15:46:00,member,electric,Stadium,Riverside Park,7.3,1.91,16.6
T203715,2025-10-17 16:45:00,casual,classic,Museum Mile,Harbor Front,14.8,2.83,14.6
T203716,2025-10-17 17:46:00,member,classic,University Ave,University Ave,12.4,1.39,17.3
T203717,2025-10-17 18:28:00,member,electric,Central Station,Museum Mile,5.5,1.61,9.6
T203718,2025-10-17 18:31:00,member,classic,Stadium,Museum Mile,7.4,1.44,10.1
T203719,2025-10-17 18:44:00,member,classic,Tech Campus,Market Hall,11.7,1.99,12.7
T203720,2025-10-17 19:13:00,member,electric,Riverside Park,Riverside Park,7.1,1.18,18.4
T203721,2025-10-17 19:45:00,casual,electric,Central Station,Union Square,15.2,4.28,19.1
T203722,2025-10-18 07:09:00,member,electric,Lakeside,Tech Campus,15.2,3.83,8.2
T203723,2025-10-18 07:54:00,member,classic,Tech Campus,Tech Campus,8.8,1.19,14.3
T203724,2025-10-18 08:40:00,member,classic,Riverside Park,Lakeside,18,3.02,13.2
T203725,2025-10-18 09:25:00,member,electric,Stadium,Market Hall,7.8,1.96,17.6
T203726,2025-10-18 13:02:00,member,electric,Riverside Park,Union Square,16.1,3.87,16.4
T203727,2025-10-18 16:41:00,member,electric,Riverside Park,Market Hall,22.5,6.29,14.6
T203728,2025-10-18 17:00:00,member,electric,Union Square,Riverside Park,11.6,3.26,13.3
T203729,2025-10-18 17:35:00,casual,classic,Museum Mile,Harbor Front,20.8,3.91,13.4
T203730,2025-10-18 17:58:00,member,classic,Museum Mile,Tech Campus,16.6,3.1,16.6
T203731,2025-10-18 18:00:00,member,electric,Central Station,Stadium,2.3,0.65,11.6
T203732,2025-10-18 18:39:00,member,classic,University Ave,University Ave,7.3,0.88,16.9
T203733,2025-10-19 08:10:00,member,classic,Museum Mile,Market Hall,6,1.35,12.6
T203734,2025-10-19 08:35:00,member,electric,Union Square,Harbor Front,14,4.21,11
T203735,2025-10-19 09:24:00,member,electric,Union Square,Museum Mile,12.4,3.84,10.3
T203736,2025-10-19 10:36:00,member,classic,City Hall,Central Station,9.5,2.09,14.3
T203737,2025-10-19 12:13:00,casual,classic,Tech Campus,Tech Campus,34.2,3.95,16.9
T203738,2025-10-19 13:29:00,member,classic,Museum Mile,Union Square,15.2,3.43,22.3
T203739,2025-10-19 15:10:00,member,classic,University Ave,Lakeside,16.5,3.65,15.3
T203740,2025-10-19 15:23:00,casual,classic,Harbor Front,Market Hall,22.3,4.88,9.6
T203741,2025-10-19 16:22:00,casual,classic,City Hall,Old Town,25,5.71,16.6
T203742,2025-10-19 17:12:00,member,electric,Lakeside,Market Hall,8.6,2.3,20.8
T203743,2025-10-19 17:22:00,casual,electric,Tech Campus,City Hall,2.8,0.72,10.3
T203744,2025-10-19 17:37:00,member,classic,Old Town,City Hall,14.6,2.83,19.7
T203745,2025-10-19 17:56:00,member,electric,Tech Campus,Union Square,12.3,2.87,10.3
T203746,2025-10-19 18:44:00,member,electric,City Hall,Central Station,10,2.63,15
T203747,2025-10-19 21:06:00,member,electric,Market Hall,Stadium,15.2,3.66,16.8
T203748,2025-10-20 08:07:00,member,electric,Harbor Front,Museum Mile,6.8,1.74,13.2
T203749,2025-10-20 08:58:00,member,classic,University Ave,University Ave,6.6,0.7,16.9
T203750,2025-10-20 11:45:00,casual,classic,Stadium,University Ave,3.1,0.69,19.9
T203751,2025-10-20 13:54:00,casual,classic,Lakeside,Stadium,40.9,8.76,11.2
T203752,2025-10-20 15:03:00,casual,electric,Tech Campus,Market Hall,21.2,6.15,12.5
T203753,2025-10-20 15:15:00,casual,classic,Old Town,Lakeside,33.1,6.69,16.2
T203754,2025-10-20 15:31:00,casual,electric,Lakeside,Harbor Front,8.8,2.23,16.1
T203755,2025-10-20 15:43:00,member,electric,Union Square,University Ave,10.9,3.24,20.2
T203756,2025-10-20 16:15:00,casual,classic,Riverside Park,Market Hall,13,2.47,18.1
T203757,2025-10-20 17:10:00,member,electric,City Hall,Harbor Front,16.5,5.02,13.8
T203758,2025-10-20 17:16:00,member,classic,Harbor Front,Lakeside,17.8,2.98,18.6
T203759,2025-10-20 18:04:00,member,classic,Stadium,Riverside Park,9.1,1.66,18.9
T203760,2025-10-20 18:07:00,member,electric,University Ave,University Ave,6.2,1.11,20.5
T203761,2025-10-20 18:50:00,member,classic,Tech Campus,Harbor Front,15,3.27,12.2
T203762,2025-10-20 18:50:00,casual,classic,Union Square,Market Hall,24.9,4.42,12.6
T203763,2025-10-20 19:21:00,member,classic,Stadium,Old Town,12.9,2.44,17.9
T203764,2025-10-20 21:53:00,member,classic,Museum Mile,Museum Mile,22,2.38,16.2
T203765,2025-10-21 08:48:00,member,classic,Lakeside,Museum Mile,20.6,4.61,9.9
T203766,2025-10-21 09:12:00,member,classic,Union Square,Lakeside,6.2,1.04,15.6
T203767,2025-10-21 10:28:00,casual,classic,Market Hall,University Ave,16.6,3.13,17.4
T203768,2025-10-21 13:31:00,casual,classic,University Ave,Stadium,34.3,7.73,14.2
T203769,2025-10-21 14:28:00,casual,electric,City Hall,Old Town,9.9,2.27,20.4
T203770,2025-10-21 15:41:00,member,electric,Market Hall,Union Square,2,0.62,15.2
T203771,2025-10-21 16:42:00,casual,electric,Tech Campus,Riverside Park,2,0.55,13.1
T203772,2025-10-21 17:09:00,member,classic,Lakeside,Stadium,16.5,2.77,14.4
T203773,2025-10-21 17:50:00,member,electric,Union Square,Riverside Park,10.2,2.44,22.6
T203774,2025-10-21 18:12:00,member,classic,Market Hall,Old Town,13.2,2.7,13.7
T203775,2025-10-21 18:35:00,member,classic,City Hall,Lakeside,11.7,2.58,16.3
T203776,2025-10-21 19:58:00,casual,classic,Lakeside,Market Hall,12.9,2.17,14.3
T203777,2025-10-22 07:03:00,member,classic,University Ave,Old Town,7.9,1.58,9.1
T203778,2025-10-22 07:12:00,member,classic,Museum Mile,Old Town,6.9,1.47,14.3
T203779,2025-10-22 09:15:00,member,electric,Harbor Front,Stadium,2.2,0.61,17.8
T203780,2025-10-22 09:41:00,member,classic,City Hall,Stadium,11.7,2.23,18.8
T203781,2025-10-22 11:06:00,casual,electric,Old Town,Union Square,10.8,3.34,15.9
T203782,2025-10-22 11:54:00,casual,electric,Old Town,Lakeside,15.9,4.15,9.2
T203783,2025-10-22 12:28:00,member,classic,Old Town,Tech Campus,10.4,2.09,11.7
T203784,2025-10-22 12:36:00,member,electric,Harbor Front,Museum Mile,7.1,1.63,15.8
T203785,2025-10-22 13:20:00,casual,classic,Museum Mile,Market Hall,34.5,6.93,19.6
T203786,2025-10-22 16:11:00,casual,classic,Old Town,Old Town,39.7,5.22,19.5
T203787,2025-10-22 16:36:00,casual,classic,Stadium,City Hall,18.9,4.01,12.7
T203788,2025-10-22 17:29:00,member,classic,Market Hall,Museum Mile,19.3,4.05,19.8
T203789,2025-10-22 17:34:00,casual,classic,Tech Campus,University Ave,40.6,7.51,15.2
T203790,2025-10-23 08:49:00,member,classic,Old Town,Central Station,2,0.39,17.7
T203791,2025-10-23 09:12:00,member,classic,Union Square,Harbor Front,2.7,0.47,14
T203792,2025-10-23 12:42:00,casual,electric,Union Square,Tech Campus,18.1,5.35,15.8
T203793,2025-10-23 13:13:00,member,classic,Harbor Front,Market Hall,17.1,2.86,15.5
T203794,2025-10-23 13:18:00,member,classic,University Ave,Central Station,14,3.18,14.8
T203795,2025-10-23 13:33:00,casual,classic,Museum Mile,City Hall,22,3.99,18.8
T203796,2025-10-23 13:56:00,casual,classic,Stadium,University Ave,35.3,6.16,10.9
T203797,2025-10-23 15:23:00,casual,electric,Tech Campus,Lakeside,19,4.91,16.6
T203798,2025-10-23 15:27:00,member,classic,Old Town,Lakeside,15.5,3.14,20.5
T203799,2025-10-23 15:29:00,casual,electric,Museum Mile,University Ave,12.3,3.44,12.9
T203800,2025-10-23 16:10:00,casual,electric,Harbor Front,Riverside Park,27,7.95,20.8
T203801,2025-10-23 16:39:00,member,classic,Old Town,Union Square,11.9,2.4,19.8
T203802,2025-10-23 16:50:00,casual,classic,Stadium,Lakeside,31.1,6.58,14.7
T203803,2025-10-23 17:19:00,member,electric,Central Station,Tech Campus,15.5,3.87,18.9
T203804,2025-10-23 18:10:00,casual,classic,Harbor Front,Market Hall,26.5,5.23,21.1
T203805,2025-10-23 18:23:00,casual,electric,City Hall,Central Station,28.3,6.56,20.2
T203806,2025-10-23 18:38:00,member,classic,Lakeside,Stadium,16.7,2.89,13.3
T203807,2025-10-23 18:41:00,member,classic,Lakeside,Museum Mile,5.2,1,10.5
T203808,2025-10-23 19:27:00,casual,electric,City Hall,Central Station,8.9,2.52,15.9
T203809,2025-10-23 20:12:00,casual,electric,University Ave,Central Station,32.6,7.78,17.5
T203810,2025-10-24 07:21:00,member,classic,Harbor Front,Riverside Park,5,1.08,19.6
T203811,2025-10-24 08:04:00,member,electric,Old Town,Stadium,6.6,1.8,14.7
T203812,2025-10-24 08:25:00,member,electric,Central Station,Market Hall,14.9,4.11,11.3
T203813,2025-10-24 09:51:00,member,electric,Old Town,Old Town,8.1,1.36,13
T203814,2025-10-24 12:47:00,casual,electric,Riverside Park,Union Square,15.8,3.62,16.7
T203815,2025-10-24 12:54:00,casual,classic,Harbor Front,Riverside Park,2,0.41,11
T203816,2025-10-24 13:15:00,casual,electric,Union Square,Stadium,17.7,5.05,16
T203817,2025-10-24 13:16:00,member,classic,Museum Mile,University Ave,9.4,1.92,10.1
T203818,2025-10-24 14:15:00,casual,electric,Old Town,University Ave,11.7,3.51,20.2
T203819,2025-10-24 16:14:00,casual,electric,Union Square,Lakeside,38,10.36,9.4
T203820,2025-10-24 18:28:00,member,classic,Old Town,Riverside Park,22.1,4.23,16
T203821,2025-10-24 18:55:00,member,electric,Market Hall,Riverside Park,9.4,2.61,14.6
T203822,2025-10-24 19:00:00,member,classic,City Hall,Riverside Park,4.6,0.82,11.5
T203823,2025-10-24 19:42:00,member,electric,University Ave,Old Town,10,2.48,13.7
T203824,2025-10-24 19:47:00,casual,classic,Central Station,Harbor Front,12.2,2.45,20.7
T203825,2025-10-25 07:51:00,member,classic,University Ave,Harbor Front,16,2.67,14.4
T203826,2025-10-25 08:15:00,member,electric,Museum Mile,Old Town,11.3,2.95,16.3
T203827,2025-10-25 08:34:00,member,classic,Central Station,Market Hall,12.9,2.17,8.1
T203828,2025-10-25 12:00:00,casual,classic,Stadium,Stadium,17.8,2.16,12.5
T203829,2025-10-25 12:02:00,casual,classic,Market Hall,Market Hall,21.8,2.57,17
T203830,2025-10-25 12:44:00,member,classic,University Ave,Central Station,7.9,1.48,14
T203831,2025-10-25 13:07:00,casual,classic,Old Town,City Hall,41.8,8.33,17
T203832,2025-10-25 13:35:00,casual,classic,City Hall,Stadium,21.7,4.51,17.2
T203833,2025-10-25 13:45:00,member,electric,Central Station,Harbor Front,7.5,2.17,17.3
T203834,2025-10-25 15:16:00,member,classic,University Ave,Central Station,19.1,4.01,17.4
T203835,2025-10-25 15:20:00,casual,classic,Museum Mile,Museum Mile,31.6,4.32,16.1
T203836,2025-10-25 15:34:00,casual,electric,Central Station,University Ave,15.3,4.03,16.6
T203837,2025-10-25 15:48:00,member,classic,Museum Mile,University Ave,3.4,0.66,17.8
T203838,2025-10-25 15:58:00,member,electric,University Ave,Tech Campus,14.4,3.39,18.9
T203839,2025-10-25 16:02:00,member,electric,University Ave,Old Town,11.6,3.58,19.7
T203840,2025-10-25 16:03:00,casual,electric,Central Station,Harbor Front,7.5,1.75,15.7
T203841,2025-10-25 16:06:00,member,electric,Union Square,Union Square,3.6,0.49,15.7
T203842,2025-10-25 16:22:00,member,classic,Harbor Front,Lakeside,7.1,1.38,15.2
T203843,2025-10-25 17:43:00,member,classic,University Ave,Museum Mile,25.8,5.21,18.5
T203844,2025-10-25 17:44:00,casual,electric,Market Hall,Museum Mile,12,3.32,13.2
T203845,2025-10-25 17:46:00,member,classic,Union Square,City Hall,16.2,3.66,13.4
T203846,2025-10-25 17:54:00,member,electric,Stadium,University Ave,12.5,3.52,15.8
T203847,2025-10-25 18:09:00,member,electric,Lakeside,Central Station,12.2,3.01,16.8
T203848,2025-10-25 18:28:00,member,electric,Old Town,Museum Mile,19,5.35,15.4
T203849,2025-10-26 07:50:00,member,electric,University Ave,Market Hall,9.3,2.34,16.6
T203850,2025-10-26 07:50:00,member,electric,Market Hall,University Ave,15.7,3.83,11.2
T203851,2025-10-26 08:21:00,member,electric,University Ave,University Ave,14.2,2.23,13
T203852,2025-10-26 09:44:00,member,electric,Central Station,Lakeside,11.8,3.05,23.3
T203853,2025-10-26 10:00:00,member,classic,Tech Campus,Market Hall,10.6,2.09,14.9
T203854,2025-10-26 11:01:00,casual,classic,Riverside Park,City Hall,10.7,2.43,14.6
T203855,2025-10-26 13:53:00,member,classic,University Ave,University Ave,8.1,0.93,14.4
T203856,2025-10-26 14:19:00,casual,electric,University Ave,Lakeside,28.8,8.31,14.6
T203857,2025-10-26 14:36:00,casual,electric,Riverside Park,City Hall,24.5,6.06,18
T203858,2025-10-26 15:05:00,casual,classic,University Ave,Lakeside,46.8,9.11,16
T203859,2025-10-26 15:38:00,member,classic,University Ave,Lakeside,17.8,3.9,16.4
T203860,2025-10-26 16:51:00,member,electric,Harbor Front,Union Square,3.9,1.03,16
T203861,2025-10-26 16:56:00,member,classic,Old Town,Union Square,4.2,0.8,12.9
T203862,2025-10-26 18:18:00,member,electric,Central Station,Central Station,9.7,1.63,9.4
T203863,2025-10-26 18:49:00,member,electric,Market Hall,Tech Campus,2,0.49,15.9
T203864,2025-10-27 07:29:00,member,electric,Lakeside,Lakeside,2.9,0.45,14.5
T203865,2025-10-27 07:52:00,member,classic,Riverside Park,Riverside Park,14,1.67,10.7
T203866,2025-10-27 08:28:00,member,electric,Riverside Park,Central Station,9.7,2.41,12.6
T203867,2025-10-27 09:53:00,member,electric,Riverside Park,University Ave,6.8,2.03,19
T203868,2025-10-27 11:33:00,casual,classic,Lakeside,Riverside Park,13,2.19,15.4
T203869,2025-10-27 12:03:00,member,classic,Central Station,City Hall,14.8,2.64,11.1
T203870,2025-10-27 14:21:00,casual,classic,Market Hall,University Ave,28.1,5.68,16.1
T203871,2025-10-27 14:54:00,casual,classic,Tech Campus,Central Station,9.3,2.03,17.3
T203872,2025-10-27 15:33:00,casual,classic,Market Hall,Union Square,22.4,4.39,7.9
T203873,2025-10-27 17:29:00,casual,classic,City Hall,Riverside Park,22.2,4.3,17.6
T203874,2025-10-27 18:58:00,member,classic,Museum Mile,Museum Mile,20.3,2.74,13.8
T203875,2025-10-27 19:32:00,casual,electric,Lakeside,Riverside Park,14.3,3.94,10.1
T203876,2025-10-27 21:54:00,member,classic,Stadium,Riverside Park,7.6,1.39,16.2
T203877,2025-10-28 07:31:00,member,classic,Lakeside,Museum Mile,6.4,1.21,16
T203878,2025-10-28 07:47:00,member,classic,Union Square,Riverside Park,11.9,2.21,12.4
T203879,2025-10-28 08:06:00,member,electric,Central Station,Union Square,7.9,1.94,15.9
T203880,2025-10-28 09:38:00,member,classic,Lakeside,Riverside Park,16.2,3.29,16.3
T203881,2025-10-28 11:53:00,casual,classic,Tech Campus,Market Hall,18.9,3.8,17.6
T203882,2025-10-28 13:19:00,member,electric,Tech Campus,Museum Mile,6.7,1.71,16.8
T203883,2025-10-28 14:10:00,casual,classic,Old Town,Old Town,17.5,1.89,16.6
T203884,2025-10-28 16:04:00,member,classic,Museum Mile,Lakeside,13.4,2.86,16.8
T203885,2025-10-28 16:14:00,member,classic,Museum Mile,Tech Campus,8.4,1.48,11.4
T203886,2025-10-28 16:24:00,casual,electric,Tech Campus,Old Town,6.3,1.71,14.2
T203887,2025-10-28 16:26:00,member,electric,Museum Mile,City Hall,18.6,4.28,12.2
T203888,2025-10-28 17:13:00,casual,classic,Museum Mile,Lakeside,2,0.41,15.1
T203889,2025-10-28 18:17:00,member,classic,Union Square,Union Square,10.6,1.35,18.3
T203890,2025-11-01 07:43:00,member,classic,University Ave,University Ave,6.9,0.92,7.8
T203891,2025-11-01 16:36:00,casual,classic,Central Station,Old Town,35.4,7.39,11.3
T203892,2025-11-01 16:59:00,member,classic,Old Town,University Ave,10.4,2.01,9.2
T203893,2025-11-01 17:46:00,member,classic,Harbor Front,Central Station,20.6,3.48,13.7
T203894,2025-11-01 18:07:00,member,electric,Harbor Front,Museum Mile,7.6,2.25,6.3
T203895,2025-11-01 18:09:00,member,electric,City Hall,Museum Mile,9.4,2.27,9.3
T203896,2025-11-01 21:47:00,member,classic,Museum Mile,Union Square,19.4,4.28,10.9
T203897,2025-11-02 08:44:00,member,electric,University Ave,Union Square,3.8,1.15,6.3
T203898,2025-11-02 14:04:00,casual,classic,City Hall,Tech Campus,2,0.38,5.8
T203899,2025-11-02 19:35:00,member,classic,Riverside Park,Tech Campus,2,0.45,8.7
T203900,2025-11-02 20:55:00,casual,classic,Central Station,Central Station,19.3,2.25,8.6
T203901,2025-11-02 21:20:00,member,electric,Old Town,Tech Campus,15.4,3.64,10.7
T203902,2025-11-03 08:32:00,member,classic,Union Square,University Ave,2.7,0.54,9.1
T203903,2025-11-03 12:35:00,member,classic,Riverside Park,City Hall,15.7,2.62,10.6
T203904,2025-11-03 14:14:00,casual,classic,Lakeside,Old Town,44.5,9.2,8.3
T203905,2025-11-03 15:43:00,casual,electric,Museum Mile,Harbor Front,12.5,3.58,8.7
T203906,2025-11-03 17:07:00,casual,classic,City Hall,Central Station,20.7,4.05,8.8
T203907,2025-11-03 17:15:00,casual,classic,City Hall,University Ave,2,0.38,2.7
T203908,2025-11-03 17:45:00,member,electric,Union Square,Central Station,11.1,3.24,8.7
T203909,2025-11-03 17:49:00,member,electric,Tech Campus,Central Station,18.6,4.6,8.2
T203910,2025-11-04 08:16:00,member,classic,City Hall,City Hall,11.5,1.27,7.4
T203911,2025-11-04 08:52:00,member,classic,University Ave,Lakeside,12.6,2.58,2.1
T203912,2025-11-04 10:06:00,member,electric,Museum Mile,Museum Mile,4.7,0.71,4.9
T203913,2025-11-04 15:06:00,casual,classic,Stadium,Central Station,27,5.55,7.6
T203914,2025-11-04 16:03:00,member,classic,Riverside Park,Union Square,7.1,1.37,9.2
T203915,2025-11-04 16:49:00,member,classic,City Hall,Old Town,16.2,3.62,14.1
T203916,2025-11-04 16:51:00,member,electric,Tech Campus,Lakeside,6.9,1.66,13.7
T203917,2025-11-04 18:00:00,member,classic,Tech Campus,Harbor Front,8.6,1.85,6.7
T203918,2025-11-04 18:35:00,member,electric,Central Station,Museum Mile,7.2,1.87,6.2
T203919,2025-11-04 19:07:00,member,classic,Market Hall,Old Town,6.5,1.09,14.6
T203920,2025-11-04 20:00:00,casual,classic,Stadium,Tech Campus,16,3.39,8.7
T203921,2025-11-04 21:52:00,member,classic,Lakeside,Lakeside,14.3,1.85,14
T203922,2025-11-05 11:34:00,casual,classic,Riverside Park,City Hall,4.5,0.81,6.2
T203923,2025-11-05 16:24:00,member,electric,Market Hall,City Hall,5.9,1.77,12.5
T203924,2025-11-05 18:35:00,member,electric,Old Town,Harbor Front,2,0.55,10.5
T203925,2025-11-05 21:41:00,member,classic,City Hall,Harbor Front,19.9,3.64,6.7
T203926,2025-11-06 12:31:00,member,classic,Central Station,City Hall,2,0.34,9.9
T203927,2025-11-06 12:45:00,member,classic,City Hall,Central Station,12.2,2.7,9.4
T203928,2025-11-06 13:51:00,casual,electric,Museum Mile,Market Hall,11.4,3.13,8.2
T203929,2025-11-06 16:53:00,casual,electric,Museum Mile,Museum Mile,13.6,2.41,10
T203930,2025-11-06 17:43:00,casual,electric,Museum Mile,Museum Mile,12.8,2.13,6.1
T203931,2025-11-06 18:52:00,member,classic,University Ave,Tech Campus,11.6,2.6,9.5
T203932,2025-11-06 19:38:00,member,classic,Lakeside,Tech Campus,6,1.05,9.8
T203933,2025-11-07 10:45:00,casual,classic,Riverside Park,City Hall,21.3,3.66,9.5
T203934,2025-11-07 13:07:00,casual,electric,Museum Mile,Museum Mile,35.2,4.91,4.4
T203935,2025-11-07 13:08:00,member,classic,Market Hall,Harbor Front,8.5,1.55,12.1
T203936,2025-11-07 13:56:00,casual,classic,Stadium,Central Station,15.8,2.72,12.6
T203937,2025-11-07 17:17:00,member,electric,Stadium,Market Hall,5.1,1.46,9.8
T203938,2025-11-07 18:42:00,member,electric,Stadium,Riverside Park,9.5,2.71,6.3
T203939,2025-11-07 19:01:00,member,classic,Stadium,Old Town,13.7,2.48,12.4
T203940,2025-11-08 09:14:00,member,classic,Harbor Front,Tech Campus,25.8,5.14,6.6
T203941,2025-11-08 10:08:00,casual,classic,Museum Mile,Harbor Front,6.2,1.2,6.7
T203942,2025-11-08 11:32:00,casual,classic,University Ave,Market Hall,2.1,0.41,9.6
T203943,2025-11-08 12:58:00,casual,electric,University Ave,Stadium,13.4,3.23,14.7
T203944,2025-11-08 13:13:00,member,classic,Central Station,Central Station,6.8,0.89,13.6
T203945,2025-11-08 14:48:00,casual,classic,City Hall,Museum Mile,29.2,5.55,10.9
T203946,2025-11-08 16:37:00,member,electric,Tech Campus,Tech Campus,13.1,2.23,8.3
T203947,2025-11-08 17:17:00,member,electric,Tech Campus,Lakeside,6.5,1.61,9.8
T203948,2025-11-09 12:32:00,member,classic,Old Town,University Ave,20.1,3.48,6.4
T203949,2025-11-09 16:32:00,member,classic,Union Square,Museum Mile,17.5,3.33,8
T203950,2025-11-09 17:57:00,member,classic,Lakeside,University Ave,5,0.97,6.9
T203951,2025-11-10 09:00:00,member,electric,City Hall,Union Square,6.7,1.88,6.8
T203952,2025-11-10 14:37:00,casual,classic,Central Station,City Hall,31.3,6.47,12.5
T203953,2025-11-10 18:51:00,member,electric,Museum Mile,Lakeside,12.8,3.33,11.8
T203954,2025-11-10 18:53:00,member,classic,Lakeside,Tech Campus,17.9,3.96,10.9
T203955,2025-11-10 19:42:00,casual,electric,Riverside Park,City Hall,28.3,8.82,6.8
T203956,2025-11-11 10:54:00,casual,electric,Riverside Park,Tech Campus,26.8,6.8,9.8
T203957,2025-11-11 12:56:00,member,classic,Old Town,Riverside Park,14.5,3.31,6.6
T203958,2025-11-11 18:01:00,member,classic,Old Town,Old Town,16.2,2.1,8
T203959,2025-11-11 18:44:00,member,electric,Stadium,Market Hall,6.1,1.43,8.9
T203960,2025-11-12 08:25:00,member,classic,Lakeside,Central Station,4,0.74,15.6
T203961,2025-11-12 10:32:00,member,electric,Tech Campus,Stadium,13.5,3.55,12.2
T203962,2025-11-12 12:48:00,casual,electric,Union Square,University Ave,22.6,5.35,12.5
T203963,2025-11-12 14:08:00,casual,classic,Market Hall,Stadium,24.2,5.22,7.2
T203964,2025-11-12 14:51:00,casual,electric,University Ave,University Ave,3.8,0.58,3.9
T203965,2025-11-12 15:40:00,member,classic,Harbor Front,Market Hall,11.4,2.47,8.1
T203966,2025-11-12 17:05:00,casual,classic,University Ave,University Ave,30.5,4.07,8.9
T203967,2025-11-12 17:09:00,member,electric,Central Station,Central Station,11.9,2.2,12.8
T203968,2025-11-12 17:23:00,member,classic,Stadium,Museum Mile,20.1,4.04,8.2
T203969,2025-11-12 17:33:00,member,electric,Tech Campus,Market Hall,7.8,2.34,7.1
T203970,2025-11-12 17:58:00,member,classic,Union Square,Union Square,12.7,1.61,8
T203971,2025-11-12 18:04:00,member,electric,Old Town,Museum Mile,15.3,3.72,2.5
T203972,2025-11-12 18:36:00,member,classic,University Ave,Stadium,9.9,2.05,9.9
T203973,2025-11-12 18:48:00,member,classic,Harbor Front,Museum Mile,18.3,3.47,6.9
T203974,2025-11-12 19:22:00,member,electric,Market Hall,Tech Campus,5.3,1.48,6.2
T203975,2025-11-13 07:09:00,member,electric,Central Station,University Ave,3.8,1.17,4.4
T203976,2025-11-13 07:24:00,member,classic,Riverside Park,Riverside Park,11.7,1.24,9.8
T203977,2025-11-13 08:57:00,member,electric,Riverside Park,Tech Campus,3.9,0.98,7.5
T203978,2025-11-13 09:19:00,member,electric,Tech Campus,Tech Campus,15.1,2.29,16.2
T203979,2025-11-13 10:59:00,casual,electric,Old Town,Old Town,17.3,2.43,11.9
T203980,2025-11-13 13:25:00,casual,classic,Lakeside,Central Station,34.7,6.42,9.5
T203981,2025-11-13 14:09:00,casual,electric,Union Square,Old Town,3.7,0.85,7.5
T203982,2025-11-13 14:19:00,casual,electric,Museum Mile,Market Hall,22.4,5.41,7.3
T203983,2025-11-13 14:44:00,casual,electric,University Ave,Harbor Front,11.6,3.37,9.2
T203984,2025-11-13 15:29:00,casual,electric,Union Square,Museum Mile,11.6,2.67,5.2
T203985,2025-11-13 15:32:00,member,electric,Market Hall,Market Hall,20.9,3.51,10.7
T203986,2025-11-13 16:42:00,member,electric,Market Hall,Riverside Park,11.9,3.52,14.8
T203987,2025-11-13 17:41:00,member,electric,Tech Campus,Tech Campus,8.8,1.45,6
T203988,2025-11-13 17:58:00,member,classic,Old Town,Tech Campus,19.2,4.09,9
T203989,2025-11-13 18:05:00,member,electric,Central Station,City Hall,13.6,4.1,12.1
T203990,2025-11-13 19:52:00,member,classic,Harbor Front,Museum Mile,9.6,1.86,4.2
T203991,2025-11-14 07:00:00,member,electric,Harbor Front,Central Station,6.8,1.6,10
T203992,2025-11-14 07:36:00,member,electric,Museum Mile,Union Square,10.2,2.8,14
T203993,2025-11-14 12:21:00,member,classic,Riverside Park,Museum Mile,2.2,0.46,10.7
T203994,2025-11-14 12:39:00,member,electric,Museum Mile,Lakeside,11.1,2.95,2.3
T203995,2025-11-14 12:53:00,casual,classic,Market Hall,Riverside Park,31.3,5.61,10
T203996,2025-11-14 13:02:00,casual,electric,Union Square,Union Square,22.2,3.87,13
T203997,2025-11-14 16:19:00,casual,electric,Stadium,Museum Mile,28.2,8.75,9.8
T203998,2025-11-14 18:32:00,member,classic,Lakeside,University Ave,2,0.38,16.7
T203999,2025-11-14 21:11:00,member,electric,Market Hall,Central Station,12.2,2.78,7.6
T204000,2025-11-14 21:43:00,member,classic,Market Hall,Tech Campus,10,2.12,12.2
T204001,2025-11-15 07:41:00,member,classic,Union Square,Riverside Park,15.8,2.71,5.3
T204002,2025-11-15 07:48:00,member,classic,Union Square,Union Square,19.7,2.18,8.7
T204003,2025-11-15 11:32:00,casual,classic,City Hall,Union Square,24.8,4.25,8.9
T204004,2025-11-15 12:56:00,casual,electric,Riverside Park,Market Hall,18.8,4.77,4.3
T204005,2025-11-15 16:07:00,casual,electric,Lakeside,Stadium,11.4,3.31,3.3
T204006,2025-11-15 17:18:00,member,classic,Harbor Front,Riverside Park,9.9,2.01,9.2
T204007,2025-11-15 18:05:00,casual,electric,Central Station,Central Station,11.2,2.04,10
T204008,2025-11-16 12:41:00,casual,electric,Lakeside,Harbor Front,8.4,2.35,11
T204009,2025-11-16 12:49:00,member,classic,Central Station,Museum Mile,19.6,3.77,8.5
T204010,2025-11-16 15:00:00,casual,classic,Market Hall,Union Square,19,3.71,12.9
T204011,2025-11-16 15:49:00,member,electric,Harbor Front,Riverside Park,7.2,1.84,12.5
T204012,2025-11-16 21:39:00,member,classic,Lakeside,Museum Mile,2.6,0.45,11.3
T204013,2025-11-17 07:36:00,member,classic,Harbor Front,Harbor Front,22.6,2.44,11.2
T204014,2025-11-17 09:01:00,member,classic,Riverside Park,Tech Campus,13,2.48,4.4
T204015,2025-11-17 13:03:00,casual,classic,Lakeside,Riverside Park,21.2,4.04,12.3
T204016,2025-11-17 14:58:00,casual,classic,University Ave,Union Square,24.6,4.97,8.6
T204017,2025-11-17 18:54:00,member,classic,Harbor Front,Market Hall,6.4,1.2,14.1
T204018,2025-11-18 09:01:00,member,electric,Tech Campus,Lakeside,10.9,2.63,11.7
T204019,2025-11-18 13:20:00,member,classic,Old Town,Stadium,13.3,2.74,12.8
T204020,2025-11-18 15:01:00,casual,electric,Museum Mile,Tech Campus,40.1,11.22,10
T204021,2025-11-18 15:17:00,member,electric,University Ave,Stadium,13.6,3.96,10.1
T204022,2025-11-18 19:17:00,member,classic,Market Hall,Lakeside,17.7,3.92,8.3
T204023,2025-11-18 19:31:00,casual,classic,Central Station,Museum Mile,20.9,4.76,10.5
T204024,2025-11-19 09:45:00,member,classic,City Hall,Lakeside,8.5,1.63,6.4
T204025,2025-11-19 15:57:00,casual,classic,Museum Mile,University Ave,16.1,3.12,5.3
T204026,2025-11-19 16:07:00,casual,electric,Market Hall,Riverside Park,15.1,3.69,10.3
T204027,2025-11-19 17:11:00,member,classic,Stadium,City Hall,10,1.79,9.3
T204028,2025-11-19 17:23:00,member,electric,Central Station,Museum Mile,11.8,3.48,9.3
T204029,2025-11-20 07:26:00,member,electric,University Ave,Tech Campus,2.4,0.74,12
T204030,2025-11-20 09:57:00,member,classic,Old Town,Union Square,2.8,0.57,9.5
T204031,2025-11-20 11:13:00,casual,classic,University Ave,City Hall,18.4,4.02,7.2
T204032,2025-11-20 15:30:00,member,classic,University Ave,Harbor Front,13,2.62,12.1
T204033,2025-11-20 16:25:00,member,classic,Tech Campus,Union Square,2,0.37,9.8
T204034,2025-11-20 16:31:00,member,classic,Museum Mile,Central Station,10.5,2.28,7.4
T204035,2025-11-21 07:50:00,member,classic,Stadium,Stadium,12.1,1.45,7.3
T204036,2025-11-21 10:17:00,casual,classic,City Hall,Harbor Front,19.2,4.3,7.4
T204037,2025-11-21 14:26:00,casual,electric,Museum Mile,Union Square,24,6.71,11.8
T204038,2025-11-21 15:10:00,member,electric,Riverside Park,Old Town,7.1,1.71,9.6
T204039,2025-11-21 16:30:00,casual,classic,University Ave,Stadium,20.9,3.78,5.4
T204040,2025-11-21 18:28:00,member,classic,Central Station,University Ave,7.6,1.34,8.9
T204041,2025-11-21 19:51:00,member,classic,Museum Mile,Central Station,18.9,4.04,9
T204042,2025-11-22 07:56:00,member,classic,Harbor Front,Stadium,12.6,2.7,11.3
T204043,2025-11-22 07:59:00,member,classic,City Hall,Museum Mile,27.9,5.66,11.4
T204044,2025-11-22 08:27:00,member,electric,Old Town,Tech Campus,6.9,1.6,8.9
T204045,2025-11-22 11:01:00,casual,electric,University Ave,University Ave,18.9,2.88,10.1
T204046,2025-11-22 12:10:00,casual,electric,Museum Mile,University Ave,25.2,7.79,10.6
T204047,2025-11-22 12:34:00,member,classic,Old Town,Lakeside,17.3,3.07,8.6
T204048,2025-11-22 14:38:00,casual,classic,Union Square,Market Hall,10.1,2.1,8.2
T204049,2025-11-22 16:02:00,member,classic,Riverside Park,Riverside Park,2,0.3,11.4
T204050,2025-11-22 17:32:00,casual,classic,Tech Campus,University Ave,31.9,6.74,6.2
T204051,2025-11-22 18:01:00,member,electric,Riverside Park,Central Station,8.5,2.63,7.2
T204052,2025-11-22 19:45:00,casual,classic,Central Station,Union Square,12.8,2.88,6.3
T204053,2025-11-23 08:42:00,member,electric,Old Town,Old Town,9.9,1.43,3.9
T204054,2025-11-23 13:01:00,member,electric,Museum Mile,Museum Mile,3.9,0.57,9.2
T204055,2025-11-23 14:57:00,casual,electric,Market Hall,Market Hall,25.3,4.37,7.8
T204056,2025-11-23 15:41:00,member,electric,Central Station,Harbor Front,13,3.62,9.6
T204057,2025-11-23 16:00:00,member,electric,Market Hall,City Hall,10.6,2.47,9.7
T204058,2025-11-24 08:09:00,member,classic,Museum Mile,Museum Mile,16.3,2.21,7.3
T204059,2025-11-24 10:56:00,casual,electric,Union Square,Museum Mile,16.7,5.12,12.1
T204060,2025-11-24 12:01:00,casual,electric,Union Square,Old Town,14.7,4.23,7.4
T204061,2025-11-24 13:08:00,casual,classic,Lakeside,University Ave,9.2,1.93,13.3
T204062,2025-11-24 14:17:00,casual,classic,City Hall,University Ave,39.7,8.01,8.8
T204063,2025-11-25 07:13:00,member,electric,Museum Mile,Riverside Park,10.6,2.94,8.5
T204064,2025-11-25 07:33:00,member,classic,Riverside Park,Stadium,7.4,1.48,13.4
T204065,2025-11-25 14:43:00,casual,classic,Central Station,Old Town,31.2,5.49,9.5
T204066,2025-11-25 17:31:00,member,classic,Union Square,Union Square,7.8,0.91,8.2
T204067,2025-11-25 17:32:00,member,classic,City Hall,City Hall,22.7,2.98,5.4
T204068,2025-11-25 18:36:00,member,classic,Stadium,Harbor Front,5.1,0.96,7.7
T204069,2025-11-25 18:40:00,member,classic,Union Square,Lakeside,13.5,2.62,5.6
T204070,2025-11-25 21:44:00,member,classic,Stadium,Harbor Front,21.7,4.65,10.8
T204071,2025-11-26 11:53:00,casual,electric,Market Hall,University Ave,10.2,2.98,13.4
T204072,2025-11-26 15:02:00,member,classic,Union Square,Stadium,11.5,2.36,7
T204073,2025-11-26 15:16:00,casual,classic,Central Station,Tech Campus,26.8,5.53,11.3
T204074,2025-11-26 18:19:00,casual,electric,University Ave,Harbor Front,22.4,5.47,7
T204075,2025-11-26 18:39:00,member,classic,Stadium,Tech Campus,21.1,4.15,11.4
T204076,2025-11-27 08:36:00,member,electric,Museum Mile,Lakeside,7.1,1.66,5.4
T204077,2025-11-27 10:26:00,member,electric,Old Town,Market Hall,9,2.42,15.9
T204078,2025-11-27 18:55:00,member,electric,Central Station,Stadium,11.2,3.37,8.4
T204079,2025-11-27 19:19:00,member,electric,University Ave,Tech Campus,17.4,5.34,10.5
T204080,2025-11-27 20:57:00,casual,classic,Stadium,Museum Mile,10.1,2.03,11.3
T204081,2025-11-28 16:34:00,member,electric,Old Town,Tech Campus,10.6,3.21,10.9
T204082,2025-11-28 17:41:00,member,electric,Tech Campus,Stadium,5,1.55,11.1
T204083,2025-11-28 19:25:00,member,electric,Riverside Park,Stadium,10.7,2.75,6
T204084,2025-11-28 19:46:00,member,electric,Harbor Front,Lakeside,2,0.5,15.1
T204085,2025-11-28 20:50:00,casual,classic,City Hall,Museum Mile,2,0.38,11.3
T204086,2025-12-01 08:05:00,member,electric,Riverside Park,University Ave,7.9,1.94,-0.3
T204087,2025-12-01 09:55:00,member,classic,Riverside Park,Union Square,12.9,2.44,3.4
T204088,2025-12-01 11:25:00,casual,classic,Museum Mile,Museum Mile,20.7,2.22,5.1
T204089,2025-12-01 13:36:00,casual,electric,Museum Mile,Stadium,13.1,3.61,4.6
T204090,2025-12-01 13:51:00,member,electric,Lakeside,Market Hall,8.9,2.75,-0.1
T204091,2025-12-01 14:01:00,casual,classic,Riverside Park,Riverside Park,12.2,1.28,4
T204092,2025-12-01 16:12:00,member,electric,Museum Mile,University Ave,2,0.55,3.2
T204093,2025-12-02 07:21:00,member,electric,City Hall,Lakeside,9.7,2.45,2
T204094,2025-12-02 14:10:00,casual,electric,Museum Mile,University Ave,15.7,4.04,5.3
T204095,2025-12-02 15:09:00,member,electric,University Ave,Riverside Park,8.2,1.92,0.1
T204096,2025-12-03 13:11:00,casual,electric,City Hall,Old Town,18.8,4.74,0.3
T204097,2025-12-03 13:46:00,casual,electric,Central Station,Museum Mile,27.8,7.72,3.3
T204098,2025-12-03 15:32:00,member,classic,Stadium,University Ave,4.8,0.99,6.7
T204099,2025-12-03 17:33:00,member,classic,Harbor Front,Stadium,9.9,2.04,3.6
T204100,2025-12-04 12:42:00,member,electric,Market Hall,Central Station,12.7,3.91,5.8
T204101,2025-12-04 19:45:00,member,classic,Central Station,City Hall,2.1,0.38,8
T204102,2025-12-05 08:20:00,member,electric,Union Square,City Hall,7.8,2.01,4.5
T204103,2025-12-05 10:48:00,casual,electric,Harbor Front,City Hall,17.5,4.72,5.9
T204104,2025-12-05 12:30:00,member,classic,Riverside Park,Harbor Front,8.5,1.91,-0.8
T204105,2025-12-05 16:19:00,casual,classic,University Ave,Central Station,4.5,0.82,8.9
T204106,2025-12-05 17:35:00,member,electric,Tech Campus,Central Station,7.8,1.87,7.1
T204107,2025-12-06 08:26:00,member,classic,Market Hall,Union Square,20.3,3.39,2.9
T204108,2025-12-06 16:08:00,casual,classic,Riverside Park,Museum Mile,27.2,5.09,1.8
T204109,2025-12-06 19:58:00,casual,electric,Market Hall,Tech Campus,19.2,5.65,8.8
T204110,2025-12-07 14:20:00,casual,electric,Stadium,Union Square,6.6,1.53,5.8
T204111,2025-12-07 16:36:00,casual,electric,Museum Mile,Riverside Park,17.5,4.45,7.4
T204112,2025-12-07 17:11:00,casual,electric,City Hall,Museum Mile,12,3.36,6.9
T204113,2025-12-08 07:22:00,member,electric,Lakeside,City Hall,6.4,1.8,8.4
T204114,2025-12-08 09:24:00,member,electric,Riverside Park,Lakeside,6.9,1.79,4.5
T204115,2025-12-08 12:17:00,member,classic,Old Town,Union Square,2.5,0.57,5.5
T204116,2025-12-08 13:51:00,casual,classic,Market Hall,Old Town,2,0.44,1.4
T204117,2025-12-08 16:42:00,member,classic,Museum Mile,City Hall,10.8,2.11,8.7
T204118,2025-12-08 17:16:00,member,electric,Stadium,Tech Campus,3.2,0.94,4.8
T204119,2025-12-09 07:34:00,member,classic,Stadium,Old Town,8,1.72,8.2
T204120,2025-12-09 12:56:00,casual,electric,Old Town,Museum Mile,16.5,5.13,0.6
T204121,2025-12-09 16:03:00,casual,electric,Harbor Front,Central Station,21.7,6.53,2.7
T204122,2025-12-09 16:47:00,casual,electric,Tech Campus,Tech Campus,9.1,1.26,-0.1
T204123,2025-12-09 17:49:00,member,classic,Tech Campus,Riverside Park,18,3.33,6.2
T204124,2025-12-09 19:17:00,casual,classic,Museum Mile,Harbor Front,16.1,2.95,3.4
T204125,2025-12-10 07:42:00,member,classic,Market Hall,University Ave,13.9,2.71,5.8
T204126,2025-12-10 08:01:00,member,classic,Stadium,Central Station,28.5,5.79,3.6
T204127,2025-12-10 08:11:00,member,classic,Riverside Park,Harbor Front,4.5,0.76,6.1
T204128,2025-12-10 17:11:00,member,electric,Harbor Front,Tech Campus,9.7,2.31,5.6
T204129,2025-12-10 17:53:00,casual,classic,Harbor Front,University Ave,15.5,3.05,3.4
T204130,2025-12-11 12:09:00,member,classic,Market Hall,Central Station,5.9,1.27,6.8
T204131,2025-12-11 15:26:00,member,classic,Old Town,Market Hall,20,4.46,1.5
T204132,2025-12-11 17:00:00,casual,electric,Stadium,Riverside Park,12,2.96,1.5
T204133,2025-12-11 17:23:00,member,electric,Riverside Park,Museum Mile,2,0.57,0.9
T204134,2025-12-12 16:09:00,member,electric,City Hall,Market Hall,6.6,1.81,9.1
T204135,2025-12-12 17:39:00,member,electric,Museum Mile,City Hall,4.7,1.42,3.4
T204136,2025-12-12 18:48:00,member,classic,Lakeside,Lakeside,19.3,2.49,2
T204137,2025-12-13 08:03:00,member,classic,Union Square,Union Square,7.6,0.91,2.2
T204138,2025-12-13 10:33:00,casual,electric,Market Hall,Market Hall,26.7,3.67,-1.9
T204139,2025-12-13 12:48:00,member,electric,Union Square,Stadium,12.7,3.35,2.8
T204140,2025-12-13 13:39:00,casual,electric,Union Square,Museum Mile,17.9,4.99,4.7
T204141,2025-12-14 07:36:00,member,classic,Harbor Front,Stadium,9,1.9,1.4
T204142,2025-12-14 14:07:00,casual,classic,Harbor Front,Harbor Front,8.8,1.14,-1.1
T204143,2025-12-15 08:15:00,member,classic,University Ave,Museum Mile,11.1,1.98,-0.8
T204144,2025-12-15 09:24:00,member,classic,University Ave,Museum Mile,17.5,3.77,-0.1
T204145,2025-12-15 15:13:00,casual,classic,Central Station,Tech Campus,3,0.68,3.4
T204146,2025-12-15 17:26:00,member,classic,Riverside Park,City Hall,9.7,1.74,8.9
T204147,2025-12-15 18:13:00,member,classic,University Ave,City Hall,14.4,2.98,9.1
T204148,2025-12-15 19:04:00,casual,electric,University Ave,Riverside Park,19.1,4.52,9.2
T204149,2025-12-16 07:41:00,member,classic,Riverside Park,Old Town,14,2.65,7.3
T204150,2025-12-16 08:31:00,member,electric,City Hall,Stadium,4.1,1.2,4.5
T204151,2025-12-16 17:40:00,member,classic,Market Hall,City Hall,12,2.63,6.3
T204152,2025-12-16 18:04:00,member,classic,Market Hall,City Hall,2.5,0.57,2.9
T204153,2025-12-17 08:50:00,member,electric,Riverside Park,Old Town,3.8,1.16,3.1
T204154,2025-12-17 10:15:00,casual,electric,Central Station,Museum Mile,37.2,8.87,11.6
T204155,2025-12-17 10:50:00,casual,classic,Riverside Park,Stadium,2.8,0.56,11.8
T204156,2025-12-18 08:56:00,member,classic,University Ave,Riverside Park,11.2,2.18,3.3
T204157,2025-12-18 14:21:00,casual,electric,Museum Mile,Museum Mile,13.9,2.1,8.3
T204158,2025-12-18 15:37:00,casual,classic,Stadium,Central Station,19.9,4.07,6.8
T204159,2025-12-18 17:23:00,member,electric,University Ave,Market Hall,6.8,1.57,2.8
T204160,2025-12-19 17:38:00,casual,electric,Old Town,Harbor Front,7.2,1.71,0.8
T204161,2025-12-19 18:51:00,member,classic,Central Station,Old Town,8.1,1.81,3.3
T204162,2025-12-20 08:14:00,member,electric,Union Square,Central Station,8.7,2.48,5
T204163,2025-12-20 08:44:00,member,classic,Stadium,Central Station,17.5,3.01,10.2
T204164,2025-12-20 09:15:00,member,classic,Lakeside,Market Hall,11.2,2.27,-1.1
T204165,2025-12-20 16:24:00,casual,classic,Harbor Front,Riverside Park,3,0.54,1.9
T204166,2025-12-20 18:46:00,member,electric,Union Square,Old Town,8.8,2.12,5
T204167,2025-12-21 07:30:00,member,classic,Market Hall,Riverside Park,20.1,4.35,5.7
T204168,2025-12-21 08:28:00,member,electric,Central Station,Market Hall,13,3.33,2.7
T204169,2025-12-21 13:24:00,member,classic,Old Town,Union Square,18.6,3.44,5.6
T204170,2025-12-21 18:51:00,member,classic,Riverside Park,Riverside Park,9.5,1.29,3
T204171,2025-12-22 07:02:00,member,electric,Tech Campus,Lakeside,11.6,2.73,5.9
T204172,2025-12-22 07:04:00,member,electric,Tech Campus,Tech Campus,14.5,2.51,0.2
T204173,2025-12-22 09:42:00,member,electric,Stadium,Old Town,10.8,3.36,5.1
T204174,2025-12-22 11:05:00,casual,classic,Riverside Park,Riverside Park,18.8,2.47,6.2
T204175,2025-12-22 14:05:00,casual,classic,City Hall,Stadium,33.6,7.61,7
T204176,2025-12-22 16:33:00,member,classic,Tech Campus,University Ave,8.8,1.96,1.4
T204177,2025-12-23 08:22:00,member,classic,Tech Campus,Riverside Park,5.8,1.29,5.5
T204178,2025-12-23 16:39:00,member,electric,Museum Mile,Tech Campus,13.5,3.86,9.1
T204179,2025-12-24 15:25:00,casual,classic,Central Station,Riverside Park,20.8,3.6,-0.9
T204180,2025-12-24 17:11:00,member,electric,Central Station,University Ave,6.9,1.91,2
T204181,2025-12-24 18:31:00,member,electric,Old Town,Harbor Front,5.6,1.33,9
T204182,2025-12-24 19:03:00,member,classic,Tech Campus,Old Town,5.7,1.04,1.1
T204183,2025-12-25 07:16:00,member,classic,Lakeside,Tech Campus,14,2.58,3.9
T204184,2025-12-25 07:44:00,member,electric,Riverside Park,Lakeside,8.9,2.58,3.3
T204185,2025-12-25 13:26:00,casual,electric,Tech Campus,Lakeside,39.1,9.88,4.5
T204186,2025-12-25 13:41:00,member,classic,Central Station,Old Town,6,1.29,2.5
T204187,2025-12-25 17:04:00,member,electric,Riverside Park,Riverside Park,10.4,1.52,2.9
T204188,2025-12-26 09:16:00,member,classic,University Ave,Tech Campus,9.8,1.94,9.7
T204189,2025-12-26 17:49:00,member,classic,City Hall,Old Town,13.3,2.95,6.4
T204190,2025-12-27 12:31:00,member,electric,Museum Mile,Central Station,6.4,1.53,1.6
T204191,2025-12-27 13:22:00,member,electric,Market Hall,Market Hall,6.6,1.21,6.5
T204192,2025-12-27 18:19:00,member,classic,Central Station,Union Square,15.1,2.71,1.7
T204193,2025-12-27 18:20:00,member,classic,Central Station,Museum Mile,9.6,1.99,5.2
T204194,2025-12-27 19:41:00,casual,electric,Riverside Park,Central Station,47.3,12.78,9.9
T204195,2025-12-28 08:46:00,member,electric,City Hall,City Hall,13.3,2.12,2.3
T204196,2025-12-28 12:36:00,member,classic,City Hall,Old Town,4.5,0.76,4.6
T204197,2025-12-28 13:40:00,casual,electric,Riverside Park,Riverside Park,2.6,0.37,4.5
T204198,2025-12-28 15:07:00,casual,classic,City Hall,Lakeside,25.1,5.35,5.1
T204199,2025-12-28 21:59:00,member,classic,Market Hall,City Hall,6.9,1.45,1.2
