order_id,order_date,order_hour,store,category,product,size,quantity,unit_price,line_total,payment,loyalty_member
ORD-50000,2025-01-01,6,Riverside,Coffee,Cold brew,medium,1,5,5,card,no
ORD-50001,2025-01-01,8,Airport,Coffee,Latte,large,1,6.25,6.25,card,yes
ORD-50002,2025-01-01,8,Downtown,Coffee,Flat white,small,2,4,8,card,no
ORD-50003,2025-01-01,8,Riverside,Food,Granola bowl,regular,1,7.5,7.5,mobile,no
ORD-50004,2025-01-01,11,Airport,Coffee,Cappuccino,medium,2,5.25,10.5,card,no
ORD-50005,2025-01-01,14,Airport,Coffee,Espresso,large,3,4.5,13.5,card,yes
ORD-50006,2025-01-01,16,Downtown,Coffee,Latte,medium,1,4.75,4.75,card,yes
ORD-50007,2025-01-02,6,Downtown,Bakery,Croissant,regular,1,3.75,3.75,mobile,yes
ORD-50008,2025-01-02,7,Downtown,Tea,Chai latte,large,2,5.5,11,mobile,yes
ORD-50009,2025-01-02,7,Airport,Coffee,Cold brew,small,3,5.25,15.75,card,no
ORD-50010,2025-01-02,8,Downtown,Food,Avocado toast,regular,1,9.5,9.5,card,no
ORD-50011,2025-01-02,8,Airport,Bakery,Croissant,regular,1,4.5,4.5,mobile,no
ORD-50012,2025-01-02,9,Downtown,Coffee,Latte,small,2,4.25,8.5,mobile,no
ORD-50013,2025-01-02,9,Downtown,Coffee,Cappuccino,small,1,4,4,card,no
ORD-50014,2025-01-02,9,Downtown,Coffee,Americano,medium,1,3.5,3.5,card,yes
ORD-50015,2025-01-02,10,Riverside,Bakery,Banana bread,regular,1,4,4,mobile,yes
ORD-50016,2025-01-02,11,Downtown,Food,Granola bowl,regular,1,7.5,7.5,mobile,no
ORD-50017,2025-01-02,12,Airport,Bakery,Cinnamon roll,regular,1,5.25,5.25,mobile,no
ORD-50018,2025-01-02,13,Airport,Coffee,Cappuccino,large,1,6,6,mobile,no
ORD-50019,2025-01-02,15,Airport,Tea,Chai latte,medium,1,5.5,5.5,card,yes
ORD-50020,2025-01-02,16,Riverside,Coffee,Flat white,medium,1,4.5,4.5,cash,no
ORD-50021,2025-01-03,6,Airport,Coffee,Americano,small,1,3.75,3.75,cash,no
ORD-50022,2025-01-03,7,Airport,Coffee,Americano,large,1,5,5,card,no
ORD-50023,2025-01-03,8,Downtown,Tea,Chai latte,large,1,5.5,5.5,mobile,yes
ORD-50024,2025-01-03,8,Downtown,Coffee,Americano,medium,2,3.5,7,card,no
ORD-50025,2025-01-03,8,Downtown,Bakery,Croissant,regular,1,3.75,3.75,card,no
ORD-50026,2025-01-03,9,Riverside,Bakery,Croissant,regular,1,3.75,3.75,card,no
ORD-50027,2025-01-03,10,Downtown,Food,Avocado toast,regular,1,9.5,9.5,card,no
ORD-50028,2025-01-03,10,Riverside,Bakery,Banana bread,regular,1,4,4,card,yes
ORD-50029,2025-01-03,11,Airport,Coffee,Cappuccino,medium,1,5.25,5.25,card,no
ORD-50030,2025-01-03,13,Downtown,Coffee,Americano,small,1,3,3,card,yes
ORD-50031,2025-01-03,18,Airport,Coffee,Cappuccino,small,1,4.75,4.75,mobile,yes
ORD-50032,2025-01-04,7,Downtown,Coffee,Americano,small,1,3,3,card,no
ORD-50033,2025-01-04,8,Riverside,Food,Granola bowl,regular,1,7.5,7.5,mobile,no
ORD-50034,2025-01-04,8,Riverside,Coffee,Latte,medium,1,4.75,4.75,cash,no
ORD-50035,2025-01-04,8,Airport,Coffee,Latte,large,1,6.25,6.25,card,no
ORD-50036,2025-01-04,8,Downtown,Coffee,Cold brew,small,1,4.5,4.5,card,yes
ORD-50037,2025-01-04,10,Downtown,Bakery,Banana bread,regular,1,4,4,card,yes
ORD-50038,2025-01-04,10,Riverside,Coffee,Flat white,large,1,5.25,5.25,cash,no
ORD-50039,2025-01-04,12,Riverside,Coffee,Latte,medium,1,4.75,4.75,card,no
ORD-50040,2025-01-04,12,Riverside,Tea,Matcha latte,small,1,5,5,cash,no
ORD-50041,2025-01-04,12,Airport,Coffee,Cold brew,small,2,5.25,10.5,card,no
ORD-50042,2025-01-04,12,Riverside,Coffee,Americano,large,3,4.25,12.75,mobile,yes
ORD-50043,2025-01-04,13,Downtown,Food,Granola bowl,regular,1,7.5,7.5,mobile,yes
ORD-50044,2025-01-04,15,Airport,Coffee,Espresso,medium,1,3.75,3.75,card,yes
ORD-50045,2025-01-05,6,Downtown,Coffee,Flat white,large,1,5.25,5.25,card,yes
ORD-50046,2025-01-05,7,Downtown,Bakery,Croissant,regular,1,3.75,3.75,card,yes
ORD-50047,2025-01-05,8,Riverside,Coffee,Cappuccino,large,1,5.25,5.25,mobile,no
ORD-50048,2025-01-05,8,Airport,Food,Breakfast sandwich,regular,1,9.5,9.5,card,yes
ORD-50049,2025-01-05,8,Downtown,Coffee,Flat white,large,1,5.25,5.25,mobile,yes
ORD-50050,2025-01-05,9,Downtown,Tea,Matcha latte,small,2,5,10,card,no
ORD-50051,2025-01-05,10,Airport,Coffee,Flat white,medium,1,5.25,5.25,card,no
ORD-50052,2025-01-05,10,Downtown,Tea,Chai latte,small,1,4.25,4.25,card,no
ORD-50053,2025-01-05,10,Riverside,Coffee,Cold brew,medium,1,5,5,card,no
ORD-50054,2025-01-05,10,Riverside,Food,Avocado toast,regular,1,9.5,9.5,card,no
ORD-50055,2025-01-05,11,Downtown,Tea,Chai latte,medium,1,4.75,4.75,card,yes
ORD-50056,2025-01-05,11,Riverside,Bakery,Cinnamon roll,regular,1,4.5,4.5,card,no
ORD-50057,2025-01-05,11,Airport,Coffee,Cappuccino,large,1,6,6,card,no
ORD-50058,2025-01-05,11,Riverside,Food,Breakfast sandwich,regular,1,8.75,8.75,card,no
ORD-50059,2025-01-05,12,Airport,Tea,Chai latte,medium,1,5.5,5.5,cash,no
ORD-50060,2025-01-05,13,Riverside,Coffee,Latte,large,1,5.5,5.5,mobile,yes
ORD-50061,2025-01-05,16,Downtown,Coffee,Cold brew,large,2,5.75,11.5,mobile,no
ORD-50062,2025-01-06,7,Downtown,Tea,Chai latte,large,1,5.5,5.5,card,yes
ORD-50063,2025-01-06,7,Downtown,Coffee,Latte,small,1,4.25,4.25,card,no
ORD-50064,2025-01-06,7,Riverside,Coffee,Cold brew,small,1,4.5,4.5,card,yes
ORD-50065,2025-01-06,8,Riverside,Coffee,Espresso,small,1,2.5,2.5,card,no
ORD-50066,2025-01-06,8,Riverside,Coffee,Cappuccino,small,1,4,4,card,no
ORD-50067,2025-01-06,8,Downtown,Coffee,Cold brew,small,1,4.5,4.5,card,yes
ORD-50068,2025-01-06,8,Downtown,Coffee,Espresso,large,1,3.75,3.75,card,yes
ORD-50069,2025-01-06,9,Airport,Coffee,Flat white,small,1,4.75,4.75,mobile,no
ORD-50070,2025-01-06,11,Downtown,Coffee,Flat white,large,1,5.25,5.25,mobile,yes
ORD-50071,2025-01-06,15,Riverside,Food,Avocado toast,regular,1,9.5,9.5,cash,yes
ORD-50072,2025-01-06,17,Airport,Tea,Chai latte,large,2,6.25,12.5,mobile,no
ORD-50073,2025-01-07,6,Airport,Coffee,Cappuccino,medium,1,5.25,5.25,card,no
ORD-50074,2025-01-07,7,Downtown,Bakery,Cinnamon roll,regular,1,4.5,4.5,card,no
ORD-50075,2025-01-07,8,Downtown,Coffee,Flat white,small,1,4,4,card,no
ORD-50076,2025-01-07,8,Downtown,Coffee,Espresso,large,3,3.75,11.25,card,no
ORD-50077,2025-01-07,9,Downtown,Bakery,Cinnamon roll,regular,1,4.5,4.5,card,no
ORD-50078,2025-01-07,11,Airport,Coffee,Cappuccino,medium,3,5.25,15.75,card,yes
ORD-50079,2025-01-07,12,Riverside,Food,Breakfast sandwich,regular,2,8.75,17.5,cash,no
ORD-50080,2025-01-07,12,Downtown,Coffee,Flat white,medium,2,4.5,9,card,yes
ORD-50081,2025-01-07,12,Riverside,Food,Breakfast sandwich,regular,1,8.75,8.75,mobile,no
ORD-50082,2025-01-07,15,Downtown,Coffee,Flat white,large,1,5.25,5.25,card,yes
ORD-50083,2025-01-07,17,Downtown,Coffee,Americano,small,4,3,12,card,no
ORD-50084,2025-01-07,18,Downtown,Tea,Matcha latte,medium,1,5.5,5.5,mobile,yes
ORD-50085,2025-01-08,8,Riverside,Bakery,Banana bread,regular,2,4,8,card,no
ORD-50086,2025-01-08,9,Airport,Coffee,Espresso,medium,1,3.75,3.75,card,no
ORD-50087,2025-01-08,9,Downtown,Food,Granola bowl,regular,3,7.5,22.5,cash,no
ORD-50088,2025-01-08,11,Riverside,Food,Breakfast sandwich,regular,1,8.75,8.75,mobile,no
ORD-50089,2025-01-08,12,Riverside,Bakery,Croissant,regular,3,3.75,11.25,card,no
ORD-50090,2025-01-08,12,Airport,Coffee,Flat white,medium,2,5.25,10.5,card,no
ORD-50091,2025-01-08,12,Riverside,Coffee,Cold brew,small,1,4.5,4.5,card,yes
ORD-50092,2025-01-08,18,Airport,Coffee,Flat white,large,1,6,6,mobile,no
ORD-50093,2025-01-09,6,Airport,Coffee,Flat white,medium,1,5.25,5.25,card,no
ORD-50094,2025-01-09,6,Riverside,Coffee,Cold brew,large,1,5.75,5.75,card,no
ORD-50095,2025-01-09,7,Downtown,Coffee,Latte,medium,1,4.75,4.75,card,yes
ORD-50096,2025-01-09,7,Downtown,Food,Breakfast sandwich,regular,1,8.75,8.75,card,yes
ORD-50097,2025-01-09,7,Riverside,Tea,Matcha latte,large,1,6.25,6.25,mobile,yes
ORD-50098,2025-01-09,8,Downtown,Food,Granola bowl,regular,1,7.5,7.5,card,yes
ORD-50099,2025-01-09,9,Airport,Coffee,Americano,medium,1,4.25,4.25,cash,no
ORD-50100,2025-01-09,9,Airport,Coffee,Flat white,medium,2,5.25,10.5,card,no
ORD-50101,2025-01-09,11,Downtown,Coffee,Cold brew,small,1,4.5,4.5,mobile,no
ORD-50102,2025-01-09,11,Riverside,Coffee,Cold brew,medium,1,5,5,mobile,no
ORD-50103,2025-01-09,12,Airport,Food,Granola bowl,regular,2,8.25,16.5,card,yes
ORD-50104,2025-01-09,12,Downtown,Food,Avocado toast,regular,1,9.5,9.5,mobile,no
ORD-50105,2025-01-09,12,Airport,Food,Avocado toast,regular,1,10.25,10.25,card,yes
ORD-50106,2025-01-09,12,Riverside,Bakery,Croissant,regular,1,3.75,3.75,card,no
ORD-50107,2025-01-09,13,Riverside,Food,Avocado toast,regular,1,9.5,9.5,card,yes
ORD-50108,2025-01-09,13,Downtown,Coffee,Cold brew,medium,2,5,10,card,yes
ORD-50109,2025-01-09,14,Riverside,Tea,Chai latte,medium,1,4.75,4.75,mobile,yes
ORD-50110,2025-01-09,15,Downtown,Coffee,Flat white,medium,1,4.5,4.5,card,no
ORD-50111,2025-01-09,17,Airport,Coffee,Americano,medium,2,4.25,8.5,card,yes
ORD-50112,2025-01-10,7,Riverside,Coffee,Espresso,medium,1,3,3,card,no
ORD-50113,2025-01-10,8,Downtown,Bakery,Croissant,regular,1,3.75,3.75,mobile,yes
ORD-50114,2025-01-10,9,Airport,Tea,Earl grey,large,1,4.75,4.75,card,no
ORD-50115,2025-01-10,9,Airport,Tea,Chai latte,small,1,5,5,card,no
ORD-50116,2025-01-10,9,Downtown,Coffee,Latte,large,1,5.5,5.5,mobile,no
ORD-50117,2025-01-10,11,Downtown,Tea,Chai latte,medium,1,4.75,4.75,card,no
ORD-50118,2025-01-10,11,Airport,Coffee,Cold brew,medium,1,5.75,5.75,card,yes
ORD-50119,2025-01-10,11,Riverside,Tea,Matcha latte,medium,1,5.5,5.5,card,yes
ORD-50120,2025-01-10,12,Downtown,Bakery,Croissant,regular,1,3.75,3.75,cash,yes
ORD-50121,2025-01-10,12,Airport,Food,Avocado toast,regular,1,10.25,10.25,card,yes
ORD-50122,2025-01-10,15,Downtown,Bakery,Croissant,regular,1,3.75,3.75,card,no
ORD-50123,2025-01-10,17,Riverside,Coffee,Latte,small,1,4.25,4.25,cash,yes
ORD-50124,2025-01-10,17,Airport,Coffee,Americano,medium,1,4.25,4.25,card,no
ORD-50125,2025-01-11,7,Downtown,Food,Breakfast sandwich,regular,2,8.75,17.5,card,no
ORD-50126,2025-01-11,7,Riverside,Bakery,Croissant,regular,1,3.75,3.75,mobile,no
ORD-50127,2025-01-11,8,Riverside,Coffee,Latte,large,1,5.5,5.5,card,yes
ORD-50128,2025-01-11,9,Airport,Coffee,Americano,small,1,3.75,3.75,mobile,no
ORD-50129,2025-01-11,9,Riverside,Bakery,Cinnamon roll,regular,1,4.5,4.5,card,no
ORD-50130,2025-01-11,9,Downtown,Coffee,Cappuccino,large,1,5.25,5.25,card,no
ORD-50131,2025-01-11,10,Downtown,Coffee,Flat white,small,1,4,4,card,yes
ORD-50132,2025-01-11,10,Downtown,Bakery,Croissant,regular,1,3.75,3.75,card,no
ORD-50133,2025-01-11,14,Riverside,Coffee,Americano,medium,1,3.5,3.5,cash,no
ORD-50134,2025-01-11,16,Airport,Bakery,Cinnamon roll,regular,1,5.25,5.25,card,no
ORD-50135,2025-01-12,6,Airport,Bakery,Banana bread,regular,1,4.75,4.75,mobile,no
ORD-50136,2025-01-12,7,Riverside,Coffee,Flat white,medium,1,4.5,4.5,card,no
ORD-50137,2025-01-12,7,Downtown,Tea,Earl grey,large,1,4,4,mobile,no
ORD-50138,2025-01-12,7,Downtown,Tea,Matcha latte,small,1,5,5,mobile,yes
ORD-50139,2025-01-12,8,Riverside,Coffee,Cold brew,medium,1,5,5,card,yes
ORD-50140,2025-01-12,10,Riverside,Coffee,Cappuccino,medium,1,4.5,4.5,card,no
ORD-50141,2025-01-12,12,Airport,Coffee,Cappuccino,small,1,4.75,4.75,cash,no
ORD-50142,2025-01-12,13,Downtown,Coffee,Latte,large,1,5.5,5.5,card,no
ORD-50143,2025-01-12,13,Downtown,Food,Avocado toast,regular,1,9.5,9.5,card,no
ORD-50144,2025-01-12,14,Downtown,Bakery,Cinnamon roll,regular,1,4.5,4.5,mobile,yes
ORD-50145,2025-01-12,18,Riverside,Coffee,Americano,small,2,3,6,card,no
ORD-50146,2025-01-12,18,Downtown,Coffee,Americano,large,1,4.25,4.25,card,no
ORD-50147,2025-01-12,18,Downtown,Bakery,Croissant,regular,1,3.75,3.75,card,no
ORD-50148,2025-01-13,7,Riverside,Coffee,Flat white,medium,1,4.5,4.5,card,no
ORD-50149,2025-01-13,8,Riverside,Coffee,Latte,large,1,5.5,5.5,card,no
ORD-50150,2025-01-13,8,Airport,Tea,Chai latte,large,1,6.25,6.25,mobile,no
ORD-50151,2025-01-13,8,Downtown,Food,Breakfast sandwich,regular,1,8.75,8.75,mobile,yes
ORD-50152,2025-01-13,9,Downtown,Tea,Matcha latte,large,1,6.25,6.25,mobile,yes
ORD-50153,2025-01-13,11,Downtown,Tea,Earl grey,small,1,2.75,2.75,card,yes
ORD-50154,2025-01-13,12,Downtown,Food,Avocado toast,regular,1,9.5,9.5,card,no
ORD-50155,2025-01-13,12,Riverside,Coffee,Americano,large,1,4.25,4.25,card,no
ORD-50156,2025-01-13,14,Riverside,Tea,Matcha latte,large,2,6.25,12.5,mobile,no
ORD-50157,2025-01-13,15,Riverside,Tea,Chai latte,large,1,5.5,5.5,cash,no
ORD-50158,2025-01-13,15,Downtown,Coffee,Latte,large,1,5.5,5.5,mobile,no
ORD-50159,2025-01-13,16,Downtown,Bakery,Croissant,regular,1,3.75,3.75,card,yes
ORD-50160,2025-01-13,17,Riverside,Food,Breakfast sandwich,regular,1,8.75,8.75,card,no
ORD-50161,2025-01-14,6,Riverside,Coffee,Latte,large,1,5.5,5.5,mobile,no
ORD-50162,2025-01-14,7,Downtown,Coffee,Cold brew,small,1,4.5,4.5,cash,yes
ORD-50163,2025-01-14,7,Downtown,Coffee,Latte,medium,1,4.75,4.75,card,yes
ORD-50164,2025-01-14,8,Downtown,Coffee,Latte,small,1,4.25,4.25,card,yes
ORD-50165,2025-01-14,8,Airport,Coffee,Americano,medium,1,4.25,4.25,card,no
ORD-50166,2025-01-14,9,Riverside,Bakery,Cinnamon roll,regular,2,4.5,9,card,no
ORD-50167,2025-01-14,9,Airport,Coffee,Cold brew,medium,1,5.75,5.75,card,yes
ORD-50168,2025-01-14,10,Riverside,Food,Avocado toast,regular,1,9.5,9.5,card,no
ORD-50169,2025-01-14,10,Downtown,Coffee,Cold brew,large,2,5.75,11.5,card,yes
ORD-50170,2025-01-14,10,Airport,Coffee,Cold brew,medium,2,5.75,11.5,cash,no
ORD-50171,2025-01-14,11,Airport,Coffee,Latte,medium,1,5.5,5.5,card,yes
ORD-50172,2025-01-14,12,Downtown,Coffee,Americano,small,1,3,3,cash,no
ORD-50173,2025-01-14,13,Downtown,Bakery,Croissant,regular,1,3.75,3.75,mobile,no
ORD-50174,2025-01-14,13,Downtown,Bakery,Croissant,regular,2,3.75,7.5,card,no
ORD-50175,2025-01-14,13,Riverside,Bakery,Banana bread,regular,1,4,4,mobile,no
ORD-50176,2025-01-14,13,Riverside,Coffee,Flat white,large,1,5.25,5.25,card,yes
ORD-50177,2025-01-14,13,Riverside,Coffee,Cappuccino,small,1,4,4,card,no
ORD-50178,2025-01-14,15,Riverside,Bakery,Croissant,regular,1,3.75,3.75,card,yes
ORD-50179,2025-01-14,16,Downtown,Food,Avocado toast,regular,1,9.5,9.5,card,yes
ORD-50180,2025-01-14,16,Riverside,Coffee,Latte,small,1,4.25,4.25,card,yes
ORD-50181,2025-01-14,18,Airport,Bakery,Banana bread,regular,1,4.75,4.75,card,no
ORD-50182,2025-01-15,6,Airport,Bakery,Croissant,regular,1,4.5,4.5,mobile,no
ORD-50183,2025-01-15,7,Riverside,Bakery,Croissant,regular,1,3.75,3.75,card,no
ORD-50184,2025-01-15,8,Downtown,Tea,Earl grey,small,2,2.75,5.5,mobile,yes
ORD-50185,2025-01-15,8,Riverside,Coffee,Americano,medium,2,3.5,7,card,yes
ORD-50186,2025-01-15,8,Airport,Coffee,Flat white,large,1,6,6,card,no
ORD-50187,2025-01-15,9,Airport,Coffee,Flat white,medium,1,5.25,5.25,card,no
ORD-50188,2025-01-15,9,Riverside,Coffee,Cappuccino,small,1,4,4,card,yes
ORD-50189,2025-01-15,11,Riverside,Coffee,Flat white,medium,3,4.5,13.5,card,no
ORD-50190,2025-01-15,11,Airport,Bakery,Cinnamon roll,regular,2,5.25,10.5,mobile,no
ORD-50191,2025-01-15,12,Downtown,Coffee,Latte,large,1,5.5,5.5,card,yes
ORD-50192,2025-01-15,13,Airport,Bakery,Banana bread,regular,2,4.75,9.5,card,no
ORD-50193,2025-01-15,13,Downtown,Coffee,Espresso,small,2,2.5,5,cash,no
ORD-50194,2025-01-15,15,Riverside,Coffee,Latte,small,1,4.25,4.25,mobile,no
ORD-50195,2025-01-15,16,Downtown,Bakery,Banana bread,regular,1,4,4,mobile,no
ORD-50196,2025-01-16,7,Downtown,Food,Granola bowl,regular,1,7.5,7.5,card,no
ORD-50197,2025-01-16,7,Downtown,Coffee,Latte,medium,1,4.75,4.75,card,yes
ORD-50198,2025-01-16,7,Airport,Coffee,Americano,medium,1,4.25,4.25,mobile,no
ORD-50199,2025-01-16,7,Riverside,Coffee,Cold brew,medium,1,5,5,mobile,no
ORD-50200,2025-01-16,8,Downtown,Tea,Chai latte,medium,1,4.75,4.75,card,no
ORD-50201,2025-01-16,8,Riverside,Bakery,Banana bread,regular,1,4,4,card,yes
ORD-50202,2025-01-16,10,Riverside,Bakery,Banana bread,regular,1,4,4,card,yes
ORD-50203,2025-01-16,10,Airport,Food,Avocado toast,regular,1,10.25,10.25,cash,no
ORD-50204,2025-01-16,10,Riverside,Food,Avocado toast,regular,3,9.5,28.5,cash,yes
ORD-50205,2025-01-16,11,Downtown,Bakery,Croissant,regular,1,3.75,3.75,card,no
ORD-50206,2025-01-16,12,Airport,Coffee,Flat white,medium,1,5.25,5.25,mobile,no
ORD-50207,2025-01-16,12,Downtown,Coffee,Latte,medium,1,4.75,4.75,cash,no
ORD-50208,2025-01-17,6,Downtown,Coffee,Flat white,large,2,5.25,10.5,mobile,yes
ORD-50209,2025-01-17,7,Downtown,Tea,Matcha latte,large,1,6.25,6.25,card,no
ORD-50210,2025-01-17,8,Downtown,Bakery,Croissant,regular,3,3.75,11.25,mobile,yes
ORD-50211,2025-01-17,8,Downtown,Food,Granola bowl,regular,1,7.5,7.5,card,yes
ORD-50212,2025-01-17,9,Downtown,Bakery,Cinnamon roll,regular,1,4.5,4.5,card,yes
ORD-50213,2025-01-17,9,Riverside,Tea,Matcha latte,large,2,6.25,12.5,mobile,yes
ORD-50214,2025-01-17,9,Downtown,Coffee,Espresso,large,1,3.75,3.75,mobile,yes
ORD-50215,2025-01-17,9,Airport,Coffee,Cold brew,medium,1,5.75,5.75,card,yes
ORD-50216,2025-01-17,10,Downtown,Tea,Earl grey,medium,1,3.25,3.25,card,yes
ORD-50217,2025-01-17,10,Downtown,Coffee,Espresso,large,1,3.75,3.75,cash,yes
ORD-50218,2025-01-17,11,Airport,Coffee,Espresso,small,2,3.25,6.5,mobile,no
ORD-50219,2025-01-17,13,Downtown,Bakery,Cinnamon roll,regular,1,4.5,4.5,card,no
ORD-50220,2025-01-17,14,Downtown,Coffee,Latte,large,1,5.5,5.5,card,no
ORD-50221,2025-01-17,17,Riverside,Bakery,Cinnamon roll,regular,1,4.5,4.5,mobile,yes
ORD-50222,2025-01-18,6,Riverside,Bakery,Croissant,regular,1,3.75,3.75,card,yes
ORD-50223,2025-01-18,7,Downtown,Coffee,Americano,large,1,4.25,4.25,mobile,yes
ORD-50224,2025-01-18,7,Downtown,Food,Granola bowl,regular,1,7.5,7.5,card,no
ORD-50225,2025-01-18,7,Downtown,Coffee,Cold brew,medium,2,5,10,card,no
ORD-50226,2025-01-18,8,Airport,Coffee,Latte,medium,1,5.5,5.5,card,no
ORD-50227,2025-01-18,8,Riverside,Coffee,Flat white,large,1,5.25,5.25,mobile,no
ORD-50228,2025-01-18,8,Downtown,Coffee,Latte,medium,2,4.75,9.5,card,no
ORD-50229,2025-01-18,9,Downtown,Coffee,Latte,small,1,4.25,4.25,card,no
ORD-50230,2025-01-18,9,Airport,Tea,Matcha latte,medium,1,6.25,6.25,mobile,yes
ORD-50231,2025-01-18,9,Downtown,Coffee,Cold brew,medium,1,5,5,card,yes
ORD-50232,2025-01-18,10,Downtown,Tea,Matcha latte,medium,1,5.5,5.5,mobile,yes
ORD-50233,2025-01-18,10,Downtown,Bakery,Croissant,regular,1,3.75,3.75,card,no
ORD-50234,2025-01-18,11,Downtown,Food,Breakfast sandwich,regular,2,8.75,17.5,card,no
ORD-50235,2025-01-18,12,Downtown,Bakery,Croissant,regular,1,3.75,3.75,card,no
ORD-50236,2025-01-18,12,Riverside,Coffee,Flat white,large,2,5.25,10.5,card,yes
ORD-50237,2025-01-18,12,Riverside,Coffee,Cold brew,large,2,5.75,11.5,card,no
ORD-50238,2025-01-18,13,Downtown,Coffee,Flat white,large,1,5.25,5.25,card,no
ORD-50239,2025-01-18,13,Riverside,Coffee,Cold brew,medium,1,5,5,mobile,yes
ORD-50240,2025-01-18,14,Downtown,Food,Granola bowl,regular,1,7.5,7.5,card,no
ORD-50241,2025-01-18,15,Airport,Bakery,Croissant,regular,1,4.5,4.5,mobile,yes
ORD-50242,2025-01-18,15,Riverside,Coffee,Latte,medium,4,4.75,19,mobile,no
ORD-50243,2025-01-18,15,Downtown,Tea,Chai latte,small,1,4.25,4.25,mobile,no
ORD-50244,2025-01-18,17,Airport,Coffee,Cappuccino,large,1,6,6,card,no
ORD-50245,2025-01-19,7,Downtown,Coffee,Flat white,medium,2,4.5,9,card,no
ORD-50246,2025-01-19,7,Downtown,Tea,Matcha latte,medium,3,5.5,16.5,cash,no
ORD-50247,2025-01-19,7,Airport,Coffee,Cold brew,small,2,5.25,10.5,cash,no
ORD-50248,2025-01-19,8,Downtown,Food,Breakfast sandwich,regular,1,8.75,8.75,mobile,no
ORD-50249,2025-01-19,8,Downtown,Coffee,Cappuccino,medium,1,4.5,4.5,card,no
ORD-50250,2025-01-19,10,Airport,Coffee,Cappuccino,small,2,4.75,9.5,card,no
ORD-50251,2025-01-19,10,Downtown,Coffee,Americano,large,1,4.25,4.25,card,no
ORD-50252,2025-01-19,10,Downtown,Coffee,Americano,large,1,4.25,4.25,card,yes
ORD-50253,2025-01-19,13,Downtown,Tea,Earl grey,medium,2,3.25,6.5,mobile,no
ORD-50254,2025-01-19,14,Riverside,Food,Breakfast sandwich,regular,1,8.75,8.75,mobile,yes
ORD-50255,2025-01-19,15,Airport,Food,Avocado toast,regular,1,10.25,10.25,card,no
ORD-50256,2025-01-19,15,Airport,Coffee,Americano,medium,1,4.25,4.25,mobile,yes
ORD-50257,2025-01-19,16,Downtown,Food,Avocado toast,regular,1,9.5,9.5,cash,yes
ORD-50258,2025-01-20,7,Riverside,Food,Breakfast sandwich,regular,4,8.75,35,mobile,no
ORD-50259,2025-01-20,8,Airport,Coffee,Americano,medium,1,4.25,4.25,mobile,yes
ORD-50260,2025-01-20,9,Downtown,Coffee,Latte,medium,1,4.75,4.75,card,no
ORD-50261,2025-01-20,9,Airport,Food,Granola bowl,regular,1,8.25,8.25,mobile,no
ORD-50262,2025-01-20,10,Airport,Coffee,Cappuccino,medium,1,5.25,5.25,cash,yes
ORD-50263,2025-01-20,10,Downtown,Food,Breakfast sandwich,regular,1,8.75,8.75,mobile,no
ORD-50264,2025-01-20,10,Airport,Tea,Chai latte,medium,1,5.5,5.5,mobile,yes
ORD-50265,2025-01-20,12,Airport,Coffee,Cold brew,small,1,5.25,5.25,cash,yes
ORD-50266,2025-01-20,12,Riverside,Food,Granola bowl,regular,1,7.5,7.5,mobile,no
ORD-50267,2025-01-20,14,Downtown,Bakery,Croissant,regular,1,3.75,3.75,cash,no
ORD-50268,2025-01-20,15,Riverside,Coffee,Espresso,medium,1,3,3,card,yes
ORD-50269,2025-01-20,15,Riverside,Bakery,Croissant,regular,1,3.75,3.75,card,no
ORD-50270,2025-01-21,8,Downtown,Tea,Chai latte,large,1,5.5,5.5,card,no
ORD-50271,2025-01-21,8,Downtown,Food,Avocado toast,regular,1,9.5,9.5,cash,yes
ORD-50272,2025-01-21,8,Riverside,Coffee,Flat white,medium,2,4.5,9,card,no
ORD-50273,2025-01-21,9,Downtown,Coffee,Latte,large,2,5.5,11,mobile,no
ORD-50274,2025-01-21,9,Riverside,Coffee,Americano,medium,1,3.5,3.5,card,no
ORD-50275,2025-01-21,10,Riverside,Coffee,Cappuccino,large,1,5.25,5.25,mobile,no
ORD-50276,2025-01-21,10,Downtown,Tea,Chai latte,small,1,4.25,4.25,card,yes
ORD-50277,2025-01-21,10,Downtown,Coffee,Flat white,medium,1,4.5,4.5,mobile,no
ORD-50278,2025-01-21,10,Downtown,Coffee,Flat white,large,1,5.25,5.25,cash,no
ORD-50279,2025-01-21,10,Downtown,Food,Breakfast sandwich,regular,1,8.75,8.75,card,yes
ORD-50280,2025-01-21,11,Airport,Bakery,Banana bread,regular,1,4.75,4.75,card,no
ORD-50281,2025-01-21,11,Riverside,Tea,Chai latte,medium,1,4.75,4.75,card,no
ORD-50282,2025-01-21,12,Airport,Coffee,Flat white,medium,2,5.25,10.5,card,yes
ORD-50283,2025-01-21,13,Riverside,Coffee,Flat white,medium,1,4.5,4.5,mobile,no
ORD-50284,2025-01-21,13,Downtown,Food,Breakfast sandwich,regular,1,8.75,8.75,card,no
ORD-50285,2025-01-21,13,Downtown,Food,Avocado toast,regular,1,9.5,9.5,card,yes
ORD-50286,2025-01-21,14,Riverside,Coffee,Latte,medium,1,4.75,4.75,card,yes
ORD-50287,2025-01-21,15,Airport,Food,Breakfast sandwich,regular,1,9.5,9.5,mobile,no
ORD-50288,2025-01-21,17,Riverside,Coffee,Latte,small,1,4.25,4.25,card,no
ORD-50289,2025-01-22,7,Riverside,Food,Granola bowl,regular,1,7.5,7.5,cash,yes
ORD-50290,2025-01-22,7,Downtown,Coffee,Flat white,small,1,4,4,card,no
ORD-50291,2025-01-22,9,Downtown,Tea,Chai latte,large,1,5.5,5.5,card,no
ORD-50292,2025-01-22,10,Airport,Coffee,Cappuccino,small,1,4.75,4.75,card,yes
ORD-50293,2025-01-22,10,Airport,Coffee,Flat white,medium,1,5.25,5.25,mobile,no
ORD-50294,2025-01-22,10,Downtown,Coffee,Latte,large,1,5.5,5.5,card,no
ORD-50295,2025-01-22,11,Downtown,Bakery,Croissant,regular,1,3.75,3.75,cash,no
ORD-50296,2025-01-22,11,Airport,Tea,Chai latte,medium,3,5.5,16.5,card,yes
ORD-50297,2025-01-22,12,Riverside,Bakery,Banana bread,regular,1,4,4,mobile,yes
ORD-50298,2025-01-22,12,Riverside,Coffee,Cold brew,medium,1,5,5,mobile,no
ORD-50299,2025-01-22,13,Airport,Food,Granola bowl,regular,1,8.25,8.25,card,yes
ORD-50300,2025-01-22,13,Downtown,Food,Breakfast sandwich,regular,1,8.75,8.75,mobile,no
ORD-50301,2025-01-22,14,Riverside,Coffee,Latte,large,1,5.5,5.5,cash,no
ORD-50302,2025-01-22,14,Downtown,Coffee,Americano,large,1,4.25,4.25,card,no
ORD-50303,2025-01-22,16,Airport,Coffee,Flat white,medium,1,5.25,5.25,mobile,no
ORD-50304,2025-01-22,17,Downtown,Food,Avocado toast,regular,2,9.5,19,mobile,no
ORD-50305,2025-01-23,7,Riverside,Coffee,Latte,medium,1,4.75,4.75,card,no
ORD-50306,2025-01-23,7,Downtown,Bakery,Banana bread,regular,1,4,4,card,yes
ORD-50307,2025-01-23,7,Airport,Coffee,Espresso,medium,1,3.75,3.75,card,no
ORD-50308,2025-01-23,8,Downtown,Coffee,Cappuccino,small,1,4,4,card,yes
ORD-50309,2025-01-23,8,Riverside,Coffee,Latte,small,1,4.25,4.25,mobile,no
ORD-50310,2025-01-23,9,Downtown,Coffee,Latte,medium,1,4.75,4.75,card,yes
ORD-50311,2025-01-23,9,Riverside,Bakery,Cinnamon roll,regular,1,4.5,4.5,mobile,yes
ORD-50312,2025-01-23,12,Airport,Coffee,Cappuccino,small,1,4.75,4.75,mobile,yes
ORD-50313,2025-01-23,15,Riverside,Tea,Matcha latte,large,1,6.25,6.25,mobile,no
ORD-50314,2025-01-24,6,Downtown,Coffee,Flat white,medium,1,4.5,4.5,mobile,yes
ORD-50315,2025-01-24,7,Downtown,Coffee,Latte,small,1,4.25,4.25,mobile,no
ORD-50316,2025-01-24,7,Airport,Food,Granola bowl,regular,1,8.25,8.25,mobile,no
ORD-50317,2025-01-24,7,Riverside,Coffee,Latte,large,3,5.5,16.5,card,no
ORD-50318,2025-01-24,8,Riverside,Food,Breakfast sandwich,regular,2,8.75,17.5,card,no
ORD-50319,2025-01-24,9,Downtown,Bakery,Croissant,regular,1,3.75,3.75,mobile,no
ORD-50320,2025-01-24,10,Airport,Food,Granola bowl,regular,1,8.25,8.25,card,no
ORD-50321,2025-01-24,11,Downtown,Food,Breakfast sandwich,regular,1,8.75,8.75,card,no
ORD-50322,2025-01-24,11,Riverside,Food,Avocado toast,regular,1,9.5,9.5,card,no
ORD-50323,2025-01-24,12,Riverside,Bakery,Croissant,regular,1,3.75,3.75,card,yes
ORD-50324,2025-01-24,13,Downtown,Bakery,Cinnamon roll,regular,1,4.5,4.5,card,yes
ORD-50325,2025-01-24,13,Riverside,Coffee,Americano,medium,1,3.5,3.5,card,no
ORD-50326,2025-01-24,13,Riverside,Coffee,Latte,large,1,5.5,5.5,cash,yes
ORD-50327,2025-01-24,16,Downtown,Bakery,Banana bread,regular,1,4,4,mobile,yes
ORD-50328,2025-01-24,16,Riverside,Bakery,Cinnamon roll,regular,1,4.5,4.5,card,no
ORD-50329,2025-01-24,17,Riverside,Tea,Matcha latte,medium,2,5.5,11,card,yes
ORD-50330,2025-01-24,17,Riverside,Tea,Chai latte,small,2,4.25,8.5,card,no
ORD-50331,2025-01-24,17,Riverside,Coffee,Cold brew,small,2,4.5,9,card,no
ORD-50332,2025-01-25,8,Downtown,Coffee,Flat white,large,1,5.25,5.25,card,no
ORD-50333,2025-01-25,9,Riverside,Coffee,Espresso,small,2,2.5,5,mobile,no
ORD-50334,2025-01-25,9,Riverside,Coffee,Flat white,medium,1,4.5,4.5,card,no
ORD-50335,2025-01-25,9,Downtown,Food,Avocado toast,regular,1,9.5,9.5,mobile,yes
ORD-50336,2025-01-25,9,Downtown,Food,Breakfast sandwich,regular,1,8.75,8.75,card,no
ORD-50337,2025-01-25,9,Airport,Food,Breakfast sandwich,regular,2,9.5,19,cash,yes
ORD-50338,2025-01-25,9,Downtown,Coffee,Latte,large,1,5.5,5.5,mobile,yes
ORD-50339,2025-01-25,10,Airport,Coffee,Latte,medium,1,5.5,5.5,mobile,yes
ORD-50340,2025-01-25,10,Riverside,Coffee,Americano,medium,1,3.5,3.5,card,no
ORD-50341,2025-01-25,10,Riverside,Coffee,Latte,medium,1,4.75,4.75,card,no
ORD-50342,2025-01-25,11,Airport,Coffee,Americano,medium,1,4.25,4.25,card,yes
ORD-50343,2025-01-25,12,Riverside,Coffee,Latte,large,3,5.5,16.5,card,yes
ORD-50344,2025-01-25,13,Airport,Coffee,Flat white,large,1,6,6,mobile,yes
ORD-50345,2025-01-25,14,Riverside,Bakery,Croissant,regular,2,3.75,7.5,card,yes
ORD-50346,2025-01-25,15,Downtown,Coffee,Cappuccino,medium,1,4.5,4.5,card,no
ORD-50347,2025-01-25,17,Airport,Coffee,Americano,small,2,3.75,7.5,card,yes
ORD-50348,2025-01-26,8,Downtown,Tea,Chai latte,small,1,4.25,4.25,mobile,no
ORD-50349,2025-01-26,9,Airport,Coffee,Latte,medium,1,5.5,5.5,card,yes
ORD-50350,2025-01-26,10,Riverside,Coffee,Cappuccino,small,1,4,4,mobile,yes
ORD-50351,2025-01-26,12,Downtown,Coffee,Americano,small,1,3,3,mobile,yes
ORD-50352,2025-01-26,13,Downtown,Bakery,Croissant,regular,1,3.75,3.75,card,no
ORD-50353,2025-01-26,14,Downtown,Coffee,Latte,large,2,5.5,11,card,no
ORD-50354,2025-01-26,15,Riverside,Coffee,Flat white,large,1,5.25,5.25,card,no
ORD-50355,2025-01-26,16,Downtown,Coffee,Cappuccino,medium,1,4.5,4.5,card,yes
ORD-50356,2025-01-27,6,Downtown,Tea,Matcha latte,medium,1,5.5,5.5,card,no
ORD-50357,2025-01-27,7,Riverside,Bakery,Croissant,regular,1,3.75,3.75,mobile,no
ORD-50358,2025-01-27,7,Riverside,Bakery,Croissant,regular,1,3.75,3.75,cash,no
ORD-50359,2025-01-27,8,Downtown,Coffee,Espresso,small,1,2.5,2.5,mobile,no
ORD-50360,2025-01-27,8,Downtown,Coffee,Americano,medium,1,3.5,3.5,mobile,no
ORD-50361,2025-01-27,8,Downtown,Food,Breakfast sandwich,regular,1,8.75,8.75,card,no
ORD-50362,2025-01-27,9,Riverside,Food,Granola bowl,regular,3,7.5,22.5,mobile,no
ORD-50363,2025-01-27,10,Downtown,Coffee,Cold brew,small,1,4.5,4.5,cash,yes
ORD-50364,2025-01-27,11,Riverside,Coffee,Americano,small,2,3,6,cash,no
ORD-50365,2025-01-27,12,Downtown,Coffee,Latte,small,1,4.25,4.25,mobile,yes
ORD-50366,2025-01-27,12,Downtown,Coffee,Americano,large,1,4.25,4.25,card,no
ORD-50367,2025-01-27,13,Downtown,Food,Granola bowl,regular,1,7.5,7.5,mobile,no
ORD-50368,2025-01-27,16,Riverside,Coffee,Americano,large,1,4.25,4.25,card,no
ORD-50369,2025-01-27,18,Downtown,Coffee,Latte,medium,1,4.75,4.75,card,yes
ORD-50370,2025-01-27,18,Downtown,Coffee,Espresso,medium,2,3,6,card,no
ORD-50371,2025-01-28,7,Downtown,Tea,Matcha latte,medium,2,5.5,11,card,yes
ORD-50372,2025-01-28,7,Downtown,Tea,Earl grey,large,1,4,4,card,no
ORD-50373,2025-01-28,7,Downtown,Coffee,Latte,medium,1,4.75,4.75,card,no
ORD-50374,2025-01-28,7,Downtown,Coffee,Espresso,small,1,2.5,2.5,card,no
ORD-50375,2025-01-28,7,Downtown,Food,Avocado toast,regular,1,9.5,9.5,mobile,yes
ORD-50376,2025-01-28,8,Downtown,Tea,Chai latte,large,1,5.5,5.5,card,no
ORD-50377,2025-01-28,8,Riverside,Coffee,Latte,large,2,5.5,11,mobile,yes
ORD-50378,2025-01-28,9,Downtown,Bakery,Croissant,regular,1,3.75,3.75,mobile,no
ORD-50379,2025-01-28,9,Downtown,Bakery,Cinnamon roll,regular,2,4.5,9,mobile,yes
ORD-50380,2025-01-28,9,Downtown,Bakery,Croissant,regular,2,3.75,7.5,cash,yes
ORD-50381,2025-01-28,10,Downtown,Coffee,Cappuccino,small,2,4,8,mobile,no
ORD-50382,2025-01-28,10,Downtown,Coffee,Latte,small,2,4.25,8.5,cash,yes
ORD-50383,2025-01-28,11,Airport,Food,Breakfast sandwich,regular,1,9.5,9.5,card,no
ORD-50384,2025-01-28,12,Riverside,Coffee,Flat white,large,1,5.25,5.25,card,no
ORD-50385,2025-01-28,12,Downtown,Food,Granola bowl,regular,1,7.5,7.5,mobile,no
ORD-50386,2025-01-28,12,Riverside,Coffee,Espresso,medium,1,3,3,card,no
ORD-50387,2025-01-28,13,Downtown,Food,Breakfast sandwich,regular,1,8.75,8.75,cash,yes
ORD-50388,2025-01-28,18,Downtown,Coffee,Latte,medium,2,4.75,9.5,card,no
ORD-50389,2025-01-29,7,Riverside,Food,Breakfast sandwich,regular,2,8.75,17.5,card,no
ORD-50390,2025-01-29,7,Airport,Coffee,Flat white,small,2,4.75,9.5,mobile,yes
ORD-50391,2025-01-29,8,Downtown,Bakery,Croissant,regular,1,3.75,3.75,card,no
ORD-50392,2025-01-29,8,Downtown,Coffee,Cold brew,medium,1,5,5,mobile,no
ORD-50393,2025-01-29,8,Riverside,Coffee,Latte,small,1,4.25,4.25,card,yes
ORD-50394,2025-01-29,9,Downtown,Coffee,Cappuccino,medium,1,4.5,4.5,card,no
ORD-50395,2025-01-29,10,Airport,Bakery,Banana bread,regular,1,4.75,4.75,card,no
ORD-50396,2025-01-29,10,Downtown,Bakery,Croissant,regular,1,3.75,3.75,card,yes
ORD-50397,2025-01-29,10,Riverside,Bakery,Cinnamon roll,regular,1,4.5,4.5,mobile,no
ORD-50398,2025-01-29,10,Riverside,Food,Avocado toast,regular,2,9.5,19,card,no
ORD-50399,2025-01-29,11,Riverside,Food,Avocado toast,regular,1,9.5,9.5,card,no
ORD-50400,2025-01-29,13,Riverside,Food,Avocado toast,regular,2,9.5,19,card,no
ORD-50401,2025-01-29,15,Downtown,Food,Breakfast sandwich,regular,2,8.75,17.5,cash,no
ORD-50402,2025-01-29,18,Downtown,Coffee,Flat white,medium,1,4.5,4.5,cash,no
ORD-50403,2025-01-30,6,Airport,Tea,Matcha latte,medium,1,6.25,6.25,mobile,no
ORD-50404,2025-01-30,7,Downtown,Bakery,Croissant,regular,1,3.75,3.75,card,no
ORD-50405,2025-01-30,7,Riverside,Coffee,Latte,small,1,4.25,4.25,card,yes
ORD-50406,2025-01-30,7,Riverside,Coffee,Americano,medium,1,3.5,3.5,mobile,no
ORD-50407,2025-01-30,9,Riverside,Coffee,Flat white,medium,2,4.5,9,card,yes
ORD-50408,2025-01-30,9,Downtown,Coffee,Latte,medium,1,4.75,4.75,mobile,no
ORD-50409,2025-01-30,9,Riverside,Food,Breakfast sandwich,regular,1,8.75,8.75,card,no
ORD-50410,2025-01-30,10,Riverside,Tea,Matcha latte,small,1,5,5,mobile,no
ORD-50411,2025-01-30,13,Downtown,Coffee,Americano,small,1,3,3,card,no
ORD-50412,2025-01-30,13,Riverside,Coffee,Espresso,large,1,3.75,3.75,card,no
ORD-50413,2025-01-30,14,Downtown,Coffee,Latte,large,1,5.5,5.5,cash,yes
ORD-50414,2025-01-30,15,Downtown,Coffee,Americano,small,2,3,6,mobile,yes
ORD-50415,2025-01-30,15,Downtown,Coffee,Espresso,medium,2,3,6,card,no
ORD-50416,2025-01-30,15,Downtown,Bakery,Banana bread,regular,1,4,4,mobile,yes
ORD-50417,2025-01-30,16,Downtown,Coffee,Flat white,small,1,4,4,mobile,no
ORD-50418,2025-01-31,6,Riverside,Coffee,Cappuccino,medium,1,4.5,4.5,card,no
ORD-50419,2025-01-31,7,Riverside,Coffee,Americano,medium,1,3.5,3.5,mobile,no
ORD-50420,2025-01-31,8,Downtown,Bakery,Banana bread,regular,1,4,4,mobile,no
ORD-50421,2025-01-31,8,Riverside,Coffee,Latte,medium,1,4.75,4.75,card,yes
ORD-50422,2025-01-31,8,Downtown,Bakery,Cinnamon roll,regular,1,4.5,4.5,cash,no
ORD-50423,2025-01-31,8,Airport,Coffee,Flat white,medium,1,5.25,5.25,card,no
ORD-50424,2025-01-31,11,Airport,Bakery,Cinnamon roll,regular,1,5.25,5.25,card,no
ORD-50425,2025-01-31,13,Downtown,Coffee,Cappuccino,medium,3,4.5,13.5,mobile,no
ORD-50426,2025-01-31,13,Airport,Food,Avocado toast,regular,1,10.25,10.25,cash,no
ORD-50427,2025-01-31,13,Airport,Coffee,Cold brew,large,2,6.5,13,card,no
ORD-50428,2025-01-31,16,Airport,Coffee,Flat white,medium,1,5.25,5.25,mobile,yes
ORD-50429,2025-02-01,8,Downtown,Coffee,Espresso,medium,4,3,12,card,yes
ORD-50430,2025-02-01,9,Downtown,Bakery,Cinnamon roll,regular,1,4.5,4.5,mobile,yes
ORD-50431,2025-02-01,9,Downtown,Tea,Earl grey,large,1,4,4,card,no
ORD-50432,2025-02-01,12,Riverside,Coffee,Flat white,small,2,4,8,card,no
ORD-50433,2025-02-01,12,Riverside,Food,Avocado toast,regular,1,9.5,9.5,card,no
ORD-50434,2025-02-01,12,Downtown,Tea,Chai latte,large,1,5.5,5.5,card,yes
ORD-50435,2025-02-02,7,Airport,Coffee,Flat white,large,1,6,6,card,no
ORD-50436,2025-02-02,8,Riverside,Bakery,Croissant,regular,1,3.75,3.75,card,no
ORD-50437,2025-02-02,8,Downtown,Tea,Matcha latte,large,2,6.25,12.5,cash,no
ORD-50438,2025-02-02,8,Riverside,Coffee,Cold brew,medium,1,5,5,card,no
ORD-50439,2025-02-02,9,Downtown,Coffee,Latte,medium,1,4.75,4.75,cash,yes
ORD-50440,2025-02-02,9,Downtown,Food,Avocado toast,regular,1,9.5,9.5,card,yes
ORD-50441,2025-02-02,9,Airport,Coffee,Cappuccino,medium,4,5.25,21,mobile,no
ORD-50442,2025-02-02,10,Downtown,Bakery,Croissant,regular,1,3.75,3.75,card,no
ORD-50443,2025-02-02,12,Downtown,Coffee,Espresso,medium,1,3,3,card,no
ORD-50444,2025-02-02,12,Downtown,Tea,Chai latte,medium,1,4.75,4.75,card,no
ORD-50445,2025-02-02,15,Downtown,Coffee,Cappuccino,small,1,4,4,card,no
ORD-50446,2025-02-02,15,Downtown,Bakery,Cinnamon roll,regular,2,4.5,9,card,yes
ORD-50447,2025-02-02,16,Downtown,Bakery,Croissant,regular,1,3.75,3.75,mobile,yes
ORD-50448,2025-02-02,16,Riverside,Tea,Chai latte,small,1,4.25,4.25,cash,yes
ORD-50449,2025-02-02,18,Riverside,Coffee,Espresso,medium,2,3,6,mobile,no
ORD-50450,2025-02-03,7,Airport,Coffee,Cold brew,medium,2,5.75,11.5,card,yes
ORD-50451,2025-02-03,7,Riverside,Coffee,Cold brew,large,1,5.75,5.75,cash,no
ORD-50452,2025-02-03,7,Airport,Food,Avocado toast,regular,1,10.25,10.25,card,no
ORD-50453,2025-02-03,8,Riverside,Coffee,Latte,medium,3,4.75,14.25,mobile,no
ORD-50454,2025-02-03,8,Riverside,Coffee,Americano,large,1,4.25,4.25,mobile,yes
ORD-50455,2025-02-03,9,Downtown,Tea,Matcha latte,large,4,6.25,25,card,yes
ORD-50456,2025-02-03,10,Riverside,Tea,Chai latte,medium,1,4.75,4.75,card,no
ORD-50457,2025-02-03,11,Riverside,Food,Avocado toast,regular,1,9.5,9.5,card,no
ORD-50458,2025-02-03,11,Airport,Coffee,Flat white,medium,1,5.25,5.25,mobile,no
ORD-50459,2025-02-03,11,Downtown,Coffee,Flat white,small,1,4,4,cash,yes
ORD-50460,2025-02-03,12,Riverside,Food,Avocado toast,regular,3,9.5,28.5,cash,no
ORD-50461,2025-02-03,12,Downtown,Coffee,Cappuccino,large,2,5.25,10.5,card,yes
ORD-50462,2025-02-03,14,Riverside,Coffee,Latte,medium,2,4.75,9.5,cash,yes
ORD-50463,2025-02-03,16,Riverside,Coffee,Latte,large,1,5.5,5.5,card,no
ORD-50464,2025-02-04,6,Downtown,Coffee,Cappuccino,medium,1,4.5,4.5,cash,no
ORD-50465,2025-02-04,7,Airport,Coffee,Cold brew,small,1,5.25,5.25,card,no
ORD-50466,2025-02-04,7,Airport,Bakery,Croissant,regular,1,4.5,4.5,card,no
ORD-50467,2025-02-04,9,Riverside,Coffee,Americano,medium,3,3.5,10.5,card,yes
ORD-50468,2025-02-04,9,Airport,Coffee,Americano,medium,1,4.25,4.25,mobile,no
ORD-50469,2025-02-04,9,Downtown,Coffee,Flat white,medium,1,4.5,4.5,card,no
ORD-50470,2025-02-04,9,Riverside,Coffee,Espresso,medium,1,3,3,card,no
ORD-50471,2025-02-04,10,Airport,Coffee,Cappuccino,large,1,6,6,card,yes
ORD-50472,2025-02-04,12,Airport,Food,Granola bowl,regular,1,8.25,8.25,mobile,yes
ORD-50473,2025-02-04,13,Airport,Bakery,Croissant,regular,1,4.5,4.5,mobile,no
ORD-50474,2025-02-04,14,Downtown,Coffee,Americano,small,1,3,3,card,no
ORD-50475,2025-02-04,16,Riverside,Tea,Chai latte,small,3,4.25,12.75,mobile,no
ORD-50476,2025-02-04,16,Riverside,Food,Avocado toast,regular,1,9.5,9.5,card,yes
ORD-50477,2025-02-04,17,Riverside,Coffee,Latte,medium,1,4.75,4.75,card,yes
ORD-50478,2025-02-04,17,Downtown,Coffee,Flat white,small,3,4,12,mobile,yes
ORD-50479,2025-02-05,7,Downtown,Tea,Chai latte,medium,1,4.75,4.75,card,yes
ORD-50480,2025-02-05,8,Downtown,Coffee,Cappuccino,medium,1,4.5,4.5,card,yes
ORD-50481,2025-02-05,12,Riverside,Food,Avocado toast,regular,4,9.5,38,mobile,yes
ORD-50482,2025-02-06,6,Airport,Tea,Matcha latte,small,1,5.75,5.75,mobile,yes
ORD-50483,2025-02-06,7,Downtown,Food,Granola bowl,regular,1,7.5,7.5,card,yes
ORD-50484,2025-02-06,8,Airport,Coffee,Cappuccino,medium,1,5.25,5.25,card,no
ORD-50485,2025-02-06,8,Riverside,Tea,Chai latte,small,1,4.25,4.25,mobile,no
ORD-50486,2025-02-06,8,Airport,Bakery,Croissant,regular,1,4.5,4.5,card,no
ORD-50487,2025-02-06,8,Airport,Coffee,Latte,medium,1,5.5,5.5,card,no
ORD-50488,2025-02-06,8,Riverside,Tea,Earl grey,small,1,2.75,2.75,card,no
ORD-50489,2025-02-06,9,Downtown,Coffee,Espresso,medium,1,3,3,mobile,no
ORD-50490,2025-02-06,10,Riverside,Tea,Matcha latte,medium,1,5.5,5.5,mobile,yes
ORD-50491,2025-02-06,11,Airport,Coffee,Cappuccino,medium,4,5.25,21,card,no
ORD-50492,2025-02-06,11,Downtown,Coffee,Espresso,medium,1,3,3,cash,yes
ORD-50493,2025-02-06,11,Airport,Coffee,Latte,large,1,6.25,6.25,card,no
ORD-50494,2025-02-06,12,Riverside,Tea,Matcha latte,medium,3,5.5,16.5,card,yes
ORD-50495,2025-02-06,12,Riverside,Food,Avocado toast,regular,2,9.5,19,card,no
ORD-50496,2025-02-06,13,Riverside,Tea,Matcha latte,medium,1,5.5,5.5,card,no
ORD-50497,2025-02-06,13,Downtown,Bakery,Croissant,regular,1,3.75,3.75,card,yes
ORD-50498,2025-02-06,16,Riverside,Coffee,Latte,large,1,5.5,5.5,card,yes
ORD-50499,2025-02-06,17,Downtown,Coffee,Cold brew,small,1,4.5,4.5,mobile,yes
ORD-50500,2025-02-07,7,Riverside,Food,Avocado toast,regular,1,9.5,9.5,card,yes
ORD-50501,2025-02-07,8,Riverside,Bakery,Croissant,regular,1,3.75,3.75,card,no
ORD-50502,2025-02-07,8,Riverside,Coffee,Americano,medium,3,3.5,10.5,card,no
ORD-50503,2025-02-07,9,Downtown,Coffee,Flat white,small,1,4,4,card,no
ORD-50504,2025-02-07,9,Airport,Food,Breakfast sandwich,regular,1,9.5,9.5,card,no
ORD-50505,2025-02-07,12,Riverside,Coffee,Cold brew,small,1,4.5,4.5,card,no
ORD-50506,2025-02-07,12,Downtown,Coffee,Espresso,small,1,2.5,2.5,mobile,no
ORD-50507,2025-02-07,12,Airport,Coffee,Cappuccino,large,1,6,6,card,no
ORD-50508,2025-02-07,12,Downtown,Bakery,Cinnamon roll,regular,3,4.5,13.5,card,no
ORD-50509,2025-02-07,13,Downtown,Coffee,Flat white,medium,1,4.5,4.5,mobile,yes
ORD-50510,2025-02-07,13,Downtown,Coffee,Cold brew,large,1,5.75,5.75,card,yes
ORD-50511,2025-02-07,13,Downtown,Food,Avocado toast,regular,1,9.5,9.5,mobile,yes
ORD-50512,2025-02-07,14,Riverside,Coffee,Cappuccino,medium,1,4.5,4.5,card,no
ORD-50513,2025-02-07,17,Downtown,Food,Breakfast sandwich,regular,1,8.75,8.75,card,no
ORD-50514,2025-02-08,6,Airport,Food,Breakfast sandwich,regular,2,9.5,19,mobile,no
ORD-50515,2025-02-08,8,Downtown,Food,Avocado toast,regular,2,9.5,19,card,yes
ORD-50516,2025-02-08,9,Airport,Food,Granola bowl,regular,1,8.25,8.25,card,no
ORD-50517,2025-02-08,10,Airport,Coffee,Cold brew,medium,1,5.75,5.75,mobile,no
ORD-50518,2025-02-08,10,Downtown,Tea,Earl grey,small,1,2.75,2.75,mobile,no
ORD-50519,2025-02-08,11,Riverside,Bakery,Cinnamon roll,regular,2,4.5,9,card,yes
ORD-50520,2025-02-08,12,Riverside,Coffee,Latte,medium,1,4.75,4.75,card,no
ORD-50521,2025-02-08,12,Riverside,Food,Breakfast sandwich,regular,1,8.75,8.75,card,yes
ORD-50522,2025-02-08,12,Riverside,Food,Breakfast sandwich,regular,1,8.75,8.75,card,no
ORD-50523,2025-02-08,12,Riverside,Coffee,Cold brew,small,1,4.5,4.5,mobile,no
ORD-50524,2025-02-08,13,Downtown,Food,Granola bowl,regular,1,7.5,7.5,card,yes
ORD-50525,2025-02-08,13,Downtown,Coffee,Latte,medium,1,4.75,4.75,card,yes
ORD-50526,2025-02-08,13,Downtown,Bakery,Croissant,regular,1,3.75,3.75,card,no
ORD-50527,2025-02-08,13,Riverside,Tea,Matcha latte,small,1,5,5,mobile,no
ORD-50528,2025-02-08,14,Airport,Coffee,Latte,small,1,5,5,card,no
ORD-50529,2025-02-08,15,Airport,Bakery,Banana bread,regular,1,4.75,4.75,card,no
ORD-50530,2025-02-08,15,Downtown,Coffee,Cappuccino,medium,1,4.5,4.5,card,no
ORD-50531,2025-02-09,6,Airport,Coffee,Cold brew,medium,2,5.75,11.5,card,yes
ORD-50532,2025-02-09,6,Downtown,Coffee,Cappuccino,medium,1,4.5,4.5,card,no
ORD-50533,2025-02-09,7,Downtown,Food,Avocado toast,regular,2,9.5,19,card,yes
ORD-50534,2025-02-09,7,Riverside,Coffee,Latte,small,2,4.25,8.5,mobile,yes
ORD-50535,2025-02-09,7,Downtown,Coffee,Flat white,small,1,4,4,cash,no
ORD-50536,2025-02-09,8,Airport,Bakery,Cinnamon roll,regular,1,5.25,5.25,mobile,no
ORD-50537,2025-02-09,8,Riverside,Bakery,Croissant,regular,1,3.75,3.75,card,yes
ORD-50538,2025-02-09,8,Airport,Coffee,Americano,large,1,5,5,mobile,yes
ORD-50539,2025-02-09,8,Riverside,Coffee,Latte,medium,2,4.75,9.5,mobile,no
ORD-50540,2025-02-09,8,Downtown,Coffee,Latte,medium,1,4.75,4.75,card,yes
ORD-50541,2025-02-09,9,Downtown,Coffee,Espresso,small,1,2.5,2.5,card,yes
ORD-50542,2025-02-09,9,Airport,Tea,Chai latte,small,1,5,5,cash,no
ORD-50543,2025-02-09,10,Airport,Tea,Earl grey,medium,1,4,4,mobile,yes
ORD-50544,2025-02-09,11,Riverside,Tea,Chai latte,large,3,5.5,16.5,card,yes
ORD-50545,2025-02-09,13,Airport,Tea,Chai latte,medium,1,5.5,5.5,card,no
ORD-50546,2025-02-09,13,Airport,Tea,Earl grey,small,1,3.5,3.5,card,no
ORD-50547,2025-02-09,14,Downtown,Coffee,Cappuccino,medium,1,4.5,4.5,card,yes
ORD-50548,2025-02-09,15,Airport,Coffee,Latte,medium,1,5.5,5.5,mobile,no
ORD-50549,2025-02-09,16,Downtown,Coffee,Espresso,large,1,3.75,3.75,card,no
ORD-50550,2025-02-10,6,Airport,Coffee,Cold brew,large,1,6.5,6.5,card,yes
ORD-50551,2025-02-10,6,Downtown,Tea,Chai latte,medium,1,4.75,4.75,card,yes
ORD-50552,2025-02-10,7,Airport,Tea,Matcha latte,medium,1,6.25,6.25,card,yes
ORD-50553,2025-02-10,7,Downtown,Coffee,Flat white,medium,2,4.5,9,card,yes
ORD-50554,2025-02-10,7,Riverside,Coffee,Cold brew,small,1,4.5,4.5,card,no
ORD-50555,2025-02-10,8,Airport,Bakery,Cinnamon roll,regular,2,5.25,10.5,mobile,no
ORD-50556,2025-02-10,8,Downtown,Bakery,Cinnamon roll,regular,2,4.5,9,mobile,no
ORD-50557,2025-02-10,9,Riverside,Coffee,Cold brew,medium,1,5,5,card,no
ORD-50558,2025-02-10,10,Downtown,Coffee,Flat white,medium,1,4.5,4.5,mobile,no
ORD-50559,2025-02-10,10,Downtown,Coffee,Cold brew,medium,1,5,5,card,yes
ORD-50560,2025-02-10,12,Airport,Coffee,Flat white,medium,1,5.25,5.25,card,yes
ORD-50561,2025-02-10,12,Riverside,Coffee,Latte,medium,1,4.75,4.75,card,no
ORD-50562,2025-02-10,12,Downtown,Food,Breakfast sandwich,regular,2,8.75,17.5,mobile,no
ORD-50563,2025-02-10,13,Airport,Food,Granola bowl,regular,1,8.25,8.25,mobile,no
ORD-50564,2025-02-10,15,Downtown,Bakery,Croissant,regular,1,3.75,3.75,mobile,no
ORD-50565,2025-02-10,16,Riverside,Coffee,Latte,medium,1,4.75,4.75,cash,no
ORD-50566,2025-02-10,16,Downtown,Coffee,Americano,small,1,3,3,mobile,no
ORD-50567,2025-02-10,17,Riverside,Coffee,Americano,medium,1,3.5,3.5,card,no
ORD-50568,2025-02-11,7,Downtown,Coffee,Cappuccino,small,1,4,4,card,no
ORD-50569,2025-02-11,7,Downtown,Tea,Chai latte,small,1,4.25,4.25,mobile,no
ORD-50570,2025-02-11,7,Downtown,Bakery,Banana bread,regular,1,4,4,card,no
ORD-50571,2025-02-11,7,Downtown,Coffee,Cappuccino,medium,2,4.5,9,card,yes
ORD-50572,2025-02-11,8,Riverside,Coffee,Flat white,small,1,4,4,card,no
ORD-50573,2025-02-11,8,Riverside,Bakery,Croissant,regular,1,3.75,3.75,card,no
ORD-50574,2025-02-11,9,Downtown,Coffee,Espresso,large,1,3.75,3.75,card,yes
ORD-50575,2025-02-11,9,Downtown,Coffee,Flat white,medium,1,4.5,4.5,card,no
ORD-50576,2025-02-11,9,Downtown,Coffee,Latte,medium,2,4.75,9.5,cash,yes
ORD-50577,2025-02-11,10,Downtown,Bakery,Croissant,regular,1,3.75,3.75,card,no
ORD-50578,2025-02-11,12,Riverside,Coffee,Cold brew,small,2,4.5,9,mobile,yes
ORD-50579,2025-02-11,12,Downtown,Coffee,Flat white,large,4,5.25,21,card,no
ORD-50580,2025-02-11,12,Downtown,Coffee,Latte,medium,1,4.75,4.75,card,no
ORD-50581,2025-02-11,12,Downtown,Coffee,Cappuccino,medium,1,4.5,4.5,card,yes
ORD-50582,2025-02-11,13,Airport,Coffee,Latte,small,1,5,5,card,no
ORD-50583,2025-02-11,15,Riverside,Tea,Chai latte,medium,1,4.75,4.75,card,yes
ORD-50584,2025-02-11,15,Downtown,Bakery,Cinnamon roll,regular,3,4.5,13.5,card,yes
ORD-50585,2025-02-11,16,Downtown,Bakery,Croissant,regular,1,3.75,3.75,card,no
ORD-50586,2025-02-11,16,Riverside,Coffee,Flat white,small,1,4,4,card,no
ORD-50587,2025-02-11,16,Downtown,Coffee,Latte,large,1,5.5,5.5,mobile,no
ORD-50588,2025-02-12,7,Riverside,Coffee,Americano,medium,1,3.5,3.5,mobile,no
ORD-50589,2025-02-12,8,Downtown,Coffee,Latte,medium,1,4.75,4.75,card,yes
ORD-50590,2025-02-12,8,Riverside,Coffee,Americano,small,1,3,3,mobile,no
ORD-50591,2025-02-12,9,Riverside,Coffee,Flat white,medium,1,4.5,4.5,card,no
ORD-50592,2025-02-12,9,Downtown,Bakery,Banana bread,regular,1,4,4,card,no
ORD-50593,2025-02-12,9,Riverside,Tea,Chai latte,medium,1,4.75,4.75,mobile,no
ORD-50594,2025-02-12,10,Riverside,Coffee,Flat white,large,1,5.25,5.25,mobile,yes
ORD-50595,2025-02-12,10,Airport,Coffee,Cappuccino,small,1,4.75,4.75,card,no
ORD-50596,2025-02-12,12,Riverside,Tea,Chai latte,large,1,5.5,5.5,card,no
ORD-50597,2025-02-12,12,Riverside,Tea,Matcha latte,medium,1,5.5,5.5,card,no
ORD-50598,2025-02-12,13,Riverside,Coffee,Latte,large,1,5.5,5.5,card,no
ORD-50599,2025-02-12,13,Downtown,Food,Breakfast sandwich,regular,2,8.75,17.5,mobile,yes
ORD-50600,2025-02-12,15,Airport,Tea,Matcha latte,small,2,5.75,11.5,mobile,yes
ORD-50601,2025-02-12,15,Airport,Bakery,Croissant,regular,1,4.5,4.5,mobile,yes
ORD-50602,2025-02-12,15,Downtown,Coffee,Espresso,small,1,2.5,2.5,mobile,yes
ORD-50603,2025-02-12,15,Downtown,Food,Avocado toast,regular,1,9.5,9.5,card,no
ORD-50604,2025-02-12,16,Downtown,Coffee,Cold brew,small,1,4.5,4.5,card,no
ORD-50605,2025-02-12,16,Downtown,Food,Breakfast sandwich,regular,1,8.75,8.75,mobile,no
ORD-50606,2025-02-12,16,Airport,Tea,Chai latte,medium,1,5.5,5.5,card,no
ORD-50607,2025-02-13,6,Downtown,Tea,Chai latte,small,1,4.25,4.25,card,no
ORD-50608,2025-02-13,8,Airport,Coffee,Latte,medium,1,5.5,5.5,card,no
ORD-50609,2025-02-13,8,Riverside,Coffee,Americano,medium,1,3.5,3.5,card,yes
ORD-50610,2025-02-13,8,Airport,Tea,Chai latte,medium,1,5.5,5.5,mobile,yes
ORD-50611,2025-02-13,9,Downtown,Coffee,Cold brew,small,1,4.5,4.5,mobile,no
ORD-50612,2025-02-13,10,Airport,Bakery,Croissant,regular,1,4.5,4.5,card,no
ORD-50613,2025-02-13,11,Downtown,Tea,Chai latte,small,1,4.25,4.25,card,no
ORD-50614,2025-02-13,12,Downtown,Food,Breakfast sandwich,regular,1,8.75,8.75,card,no
ORD-50615,2025-02-13,12,Downtown,Food,Breakfast sandwich,regular,1,8.75,8.75,card,no
ORD-50616,2025-02-13,13,Downtown,Food,Avocado toast,regular,3,9.5,28.5,card,no
ORD-50617,2025-02-13,13,Riverside,Coffee,Americano,medium,3,3.5,10.5,cash,yes
ORD-50618,2025-02-13,13,Downtown,Coffee,Americano,small,1,3,3,card,no
ORD-50619,2025-02-13,13,Downtown,Bakery,Cinnamon roll,regular,1,4.5,4.5,mobile,no
ORD-50620,2025-02-13,18,Downtown,Tea,Chai latte,large,1,5.5,5.5,mobile,no
ORD-50621,2025-02-14,6,Riverside,Coffee,Americano,medium,1,3.5,3.5,cash,no
ORD-50622,2025-02-14,7,Downtown,Food,Breakfast sandwich,regular,1,8.75,8.75,mobile,yes
ORD-50623,2025-02-14,7,Airport,Coffee,Flat white,medium,1,5.25,5.25,card,yes
ORD-50624,2025-02-14,8,Riverside,Bakery,Banana bread,regular,1,4,4,card,no
ORD-50625,2025-02-14,9,Riverside,Coffee,Flat white,large,1,5.25,5.25,mobile,no
ORD-50626,2025-02-14,10,Airport,Food,Granola bowl,regular,1,8.25,8.25,card,no
ORD-50627,2025-02-14,11,Downtown,Food,Granola bowl,regular,1,7.5,7.5,mobile,no
ORD-50628,2025-02-14,11,Downtown,Bakery,Cinnamon roll,regular,2,4.5,9,cash,yes
ORD-50629,2025-02-14,12,Downtown,Food,Granola bowl,regular,1,7.5,7.5,card,no
ORD-50630,2025-02-14,14,Downtown,Coffee,Espresso,medium,1,3,3,mobile,no
ORD-50631,2025-02-14,14,Downtown,Food,Breakfast sandwich,regular,1,8.75,8.75,card,no
ORD-50632,2025-02-14,16,Downtown,Coffee,Flat white,small,1,4,4,card,no
ORD-50633,2025-02-14,16,Airport,Coffee,Latte,medium,1,5.5,5.5,mobile,no
ORD-50634,2025-02-14,16,Riverside,Coffee,Flat white,small,1,4,4,card,yes
ORD-50635,2025-02-14,18,Airport,Tea,Matcha latte,large,1,7,7,card,yes
ORD-50636,2025-02-15,8,Downtown,Coffee,Cappuccino,small,2,4,8,mobile,yes
ORD-50637,2025-02-15,9,Downtown,Food,Breakfast sandwich,regular,1,8.75,8.75,card,yes
ORD-50638,2025-02-15,9,Downtown,Bakery,Cinnamon roll,regular,1,4.5,4.5,mobile,yes
ORD-50639,2025-02-15,9,Downtown,Coffee,Flat white,medium,1,4.5,4.5,cash,yes
ORD-50640,2025-02-15,10,Riverside,Coffee,Flat white,medium,1,4.5,4.5,card,no
ORD-50641,2025-02-15,11,Airport,Food,Avocado toast,regular,1,10.25,10.25,mobile,no
ORD-50642,2025-02-15,11,Riverside,Food,Breakfast sandwich,regular,3,8.75,26.25,card,yes
ORD-50643,2025-02-15,12,Riverside,Coffee,Flat white,small,1,4,4,card,no
ORD-50644,2025-02-15,13,Downtown,Coffee,Cappuccino,small,1,4,4,cash,no
ORD-50645,2025-02-15,14,Riverside,Coffee,Latte,small,2,4.25,8.5,card,no
ORD-50646,2025-02-15,17,Airport,Coffee,Latte,medium,1,5.5,5.5,card,no
ORD-50647,2025-02-16,6,Riverside,Coffee,Cold brew,small,1,4.5,4.5,card,yes
ORD-50648,2025-02-16,7,Airport,Coffee,Cold brew,medium,1,5.75,5.75,card,no
ORD-50649,2025-02-16,7,Riverside,Bakery,Croissant,regular,1,3.75,3.75,card,no
ORD-50650,2025-02-16,7,Downtown,Tea,Earl grey,medium,1,3.25,3.25,card,no
ORD-50651,2025-02-16,8,Downtown,Coffee,Cappuccino,medium,1,4.5,4.5,mobile,no
ORD-50652,2025-02-16,8,Airport,Coffee,Americano,medium,2,4.25,8.5,cash,yes
ORD-50653,2025-02-16,8,Downtown,Bakery,Banana bread,regular,2,4,8,mobile,no
ORD-50654,2025-02-16,9,Riverside,Food,Granola bowl,regular,1,7.5,7.5,card,yes
ORD-50655,2025-02-16,10,Downtown,Coffee,Latte,small,1,4.25,4.25,card,yes
ORD-50656,2025-02-16,11,Downtown,Food,Granola bowl,regular,1,7.5,7.5,mobile,yes
ORD-50657,2025-02-16,12,Downtown,Bakery,Cinnamon roll,regular,1,4.5,4.5,card,yes
ORD-50658,2025-02-16,14,Airport,Tea,Earl grey,small,1,3.5,3.5,cash,no
ORD-50659,2025-02-16,14,Airport,Food,Avocado toast,regular,1,10.25,10.25,card,no
ORD-50660,2025-02-16,15,Airport,Coffee,Americano,large,1,5,5,card,yes
ORD-50661,2025-02-16,17,Riverside,Coffee,Cold brew,medium,1,5,5,mobile,no
ORD-50662,2025-02-16,17,Downtown,Coffee,Flat white,large,1,5.25,5.25,cash,no
ORD-50663,2025-02-16,18,Riverside,Coffee,Flat white,medium,1,4.5,4.5,mobile,no
ORD-50664,2025-02-17,7,Riverside,Bakery,Cinnamon roll,regular,2,4.5,9,card,no
ORD-50665,2025-02-17,7,Downtown,Food,Granola bowl,regular,3,7.5,22.5,card,yes
ORD-50666,2025-02-17,7,Downtown,Coffee,Espresso,medium,1,3,3,mobile,yes
ORD-50667,2025-02-17,7,Riverside,Coffee,Latte,small,1,4.25,4.25,mobile,yes
ORD-50668,2025-02-17,7,Airport,Coffee,Americano,small,1,3.75,3.75,card,yes
ORD-50669,2025-02-17,8,Riverside,Coffee,Americano,medium,1,3.5,3.5,card,no
ORD-50670,2025-02-17,8,Airport,Coffee,Cappuccino,large,1,6,6,card,yes
ORD-50671,2025-02-17,8,Airport,Tea,Chai latte,medium,2,5.5,11,mobile,no
ORD-50672,2025-02-17,8,Downtown,Coffee,Flat white,medium,1,4.5,4.5,card,yes
ORD-50673,2025-02-17,9,Airport,Bakery,Banana bread,regular,3,4.75,14.25,mobile,no
ORD-50674,2025-02-17,9,Riverside,Coffee,Flat white,medium,1,4.5,4.5,mobile,no
ORD-50675,2025-02-17,13,Airport,Coffee,Flat white,small,1,4.75,4.75,mobile,yes
ORD-50676,2025-02-17,18,Airport,Coffee,Latte,medium,2,5.5,11,card,no
ORD-50677,2025-02-18,6,Downtown,Coffee,Espresso,small,1,2.5,2.5,card,yes
ORD-50678,2025-02-18,7,Downtown,Coffee,Cold brew,small,1,4.5,4.5,mobile,no
ORD-50679,2025-02-18,8,Airport,Coffee,Americano,small,2,3.75,7.5,cash,yes
ORD-50680,2025-02-18,9,Downtown,Coffee,Americano,large,1,4.25,4.25,mobile,yes
ORD-50681,2025-02-18,9,Downtown,Food,Avocado toast,regular,1,9.5,9.5,card,yes
ORD-50682,2025-02-18,9,Airport,Bakery,Croissant,regular,2,4.5,9,card,yes
ORD-50683,2025-02-18,10,Riverside,Coffee,Latte,small,1,4.25,4.25,card,no
ORD-50684,2025-02-18,11,Downtown,Coffee,Latte,medium,1,4.75,4.75,card,yes
ORD-50685,2025-02-18,11,Airport,Food,Breakfast sandwich,regular,1,9.5,9.5,card,no
ORD-50686,2025-02-18,12,Downtown,Bakery,Banana bread,regular,1,4,4,mobile,no
ORD-50687,2025-02-18,12,Downtown,Bakery,Cinnamon roll,regular,1,4.5,4.5,card,no
ORD-50688,2025-02-18,13,Downtown,Bakery,Cinnamon roll,regular,2,4.5,9,cash,yes
ORD-50689,2025-02-18,13,Downtown,Bakery,Banana bread,regular,1,4,4,mobile,no
ORD-50690,2025-02-18,13,Downtown,Food,Granola bowl,regular,2,7.5,15,card,yes
ORD-50691,2025-02-18,17,Riverside,Coffee,Latte,medium,1,4.75,4.75,card,no
ORD-50692,2025-02-19,6,Riverside,Coffee,Espresso,small,1,2.5,2.5,card,no
ORD-50693,2025-02-19,7,Downtown,Bakery,Banana bread,regular,1,4,4,mobile,yes
ORD-50694,2025-02-19,8,Downtown,Tea,Chai latte,small,1,4.25,4.25,card,no
ORD-50695,2025-02-19,8,Airport,Coffee,Latte,small,2,5,10,card,no
ORD-50696,2025-02-19,8,Downtown,Food,Granola bowl,regular,1,7.5,7.5,card,no
ORD-50697,2025-02-19,8,Riverside,Tea,Matcha latte,small,1,5,5,mobile,no
ORD-50698,2025-02-19,9,Downtown,Coffee,Latte,medium,1,4.75,4.75,mobile,no
ORD-50699,2025-02-19,9,Downtown,Food,Avocado toast,regular,2,9.5,19,cash,no
ORD-50700,2025-02-19,9,Airport,Coffee,Cold brew,small,2,5.25,10.5,card,no
ORD-50701,2025-02-19,9,Riverside,Coffee,Flat white,medium,1,4.5,4.5,card,yes
ORD-50702,2025-02-19,10,Downtown,Coffee,Latte,large,1,5.5,5.5,mobile,yes
ORD-50703,2025-02-19,10,Airport,Bakery,Banana bread,regular,2,4.75,9.5,card,yes
ORD-50704,2025-02-19,11,Riverside,Coffee,Cappuccino,small,1,4,4,card,no
ORD-50705,2025-02-19,11,Airport,Bakery,Croissant,regular,1,4.5,4.5,card,no
ORD-50706,2025-02-19,13,Downtown,Food,Granola bowl,regular,1,7.5,7.5,cash,no
ORD-50707,2025-02-19,15,Airport,Bakery,Croissant,regular,1,4.5,4.5,mobile,no
ORD-50708,2025-02-19,17,Riverside,Coffee,Cappuccino,medium,1,4.5,4.5,mobile,yes
ORD-50709,2025-02-19,17,Downtown,Coffee,Latte,small,1,4.25,4.25,mobile,yes
ORD-50710,2025-02-19,18,Downtown,Tea,Earl grey,small,1,2.75,2.75,mobile,no
ORD-50711,2025-02-20,6,Riverside,Coffee,Flat white,medium,2,4.5,9,mobile,no
ORD-50712,2025-02-20,7,Riverside,Coffee,Flat white,medium,1,4.5,4.5,card,no
ORD-50713,2025-02-20,7,Downtown,Coffee,Latte,medium,2,4.75,9.5,mobile,yes
ORD-50714,2025-02-20,7,Riverside,Coffee,Americano,large,1,4.25,4.25,mobile,no
ORD-50715,2025-02-20,7,Riverside,Coffee,Cappuccino,medium,1,4.5,4.5,mobile,yes
ORD-50716,2025-02-20,7,Downtown,Bakery,Cinnamon roll,regular,1,4.5,4.5,card,yes
ORD-50717,2025-02-20,7,Riverside,Bakery,Cinnamon roll,regular,1,4.5,4.5,card,no
ORD-50718,2025-02-20,8,Downtown,Coffee,Cappuccino,small,1,4,4,mobile,yes
ORD-50719,2025-02-20,8,Downtown,Coffee,Cold brew,large,1,5.75,5.75,card,yes
ORD-50720,2025-02-20,9,Riverside,Food,Granola bowl,regular,1,7.5,7.5,card,yes
ORD-50721,2025-02-20,9,Airport,Coffee,Cappuccino,small,3,4.75,14.25,card,no
ORD-50722,2025-02-20,9,Airport,Coffee,Espresso,large,1,4.5,4.5,card,no
ORD-50723,2025-02-20,10,Downtown,Coffee,Latte,small,1,4.25,4.25,card,no
ORD-50724,2025-02-20,10,Riverside,Coffee,Latte,small,1,4.25,4.25,card,yes
ORD-50725,2025-02-20,11,Downtown,Coffee,Flat white,small,1,4,4,card,no
ORD-50726,2025-02-20,12,Airport,Tea,Matcha latte,small,1,5.75,5.75,mobile,no
ORD-50727,2025-02-20,12,Riverside,Coffee,Cappuccino,large,1,5.25,5.25,card,yes
ORD-50728,2025-02-20,12,Riverside,Food,Breakfast sandwich,regular,1,8.75,8.75,card,no
ORD-50729,2025-02-20,13,Airport,Coffee,Latte,medium,1,5.5,5.5,card,no
ORD-50730,2025-02-20,13,Airport,Food,Breakfast sandwich,regular,1,9.5,9.5,mobile,no
ORD-50731,2025-02-20,14,Airport,Coffee,Cold brew,medium,1,5.75,5.75,card,no
ORD-50732,2025-02-20,16,Riverside,Coffee,Americano,small,1,3,3,mobile,yes
ORD-50733,2025-02-21,6,Riverside,Food,Breakfast sandwich,regular,1,8.75,8.75,mobile,yes
ORD-50734,2025-02-21,7,Downtown,Coffee,Flat white,small,1,4,4,card,yes
ORD-50735,2025-02-21,7,Downtown,Bakery,Croissant,regular,1,3.75,3.75,mobile,yes
ORD-50736,2025-02-21,7,Riverside,Coffee,Flat white,large,1,5.25,5.25,card,no
ORD-50737,2025-02-21,7,Riverside,Bakery,Banana bread,regular,1,4,4,card,no
ORD-50738,2025-02-21,8,Downtown,Coffee,Cappuccino,medium,1,4.5,4.5,mobile,yes
ORD-50739,2025-02-21,8,Airport,Coffee,Espresso,small,1,3.25,3.25,card,yes
ORD-50740,2025-02-21,9,Downtown,Coffee,Americano,small,1,3,3,mobile,no
ORD-50741,2025-02-21,10,Downtown,Tea,Earl grey,medium,1,3.25,3.25,card,no
ORD-50742,2025-02-21,11,Downtown,Food,Granola bowl,regular,2,7.5,15,cash,no
ORD-50743,2025-02-21,11,Airport,Bakery,Banana bread,regular,2,4.75,9.5,mobile,no
ORD-50744,2025-02-21,12,Riverside,Coffee,Cold brew,large,1,5.75,5.75,card,no
ORD-50745,2025-02-21,15,Riverside,Coffee,Cold brew,medium,1,5,5,card,no
ORD-50746,2025-02-21,15,Airport,Tea,Matcha latte,medium,1,6.25,6.25,card,no
ORD-50747,2025-02-21,17,Riverside,Coffee,Flat white,large,1,5.25,5.25,card,yes
ORD-50748,2025-02-22,6,Airport,Coffee,Latte,large,1,6.25,6.25,mobile,no
ORD-50749,2025-02-22,8,Downtown,Food,Breakfast sandwich,regular,1,8.75,8.75,card,no
ORD-50750,2025-02-22,8,Downtown,Coffee,Latte,medium,3,4.75,14.25,card,no
ORD-50751,2025-02-22,9,Airport,Coffee,Latte,small,1,5,5,card,yes
ORD-50752,2025-02-22,11,Airport,Bakery,Banana bread,regular,2,4.75,9.5,card,no
ORD-50753,2025-02-22,11,Riverside,Coffee,Cappuccino,small,1,4,4,card,no
ORD-50754,2025-02-22,12,Airport,Coffee,Flat white,large,1,6,6,card,yes
ORD-50755,2025-02-22,12,Riverside,Coffee,Flat white,small,1,4,4,card,no
ORD-50756,2025-02-22,12,Airport,Food,Breakfast sandwich,regular,1,9.5,9.5,cash,yes
ORD-50757,2025-02-22,13,Downtown,Coffee,Latte,medium,2,4.75,9.5,mobile,yes
ORD-50758,2025-02-22,13,Airport,Coffee,Flat white,medium,1,5.25,5.25,card,yes
ORD-50759,2025-02-22,15,Riverside,Food,Avocado toast,regular,2,9.5,19,card,no
ORD-50760,2025-02-23,7,Riverside,Coffee,Flat white,small,1,4,4,card,no
ORD-50761,2025-02-23,7,Airport,Coffee,Flat white,medium,1,5.25,5.25,card,no
ORD-50762,2025-02-23,7,Riverside,Coffee,Flat white,large,1,5.25,5.25,card,yes
ORD-50763,2025-02-23,8,Airport,Tea,Chai latte,small,1,5,5,mobile,no
ORD-50764,2025-02-23,8,Downtown,Food,Avocado toast,regular,1,9.5,9.5,mobile,no
ORD-50765,2025-02-23,8,Riverside,Bakery,Cinnamon roll,regular,1,4.5,4.5,card,no
ORD-50766,2025-02-23,8,Downtown,Tea,Earl grey,small,1,2.75,2.75,card,no
ORD-50767,2025-02-23,8,Downtown,Tea,Chai latte,small,1,4.25,4.25,mobile,no
ORD-50768,2025-02-23,9,Riverside,Coffee,Latte,medium,1,4.75,4.75,cash,yes
ORD-50769,2025-02-23,9,Downtown,Coffee,Espresso,small,1,2.5,2.5,card,no
ORD-50770,2025-02-23,9,Riverside,Coffee,Latte,medium,1,4.75,4.75,mobile,no
ORD-50771,2025-02-23,10,Riverside,Coffee,Cappuccino,small,1,4,4,mobile,no
ORD-50772,2025-02-23,11,Downtown,Coffee,Americano,large,1,4.25,4.25,card,yes
ORD-50773,2025-02-23,12,Downtown,Coffee,Cappuccino,small,2,4,8,mobile,no
ORD-50774,2025-02-23,12,Airport,Bakery,Cinnamon roll,regular,1,5.25,5.25,card,no
ORD-50775,2025-02-23,12,Downtown,Coffee,Latte,large,1,5.5,5.5,card,no
ORD-50776,2025-02-23,13,Downtown,Bakery,Croissant,regular,3,3.75,11.25,mobile,no
ORD-50777,2025-02-23,15,Airport,Bakery,Cinnamon roll,regular,1,5.25,5.25,card,yes
ORD-50778,2025-02-23,15,Airport,Coffee,Flat white,large,1,6,6,cash,no
ORD-50779,2025-02-24,6,Riverside,Coffee,Americano,medium,1,3.5,3.5,mobile,yes
ORD-50780,2025-02-24,7,Riverside,Bakery,Cinnamon roll,regular,1,4.5,4.5,mobile,yes
ORD-50781,2025-02-24,7,Airport,Coffee,Cold brew,medium,1,5.75,5.75,card,yes
ORD-50782,2025-02-24,7,Downtown,Coffee,Flat white,small,2,4,8,card,no
ORD-50783,2025-02-24,7,Airport,Tea,Earl grey,small,1,3.5,3.5,card,no
ORD-50784,2025-02-24,7,Airport,Coffee,Americano,large,1,5,5,card,no
ORD-50785,2025-02-24,8,Downtown,Bakery,Banana bread,regular,1,4,4,card,yes
ORD-50786,2025-02-24,8,Downtown,Coffee,Cold brew,medium,2,5,10,mobile,yes
ORD-50787,2025-02-24,9,Downtown,Coffee,Americano,medium,1,3.5,3.5,card,yes
ORD-50788,2025-02-24,9,Downtown,Coffee,Latte,medium,1,4.75,4.75,card,no
ORD-50789,2025-02-24,9,Riverside,Food,Breakfast sandwich,regular,1,8.75,8.75,mobile,yes
ORD-50790,2025-02-24,10,Airport,Tea,Chai latte,small,1,5,5,card,no
ORD-50791,2025-02-24,10,Riverside,Tea,Matcha latte,small,1,5,5,mobile,no
ORD-50792,2025-02-24,11,Downtown,Coffee,Cappuccino,medium,2,4.5,9,card,yes
ORD-50793,2025-02-24,12,Riverside,Tea,Chai latte,medium,1,4.75,4.75,card,no
ORD-50794,2025-02-24,12,Airport,Coffee,Flat white,large,1,6,6,card,yes
ORD-50795,2025-02-24,12,Riverside,Coffee,Americano,medium,1,3.5,3.5,mobile,no
ORD-50796,2025-02-24,12,Riverside,Coffee,Flat white,large,1,5.25,5.25,card,no
ORD-50797,2025-02-24,12,Downtown,Tea,Matcha latte,medium,1,5.5,5.5,mobile,yes
ORD-50798,2025-02-24,15,Riverside,Coffee,Flat white,large,1,5.25,5.25,cash,no
ORD-50799,2025-02-25,6,Airport,Coffee,Flat white,large,1,6,6,card,no
ORD-50800,2025-02-25,7,Riverside,Coffee,Americano,small,1,3,3,card,no
ORD-50801,2025-02-25,8,Riverside,Bakery,Croissant,regular,1,3.75,3.75,mobile,no
ORD-50802,2025-02-25,10,Airport,Coffee,Espresso,small,1,3.25,3.25,card,no
ORD-50803,2025-02-25,10,Riverside,Coffee,Flat white,medium,1,4.5,4.5,card,no
ORD-50804,2025-02-25,11,Airport,Food,Avocado toast,regular,1,10.25,10.25,mobile,no
ORD-50805,2025-02-25,12,Downtown,Coffee,Flat white,medium,1,4.5,4.5,card,no
ORD-50806,2025-02-25,12,Riverside,Food,Granola bowl,regular,1,7.5,7.5,card,no
ORD-50807,2025-02-25,12,Downtown,Coffee,Cappuccino,large,4,5.25,21,cash,no
ORD-50808,2025-02-25,12,Riverside,Coffee,Latte,medium,1,4.75,4.75,mobile,yes
ORD-50809,2025-02-25,13,Riverside,Bakery,Croissant,regular,1,3.75,3.75,card,no
ORD-50810,2025-02-25,13,Riverside,Coffee,Flat white,medium,1,4.5,4.5,card,no
ORD-50811,2025-02-25,13,Riverside,Food,Breakfast sandwich,regular,1,8.75,8.75,card,yes
ORD-50812,2025-02-25,14,Downtown,Bakery,Croissant,regular,1,3.75,3.75,card,no
ORD-50813,2025-02-25,15,Downtown,Coffee,Latte,large,1,5.5,5.5,mobile,no
ORD-50814,2025-02-25,17,Downtown,Bakery,Croissant,regular,2,3.75,7.5,card,yes
ORD-50815,2025-02-25,17,Riverside,Food,Granola bowl,regular,1,7.5,7.5,card,yes
ORD-50816,2025-02-26,7,Downtown,Tea,Earl grey,medium,1,3.25,3.25,card,yes
ORD-50817,2025-02-26,7,Riverside,Bakery,Banana bread,regular,1,4,4,card,yes
ORD-50818,2025-02-26,8,Downtown,Coffee,Latte,large,1,5.5,5.5,card,no
ORD-50819,2025-02-26,9,Riverside,Food,Avocado toast,regular,1,9.5,9.5,cash,no
ORD-50820,2025-02-26,9,Riverside,Coffee,Cappuccino,medium,2,4.5,9,card,no
ORD-50821,2025-02-26,9,Downtown,Tea,Chai latte,medium,1,4.75,4.75,mobile,no
ORD-50822,2025-02-26,9,Downtown,Food,Breakfast sandwich,regular,1,8.75,8.75,mobile,no
ORD-50823,2025-02-26,10,Riverside,Tea,Matcha latte,small,1,5,5,card,yes
ORD-50824,2025-02-26,10,Riverside,Coffee,Americano,medium,1,3.5,3.5,card,no
ORD-50825,2025-02-26,11,Downtown,Coffee,Espresso,large,1,3.75,3.75,card,yes
ORD-50826,2025-02-26,12,Downtown,Bakery,Croissant,regular,1,3.75,3.75,mobile,no
ORD-50827,2025-02-26,12,Downtown,Coffee,Flat white,small,1,4,4,card,no
ORD-50828,2025-02-26,13,Riverside,Tea,Earl grey,large,1,4,4,card,no
ORD-50829,2025-02-26,14,Riverside,Tea,Chai latte,medium,1,4.75,4.75,card,yes
ORD-50830,2025-02-26,18,Downtown,Coffee,Flat white,medium,1,4.5,4.5,card,yes
ORD-50831,2025-02-27,6,Airport,Bakery,Cinnamon roll,regular,2,5.25,10.5,mobile,yes
ORD-50832,2025-02-27,6,Downtown,Coffee,Cappuccino,medium,1,4.5,4.5,mobile,no
ORD-50833,2025-02-27,7,Airport,Food,Breakfast sandwich,regular,1,9.5,9.5,card,no
ORD-50834,2025-02-27,7,Downtown,Coffee,Flat white,large,1,5.25,5.25,card,no
ORD-50835,2025-02-27,8,Riverside,Tea,Matcha latte,large,2,6.25,12.5,mobile,no
ORD-50836,2025-02-27,9,Riverside,Coffee,Latte,medium,1,4.75,4.75,card,no
ORD-50837,2025-02-27,10,Riverside,Food,Avocado toast,regular,1,9.5,9.5,card,yes
ORD-50838,2025-02-27,12,Riverside,Coffee,Flat white,small,1,4,4,card,yes
ORD-50839,2025-02-27,12,Riverside,Tea,Earl grey,medium,1,3.25,3.25,card,yes
ORD-50840,2025-02-27,13,Riverside,Coffee,Cold brew,medium,1,5,5,card,no
ORD-50841,2025-02-27,13,Downtown,Coffee,Cappuccino,large,1,5.25,5.25,card,no
ORD-50842,2025-02-27,13,Downtown,Coffee,Flat white,medium,1,4.5,4.5,card,no
ORD-50843,2025-02-27,13,Downtown,Bakery,Cinnamon roll,regular,1,4.5,4.5,mobile,yes
ORD-50844,2025-02-27,14,Airport,Bakery,Croissant,regular,2,4.5,9,card,yes
ORD-50845,2025-02-27,14,Downtown,Coffee,Flat white,large,1,5.25,5.25,mobile,no
ORD-50846,2025-02-27,14,Riverside,Coffee,Flat white,small,1,4,4,card,no
ORD-50847,2025-02-27,15,Airport,Tea,Earl grey,small,2,3.5,7,card,yes
ORD-50848,2025-02-28,6,Airport,Bakery,Cinnamon roll,regular,1,5.25,5.25,mobile,yes
ORD-50849,2025-02-28,6,Riverside,Coffee,Latte,small,1,4.25,4.25,card,yes
ORD-50850,2025-02-28,7,Riverside,Coffee,Americano,large,2,4.25,8.5,cash,no
ORD-50851,2025-02-28,8,Riverside,Coffee,Latte,medium,1,4.75,4.75,card,yes
ORD-50852,2025-02-28,8,Riverside,Coffee,Cappuccino,small,1,4,4,card,yes
ORD-50853,2025-02-28,9,Riverside,Food,Granola bowl,regular,2,7.5,15,card,yes
ORD-50854,2025-02-28,11,Riverside,Coffee,Cappuccino,small,3,4,12,card,yes
ORD-50855,2025-02-28,12,Downtown,Coffee,Americano,small,1,3,3,card,yes
ORD-50856,2025-02-28,12,Riverside,Coffee,Latte,medium,1,4.75,4.75,card,yes
ORD-50857,2025-02-28,12,Downtown,Food,Avocado toast,regular,1,9.5,9.5,card,yes
ORD-50858,2025-02-28,13,Riverside,Coffee,Latte,large,1,5.5,5.5,card,no
ORD-50859,2025-02-28,13,Airport,Tea,Matcha latte,large,1,7,7,cash,yes
ORD-50860,2025-02-28,13,Riverside,Food,Granola bowl,regular,2,7.5,15,card,no
ORD-50861,2025-02-28,14,Airport,Coffee,Latte,large,1,6.25,6.25,card,no
ORD-50862,2025-02-28,14,Downtown,Coffee,Latte,small,1,4.25,4.25,card,yes
ORD-50863,2025-02-28,15,Riverside,Bakery,Croissant,regular,2,3.75,7.5,mobile,no
ORD-50864,2025-02-28,15,Downtown,Coffee,Latte,large,2,5.5,11,mobile,no
ORD-50865,2025-02-28,15,Airport,Coffee,Cappuccino,large,1,6,6,card,no
ORD-50866,2025-03-01,6,Downtown,Coffee,Latte,medium,1,4.75,4.75,card,no
ORD-50867,2025-03-01,7,Downtown,Tea,Earl grey,medium,1,3.25,3.25,mobile,no
ORD-50868,2025-03-01,7,Downtown,Coffee,Latte,medium,1,4.75,4.75,card,yes
ORD-50869,2025-03-01,8,Riverside,Bakery,Banana bread,regular,1,4,4,card,yes
ORD-50870,2025-03-01,9,Downtown,Coffee,Cold brew,medium,2,5,10,card,no
ORD-50871,2025-03-01,10,Riverside,Coffee,Flat white,medium,1,4.5,4.5,card,yes
ORD-50872,2025-03-01,11,Riverside,Food,Breakfast sandwich,regular,1,8.75,8.75,card,no
ORD-50873,2025-03-01,11,Downtown,Tea,Chai latte,medium,3,4.75,14.25,card,no
ORD-50874,2025-03-01,11,Riverside,Coffee,Cappuccino,large,2,5.25,10.5,card,no
ORD-50875,2025-03-01,11,Downtown,Bakery,Cinnamon roll,regular,1,4.5,4.5,card,yes
ORD-50876,2025-03-01,12,Airport,Bakery,Croissant,regular,1,4.5,4.5,card,yes
ORD-50877,2025-03-01,13,Downtown,Bakery,Banana bread,regular,1,4,4,card,yes
ORD-50878,2025-03-01,15,Airport,Coffee,Espresso,large,1,4.5,4.5,card,no
ORD-50879,2025-03-01,17,Downtown,Coffee,Cappuccino,small,1,4,4,card,no
ORD-50880,2025-03-01,18,Riverside,Coffee,Flat white,medium,1,4.5,4.5,mobile,yes
ORD-50881,2025-03-02,6,Downtown,Tea,Earl grey,small,1,2.75,2.75,card,no
ORD-50882,2025-03-02,6,Downtown,Tea,Chai latte,medium,1,4.75,4.75,mobile,no
ORD-50883,2025-03-02,7,Downtown,Coffee,Latte,large,1,5.5,5.5,mobile,no
ORD-50884,2025-03-02,7,Riverside,Bakery,Croissant,regular,1,3.75,3.75,card,yes
ORD-50885,2025-03-02,7,Downtown,Coffee,Latte,small,2,4.25,8.5,card,no
ORD-50886,2025-03-02,7,Riverside,Bakery,Croissant,regular,1,3.75,3.75,card,no
ORD-50887,2025-03-02,8,Downtown,Coffee,Latte,small,1,4.25,4.25,card,yes
ORD-50888,2025-03-02,8,Airport,Tea,Chai latte,large,2,6.25,12.5,mobile,yes
ORD-50889,2025-03-02,8,Riverside,Coffee,Flat white,large,1,5.25,5.25,card,yes
ORD-50890,2025-03-02,9,Downtown,Bakery,Croissant,regular,1,3.75,3.75,card,yes
ORD-50891,2025-03-02,9,Riverside,Coffee,Espresso,large,1,3.75,3.75,mobile,no
ORD-50892,2025-03-02,9,Riverside,Coffee,Latte,large,1,5.5,5.5,card,yes
ORD-50893,2025-03-02,10,Downtown,Tea,Earl grey,medium,1,3.25,3.25,card,no
ORD-50894,2025-03-02,10,Downtown,Coffee,Latte,medium,1,4.75,4.75,cash,yes
ORD-50895,2025-03-02,11,Downtown,Tea,Chai latte,medium,1,4.75,4.75,mobile,no
ORD-50896,2025-03-02,12,Downtown,Coffee,Americano,medium,2,3.5,7,card,no
ORD-50897,2025-03-02,12,Riverside,Coffee,Flat white,small,1,4,4,card,no
ORD-50898,2025-03-02,13,Riverside,Coffee,Cappuccino,medium,2,4.5,9,card,yes
ORD-50899,2025-03-02,15,Downtown,Coffee,Flat white,small,1,4,4,card,yes
ORD-50900,2025-03-02,16,Downtown,Food,Breakfast sandwich,regular,1,8.75,8.75,card,no
ORD-50901,2025-03-02,16,Airport,Coffee,Flat white,medium,1,5.25,5.25,card,no
ORD-50902,2025-03-03,6,Downtown,Coffee,Flat white,large,2,5.25,10.5,card,yes
ORD-50903,2025-03-03,7,Downtown,Coffee,Flat white,small,1,4,4,card,no
ORD-50904,2025-03-03,8,Airport,Coffee,Americano,medium,1,4.25,4.25,card,no
ORD-50905,2025-03-03,8,Downtown,Coffee,Cappuccino,medium,1,4.5,4.5,card,no
ORD-50906,2025-03-03,8,Downtown,Coffee,Latte,medium,3,4.75,14.25,mobile,no
ORD-50907,2025-03-03,10,Downtown,Bakery,Cinnamon roll,regular,1,4.5,4.5,card,no
ORD-50908,2025-03-03,10,Downtown,Coffee,Cappuccino,large,1,5.25,5.25,card,no
ORD-50909,2025-03-03,11,Downtown,Coffee,Cold brew,small,1,4.5,4.5,card,no
ORD-50910,2025-03-03,11,Downtown,Food,Granola bowl,regular,1,7.5,7.5,card,no
ORD-50911,2025-03-03,12,Riverside,Coffee,Latte,small,1,4.25,4.25,card,no
ORD-50912,2025-03-03,12,Downtown,Food,Granola bowl,regular,2,7.5,15,card,no
ORD-50913,2025-03-03,12,Downtown,Food,Granola bowl,regular,1,7.5,7.5,cash,no
ORD-50914,2025-03-03,12,Airport,Coffee,Latte,large,2,6.25,12.5,card,yes
ORD-50915,2025-03-03,13,Airport,Food,Avocado toast,regular,1,10.25,10.25,card,yes
ORD-50916,2025-03-03,13,Downtown,Coffee,Flat white,medium,2,4.5,9,card,yes
ORD-50917,2025-03-03,14,Riverside,Tea,Chai latte,medium,1,4.75,4.75,card,yes
ORD-50918,2025-03-03,16,Riverside,Tea,Earl grey,medium,1,3.25,3.25,card,yes
ORD-50919,2025-03-04,7,Riverside,Coffee,Flat white,small,1,4,4,mobile,no
ORD-50920,2025-03-04,8,Riverside,Food,Avocado toast,regular,1,9.5,9.5,card,no
ORD-50921,2025-03-04,8,Airport,Tea,Matcha latte,medium,1,6.25,6.25,mobile,no
ORD-50922,2025-03-04,8,Downtown,Coffee,Flat white,medium,1,4.5,4.5,card,no
ORD-50923,2025-03-04,8,Downtown,Coffee,Americano,small,1,3,3,mobile,yes
ORD-50924,2025-03-04,8,Airport,Tea,Chai latte,medium,1,5.5,5.5,mobile,no
ORD-50925,2025-03-04,9,Airport,Food,Avocado toast,regular,1,10.25,10.25,card,no
ORD-50926,2025-03-04,9,Riverside,Coffee,Cold brew,medium,1,5,5,card,yes
ORD-50927,2025-03-04,9,Riverside,Coffee,Americano,medium,2,3.5,7,mobile,yes
ORD-50928,2025-03-04,10,Airport,Tea,Chai latte,medium,1,5.5,5.5,cash,no
ORD-50929,2025-03-04,12,Downtown,Coffee,Americano,large,1,4.25,4.25,card,no
ORD-50930,2025-03-04,12,Riverside,Coffee,Cappuccino,small,1,4,4,card,yes
ORD-50931,2025-03-04,12,Airport,Coffee,Flat white,medium,3,5.25,15.75,card,no
ORD-50932,2025-03-04,13,Downtown,Food,Granola bowl,regular,2,7.5,15,card,yes
ORD-50933,2025-03-04,16,Riverside,Tea,Matcha latte,large,1,6.25,6.25,mobile,yes
ORD-50934,2025-03-04,16,Downtown,Coffee,Latte,small,3,4.25,12.75,card,no
ORD-50935,2025-03-04,17,Downtown,Bakery,Banana bread,regular,1,4,4,mobile,no
ORD-50936,2025-03-05,8,Riverside,Coffee,Latte,medium,1,4.75,4.75,mobile,no
ORD-50937,2025-03-05,8,Airport,Coffee,Cold brew,medium,1,5.75,5.75,mobile,yes
ORD-50938,2025-03-05,8,Airport,Coffee,Americano,small,2,3.75,7.5,card,no
ORD-50939,2025-03-05,8,Downtown,Food,Granola bowl,regular,3,7.5,22.5,card,yes
ORD-50940,2025-03-05,9,Riverside,Coffee,Latte,small,1,4.25,4.25,mobile,no
ORD-50941,2025-03-05,9,Downtown,Coffee,Espresso,large,1,3.75,3.75,card,yes
ORD-50942,2025-03-05,9,Downtown,Coffee,Latte,medium,1,4.75,4.75,card,no
ORD-50943,2025-03-05,10,Riverside,Coffee,Espresso,small,1,2.5,2.5,card,yes
ORD-50944,2025-03-05,10,Airport,Coffee,Americano,small,1,3.75,3.75,card,no
ORD-50945,2025-03-05,10,Downtown,Coffee,Latte,small,1,4.25,4.25,card,yes
ORD-50946,2025-03-05,11,Downtown,Coffee,Cold brew,medium,1,5,5,mobile,no
ORD-50947,2025-03-05,11,Downtown,Food,Breakfast sandwich,regular,3,8.75,26.25,mobile,no
ORD-50948,2025-03-05,11,Airport,Coffee,Americano,medium,1,4.25,4.25,card,no
ORD-50949,2025-03-05,12,Downtown,Coffee,Cappuccino,large,1,5.25,5.25,card,no
ORD-50950,2025-03-05,12,Downtown,Food,Breakfast sandwich,regular,1,8.75,8.75,card,yes
ORD-50951,2025-03-05,13,Airport,Coffee,Flat white,small,1,4.75,4.75,card,no
ORD-50952,2025-03-05,14,Downtown,Coffee,Espresso,medium,1,3,3,mobile,yes
ORD-50953,2025-03-05,14,Riverside,Tea,Chai latte,medium,2,4.75,9.5,mobile,no
ORD-50954,2025-03-05,14,Downtown,Tea,Chai latte,small,1,4.25,4.25,card,no
ORD-50955,2025-03-05,15,Downtown,Coffee,Espresso,medium,2,3,6,card,yes
ORD-50956,2025-03-05,16,Downtown,Coffee,Latte,medium,1,4.75,4.75,card,yes
ORD-50957,2025-03-06,7,Riverside,Food,Granola bowl,regular,1,7.5,7.5,card,yes
ORD-50958,2025-03-06,8,Downtown,Bakery,Croissant,regular,2,3.75,7.5,mobile,no
ORD-50959,2025-03-06,8,Airport,Coffee,Latte,medium,1,5.5,5.5,mobile,no
ORD-50960,2025-03-06,10,Downtown,Tea,Chai latte,medium,2,4.75,9.5,card,no
ORD-50961,2025-03-06,11,Downtown,Food,Avocado toast,regular,1,9.5,9.5,mobile,yes
ORD-50962,2025-03-06,12,Riverside,Bakery,Croissant,regular,1,3.75,3.75,mobile,no
ORD-50963,2025-03-06,12,Riverside,Bakery,Croissant,regular,1,3.75,3.75,cash,yes
ORD-50964,2025-03-06,13,Downtown,Coffee,Espresso,medium,2,3,6,mobile,no
ORD-50965,2025-03-06,13,Airport,Bakery,Cinnamon roll,regular,1,5.25,5.25,cash,no
ORD-50966,2025-03-06,13,Riverside,Bakery,Croissant,regular,1,3.75,3.75,card,no
ORD-50967,2025-03-06,15,Downtown,Coffee,Cold brew,medium,1,5,5,card,yes
ORD-50968,2025-03-06,17,Airport,Coffee,Latte,medium,2,5.5,11,card,yes
ORD-50969,2025-03-07,7,Downtown,Coffee,Americano,small,1,3,3,mobile,no
ORD-50970,2025-03-07,7,Riverside,Coffee,Flat white,small,1,4,4,card,yes
ORD-50971,2025-03-07,7,Riverside,Coffee,Cold brew,medium,1,5,5,card,yes
ORD-50972,2025-03-07,8,Downtown,Bakery,Croissant,regular,1,3.75,3.75,cash,no
ORD-50973,2025-03-07,8,Downtown,Tea,Earl grey,medium,1,3.25,3.25,mobile,yes
ORD-50974,2025-03-07,8,Airport,Coffee,Americano,large,1,5,5,card,no
ORD-50975,2025-03-07,8,Airport,Coffee,Cold brew,large,1,6.5,6.5,card,no
ORD-50976,2025-03-07,8,Airport,Tea,Matcha latte,small,1,5.75,5.75,card,no
ORD-50977,2025-03-07,10,Downtown,Coffee,Cappuccino,large,1,5.25,5.25,card,no
ORD-50978,2025-03-07,12,Downtown,Tea,Chai latte,small,1,4.25,4.25,card,no
ORD-50979,2025-03-07,13,Airport,Coffee,Americano,medium,3,4.25,12.75,card,yes
ORD-50980,2025-03-07,13,Airport,Food,Granola bowl,regular,2,8.25,16.5,card,no
ORD-50981,2025-03-07,13,Downtown,Coffee,Cold brew,small,1,4.5,4.5,mobile,yes
ORD-50982,2025-03-07,14,Riverside,Bakery,Croissant,regular,1,3.75,3.75,cash,no
ORD-50983,2025-03-07,15,Riverside,Food,Breakfast sandwich,regular,1,8.75,8.75,card,no
ORD-50984,2025-03-07,15,Riverside,Coffee,Latte,small,1,4.25,4.25,mobile,no
ORD-50985,2025-03-07,15,Downtown,Food,Breakfast sandwich,regular,2,8.75,17.5,card,no
ORD-50986,2025-03-08,6,Riverside,Bakery,Banana bread,regular,2,4,8,mobile,no
ORD-50987,2025-03-08,7,Airport,Coffee,Flat white,large,1,6,6,card,no
ORD-50988,2025-03-08,8,Riverside,Coffee,Cappuccino,large,1,5.25,5.25,card,no
ORD-50989,2025-03-08,9,Downtown,Coffee,Cappuccino,medium,1,4.5,4.5,mobile,yes
ORD-50990,2025-03-08,9,Riverside,Bakery,Croissant,regular,1,3.75,3.75,card,no
ORD-50991,2025-03-08,10,Riverside,Food,Granola bowl,regular,1,7.5,7.5,mobile,no
ORD-50992,2025-03-08,11,Downtown,Tea,Earl grey,large,1,4,4,card,no
ORD-50993,2025-03-08,11,Downtown,Food,Granola bowl,regular,1,7.5,7.5,mobile,yes
ORD-50994,2025-03-08,11,Downtown,Coffee,Latte,small,1,4.25,4.25,card,no
ORD-50995,2025-03-08,11,Downtown,Food,Granola bowl,regular,1,7.5,7.5,card,yes
ORD-50996,2025-03-08,12,Downtown,Food,Granola bowl,regular,1,7.5,7.5,card,yes
ORD-50997,2025-03-08,13,Riverside,Coffee,Flat white,small,3,4,12,card,no
ORD-50998,2025-03-08,13,Airport,Food,Avocado toast,regular,1,10.25,10.25,cash,no
ORD-50999,2025-03-08,13,Airport,Bakery,Banana bread,regular,2,4.75,9.5,card,no
ORD-51000,2025-03-08,14,Downtown,Bakery,Croissant,regular,1,3.75,3.75,mobile,no
ORD-51001,2025-03-08,14,Downtown,Coffee,Espresso,medium,1,3,3,mobile,yes
ORD-51002,2025-03-08,15,Riverside,Coffee,Latte,small,1,4.25,4.25,mobile,no
ORD-51003,2025-03-08,16,Riverside,Coffee,Latte,large,1,5.5,5.5,card,yes
ORD-51004,2025-03-08,16,Downtown,Coffee,Latte,large,1,5.5,5.5,mobile,no
ORD-51005,2025-03-08,17,Downtown,Coffee,Flat white,large,1,5.25,5.25,card,no
ORD-51006,2025-03-09,7,Downtown,Coffee,Flat white,small,1,4,4,card,no
ORD-51007,2025-03-09,7,Airport,Bakery,Croissant,regular,1,4.5,4.5,card,yes
ORD-51008,2025-03-09,8,Airport,Coffee,Latte,small,2,5,10,mobile,no
ORD-51009,2025-03-09,8,Riverside,Coffee,Flat white,large,1,5.25,5.25,card,no
ORD-51010,2025-03-09,8,Downtown,Coffee,Espresso,large,1,3.75,3.75,mobile,no
ORD-51011,2025-03-09,9,Downtown,Coffee,Cappuccino,large,1,5.25,5.25,card,no
ORD-51012,2025-03-09,9,Airport,Coffee,Flat white,small,1,4.75,4.75,card,yes
ORD-51013,2025-03-09,9,Riverside,Coffee,Cold brew,medium,2,5,10,card,no
ORD-51014,2025-03-09,9,Downtown,Coffee,Espresso,medium,1,3,3,card,no
ORD-51015,2025-03-09,9,Riverside,Coffee,Espresso,small,1,2.5,2.5,cash,no
ORD-51016,2025-03-09,13,Riverside,Food,Granola bowl,regular,3,7.5,22.5,card,yes
ORD-51017,2025-03-09,13,Downtown,Bakery,Croissant,regular,1,3.75,3.75,card,no
ORD-51018,2025-03-09,13,Downtown,Food,Avocado toast,regular,3,9.5,28.5,mobile,no
ORD-51019,2025-03-09,14,Riverside,Coffee,Cold brew,large,1,5.75,5.75,card,yes
ORD-51020,2025-03-09,16,Airport,Coffee,Americano,small,2,3.75,7.5,card,no
ORD-51021,2025-03-09,16,Downtown,Coffee,Cold brew,medium,2,5,10,mobile,no
ORD-51022,2025-03-10,8,Airport,Bakery,Banana bread,regular,1,4.75,4.75,card,no
ORD-51023,2025-03-10,8,Riverside,Food,Avocado toast,regular,1,9.5,9.5,card,no
ORD-51024,2025-03-10,8,Downtown,Coffee,Cappuccino,medium,1,4.5,4.5,card,no
ORD-51025,2025-03-10,9,Airport,Coffee,Cold brew,small,1,5.25,5.25,card,yes
ORD-51026,2025-03-10,9,Downtown,Coffee,Flat white,small,2,4,8,cash,no
ORD-51027,2025-03-10,10,Riverside,Food,Avocado toast,regular,2,9.5,19,cash,yes
ORD-51028,2025-03-10,10,Airport,Bakery,Banana bread,regular,1,4.75,4.75,card,no
ORD-51029,2025-03-10,10,Downtown,Coffee,Americano,medium,2,3.5,7,card,no
ORD-51030,2025-03-10,10,Downtown,Bakery,Banana bread,regular,1,4,4,card,yes
ORD-51031,2025-03-10,10,Airport,Bakery,Croissant,regular,1,4.5,4.5,card,no
ORD-51032,2025-03-10,10,Riverside,Bakery,Banana bread,regular,1,4,4,card,no
ORD-51033,2025-03-10,10,Airport,Bakery,Cinnamon roll,regular,1,5.25,5.25,card,no
ORD-51034,2025-03-10,14,Airport,Coffee,Cappuccino,large,3,6,18,card,no
ORD-51035,2025-03-10,14,Downtown,Coffee,Americano,large,1,4.25,4.25,card,no
ORD-51036,2025-03-10,14,Downtown,Coffee,Flat white,medium,1,4.5,4.5,card,no
ORD-51037,2025-03-10,16,Airport,Food,Avocado toast,regular,2,10.25,20.5,card,no
ORD-51038,2025-03-11,8,Riverside,Bakery,Croissant,regular,1,3.75,3.75,card,no
ORD-51039,2025-03-11,8,Downtown,Food,Avocado toast,regular,1,9.5,9.5,card,yes
ORD-51040,2025-03-11,8,Riverside,Bakery,Banana bread,regular,1,4,4,mobile,yes
ORD-51041,2025-03-11,8,Airport,Tea,Matcha latte,large,1,7,7,card,yes
ORD-51042,2025-03-11,8,Riverside,Coffee,Latte,small,1,4.25,4.25,mobile,no
ORD-51043,2025-03-11,8,Riverside,Bakery,Banana bread,regular,1,4,4,card,no
ORD-51044,2025-03-11,9,Downtown,Coffee,Cappuccino,medium,1,4.5,4.5,mobile,no
ORD-51045,2025-03-11,9,Riverside,Bakery,Croissant,regular,1,3.75,3.75,card,no
ORD-51046,2025-03-11,10,Riverside,Coffee,Latte,medium,1,4.75,4.75,cash,no
ORD-51047,2025-03-11,10,Riverside,Bakery,Croissant,regular,1,3.75,3.75,card,no
ORD-51048,2025-03-11,10,Riverside,Food,Granola bowl,regular,1,7.5,7.5,card,yes
ORD-51049,2025-03-11,10,Downtown,Coffee,Espresso,large,2,3.75,7.5,mobile,no
ORD-51050,2025-03-11,13,Downtown,Bakery,Cinnamon roll,regular,2,4.5,9,card,no
ORD-51051,2025-03-11,13,Downtown,Coffee,Americano,small,1,3,3,card,no
ORD-51052,2025-03-11,13,Downtown,Coffee,Espresso,medium,1,3,3,card,no
ORD-51053,2025-03-11,15,Airport,Coffee,Flat white,medium,1,5.25,5.25,mobile,no
ORD-51054,2025-03-11,16,Downtown,Bakery,Croissant,regular,1,3.75,3.75,cash,yes
ORD-51055,2025-03-11,16,Airport,Tea,Matcha latte,large,1,7,7,card,no
ORD-51056,2025-03-11,17,Riverside,Coffee,Espresso,large,1,3.75,3.75,mobile,yes
ORD-51057,2025-03-12,7,Riverside,Bakery,Croissant,regular,2,3.75,7.5,card,yes
ORD-51058,2025-03-12,7,Downtown,Food,Granola bowl,regular,1,7.5,7.5,card,no
ORD-51059,2025-03-12,8,Airport,Bakery,Croissant,regular,1,4.5,4.5,cash,yes
ORD-51060,2025-03-12,8,Riverside,Coffee,Cappuccino,medium,1,4.5,4.5,card,no
ORD-51061,2025-03-12,8,Riverside,Coffee,Latte,large,1,5.5,5.5,card,yes
ORD-51062,2025-03-12,9,Downtown,Coffee,Americano,medium,1,3.5,3.5,card,no
ORD-51063,2025-03-12,9,Riverside,Tea,Chai latte,large,2,5.5,11,mobile,yes
ORD-51064,2025-03-12,9,Airport,Coffee,Flat white,large,1,6,6,mobile,yes
ORD-51065,2025-03-12,11,Downtown,Coffee,Flat white,small,3,4,12,mobile,no
ORD-51066,2025-03-12,13,Airport,Bakery,Cinnamon roll,regular,1,5.25,5.25,card,no
ORD-51067,2025-03-12,16,Airport,Food,Avocado toast,regular,1,10.25,10.25,card,no
ORD-51068,2025-03-12,18,Downtown,Tea,Matcha latte,large,3,6.25,18.75,cash,no
ORD-51069,2025-03-13,6,Airport,Coffee,Cappuccino,small,1,4.75,4.75,card,no
ORD-51070,2025-03-13,7,Downtown,Coffee,Flat white,small,1,4,4,cash,yes
ORD-51071,2025-03-13,7,Airport,Coffee,Americano,medium,1,4.25,4.25,card,no
ORD-51072,2025-03-13,8,Downtown,Coffee,Flat white,medium,1,4.5,4.5,card,no
ORD-51073,2025-03-13,8,Downtown,Coffee,Flat white,large,1,5.25,5.25,card,no
ORD-51074,2025-03-13,9,Downtown,Bakery,Croissant,regular,1,3.75,3.75,card,no
ORD-51075,2025-03-13,10,Airport,Coffee,Espresso,medium,1,3.75,3.75,mobile,no
ORD-51076,2025-03-13,10,Downtown,Coffee,Latte,large,1,5.5,5.5,mobile,no
ORD-51077,2025-03-13,11,Riverside,Coffee,Latte,medium,1,4.75,4.75,card,yes
ORD-51078,2025-03-13,11,Airport,Coffee,Latte,small,1,5,5,cash,no
ORD-51079,2025-03-13,11,Airport,Coffee,Latte,small,1,5,5,mobile,no
ORD-51080,2025-03-13,12,Downtown,Coffee,Espresso,small,1,2.5,2.5,cash,no
ORD-51081,2025-03-13,12,Airport,Bakery,Croissant,regular,1,4.5,4.5,mobile,no
ORD-51082,2025-03-13,13,Airport,Coffee,Latte,large,2,6.25,12.5,mobile,no
ORD-51083,2025-03-13,14,Downtown,Coffee,Flat white,large,1,5.25,5.25,card,no
ORD-51084,2025-03-13,14,Downtown,Food,Avocado toast,regular,1,9.5,9.5,cash,no
ORD-51085,2025-03-13,15,Downtown,Coffee,Cappuccino,medium,1,4.5,4.5,mobile,no
ORD-51086,2025-03-13,15,Airport,Coffee,Cappuccino,large,1,6,6,mobile,no
ORD-51087,2025-03-14,7,Riverside,Coffee,Americano,medium,1,3.5,3.5,card,no
ORD-51088,2025-03-14,7,Riverside,Bakery,Croissant,regular,1,3.75,3.75,cash,no
ORD-51089,2025-03-14,7,Airport,Bakery,Cinnamon roll,regular,2,5.25,10.5,card,yes
ORD-51090,2025-03-14,7,Riverside,Coffee,Cold brew,large,2,5.75,11.5,card,yes
ORD-51091,2025-03-14,8,Downtown,Coffee,Latte,medium,3,4.75,14.25,card,no
ORD-51092,2025-03-14,8,Downtown,Coffee,Latte,small,1,4.25,4.25,mobile,no
ORD-51093,2025-03-14,8,Airport,Bakery,Croissant,regular,1,4.5,4.5,cash,no
ORD-51094,2025-03-14,10,Downtown,Coffee,Latte,medium,1,4.75,4.75,cash,yes
ORD-51095,2025-03-14,11,Airport,Food,Breakfast sandwich,regular,1,9.5,9.5,mobile,yes
ORD-51096,2025-03-14,13,Riverside,Food,Avocado toast,regular,2,9.5,19,mobile,no
ORD-51097,2025-03-14,15,Downtown,Coffee,Latte,large,1,5.5,5.5,card,yes
ORD-51098,2025-03-14,17,Riverside,Food,Breakfast sandwich,regular,1,8.75,8.75,card,yes
ORD-51099,2025-03-14,17,Downtown,Coffee,Flat white,large,1,5.25,5.25,card,no
ORD-51100,2025-03-15,7,Downtown,Coffee,Latte,medium,2,4.75,9.5,card,no
ORD-51101,2025-03-15,8,Riverside,Coffee,Flat white,small,2,4,8,card,yes
ORD-51102,2025-03-15,8,Airport,Bakery,Cinnamon roll,regular,1,5.25,5.25,mobile,no
ORD-51103,2025-03-15,8,Riverside,Coffee,Cold brew,small,1,4.5,4.5,mobile,yes
ORD-51104,2025-03-15,8,Riverside,Tea,Matcha latte,small,1,5,5,mobile,no
ORD-51105,2025-03-15,9,Downtown,Tea,Chai latte,medium,1,4.75,4.75,cash,no
ORD-51106,2025-03-15,9,Riverside,Food,Breakfast sandwich,regular,2,8.75,17.5,card,yes
ORD-51107,2025-03-15,10,Airport,Coffee,Latte,large,1,6.25,6.25,mobile,no
ORD-51108,2025-03-15,11,Riverside,Coffee,Cappuccino,large,1,5.25,5.25,card,no
ORD-51109,2025-03-15,12,Airport,Coffee,Latte,medium,1,5.5,5.5,mobile,no
ORD-51110,2025-03-15,12,Riverside,Coffee,Espresso,small,1,2.5,2.5,card,no
ORD-51111,2025-03-15,12,Airport,Food,Granola bowl,regular,1,8.25,8.25,mobile,yes
ORD-51112,2025-03-15,12,Downtown,Coffee,Latte,medium,1,4.75,4.75,mobile,yes
ORD-51113,2025-03-15,14,Airport,Tea,Matcha latte,medium,1,6.25,6.25,card,no
ORD-51114,2025-03-15,15,Airport,Coffee,Latte,small,1,5,5,card,yes
ORD-51115,2025-03-15,18,Riverside,Coffee,Americano,small,2,3,6,card,no
ORD-51116,2025-03-15,18,Riverside,Bakery,Croissant,regular,2,3.75,7.5,card,yes
ORD-51117,2025-03-16,6,Riverside,Coffee,Cappuccino,small,1,4,4,card,no
ORD-51118,2025-03-16,7,Riverside,Bakery,Croissant,regular,1,3.75,3.75,card,no
ORD-51119,2025-03-16,7,Downtown,Coffee,Espresso,medium,1,3,3,card,no
ORD-51120,2025-03-16,8,Downtown,Coffee,Flat white,medium,1,4.5,4.5,card,no
ORD-51121,2025-03-16,8,Riverside,Coffee,Americano,small,1,3,3,card,no
ORD-51122,2025-03-16,8,Downtown,Coffee,Latte,medium,1,4.75,4.75,mobile,yes
ORD-51123,2025-03-16,8,Downtown,Bakery,Croissant,regular,1,3.75,3.75,card,no
ORD-51124,2025-03-16,8,Riverside,Bakery,Croissant,regular,1,3.75,3.75,card,yes
ORD-51125,2025-03-16,8,Downtown,Coffee,Latte,medium,1,4.75,4.75,card,no
ORD-51126,2025-03-16,8,Downtown,Food,Breakfast sandwich,regular,1,8.75,8.75,mobile,yes
ORD-51127,2025-03-16,8,Downtown,Food,Breakfast sandwich,regular,1,8.75,8.75,mobile,yes
ORD-51128,2025-03-16,9,Riverside,Bakery,Croissant,regular,1,3.75,3.75,mobile,yes
ORD-51129,2025-03-16,10,Downtown,Food,Avocado toast,regular,1,9.5,9.5,card,yes
ORD-51130,2025-03-16,10,Riverside,Bakery,Banana bread,regular,1,4,4,mobile,no
ORD-51131,2025-03-16,11,Riverside,Bakery,Croissant,regular,1,3.75,3.75,card,no
ORD-51132,2025-03-16,11,Downtown,Coffee,Cappuccino,medium,1,4.5,4.5,card,no
ORD-51133,2025-03-16,13,Downtown,Coffee,Cappuccino,medium,1,4.5,4.5,mobile,no
ORD-51134,2025-03-16,13,Downtown,Bakery,Banana bread,regular,3,4,12,mobile,no
ORD-51135,2025-03-16,13,Riverside,Food,Granola bowl,regular,1,7.5,7.5,mobile,no
ORD-51136,2025-03-16,13,Downtown,Food,Breakfast sandwich,regular,3,8.75,26.25,cash,no
ORD-51137,2025-03-16,14,Riverside,Coffee,Latte,small,1,4.25,4.25,card,yes
ORD-51138,2025-03-16,14,Downtown,Coffee,Americano,small,1,3,3,card,no
ORD-51139,2025-03-16,15,Airport,Tea,Earl grey,medium,1,4,4,mobile,yes
ORD-51140,2025-03-16,15,Riverside,Coffee,Latte,small,1,4.25,4.25,card,yes
ORD-51141,2025-03-16,16,Riverside,Coffee,Flat white,small,2,4,8,card,yes
ORD-51142,2025-03-16,17,Riverside,Bakery,Croissant,regular,1,3.75,3.75,mobile,no
ORD-51143,2025-03-16,18,Downtown,Coffee,Cappuccino,medium,1,4.5,4.5,mobile,yes
ORD-51144,2025-03-17,6,Downtown,Coffee,Flat white,small,1,4,4,mobile,no
ORD-51145,2025-03-17,7,Riverside,Coffee,Cold brew,medium,1,5,5,mobile,yes
ORD-51146,2025-03-17,7,Riverside,Coffee,Cappuccino,large,1,5.25,5.25,card,yes
ORD-51147,2025-03-17,8,Riverside,Coffee,Cappuccino,large,1,5.25,5.25,card,yes
ORD-51148,2025-03-17,9,Riverside,Tea,Chai latte,small,1,4.25,4.25,card,no
ORD-51149,2025-03-17,9,Downtown,Coffee,Flat white,small,1,4,4,card,no
ORD-51150,2025-03-17,9,Airport,Coffee,Americano,medium,1,4.25,4.25,card,no
ORD-51151,2025-03-17,11,Riverside,Bakery,Banana bread,regular,1,4,4,card,no
ORD-51152,2025-03-17,11,Riverside,Tea,Matcha latte,medium,1,5.5,5.5,card,yes
ORD-51153,2025-03-17,11,Riverside,Food,Breakfast sandwich,regular,1,8.75,8.75,cash,yes
ORD-51154,2025-03-17,11,Airport,Food,Breakfast sandwich,regular,1,9.5,9.5,card,yes
ORD-51155,2025-03-17,13,Downtown,Tea,Chai latte,medium,1,4.75,4.75,mobile,no
ORD-51156,2025-03-17,13,Airport,Food,Avocado toast,regular,1,10.25,10.25,card,yes
ORD-51157,2025-03-17,13,Riverside,Food,Avocado toast,regular,1,9.5,9.5,mobile,no
ORD-51158,2025-03-17,14,Riverside,Coffee,Americano,medium,1,3.5,3.5,mobile,yes
ORD-51159,2025-03-17,15,Downtown,Coffee,Cappuccino,large,2,5.25,10.5,cash,no
ORD-51160,2025-03-17,16,Riverside,Coffee,Americano,medium,1,3.5,3.5,card,no
ORD-51161,2025-03-17,16,Riverside,Coffee,Flat white,small,3,4,12,card,no
ORD-51162,2025-03-17,16,Downtown,Tea,Chai latte,medium,1,4.75,4.75,card,no
ORD-51163,2025-03-17,18,Downtown,Tea,Chai latte,small,1,4.25,4.25,card,no
ORD-51164,2025-03-18,6,Downtown,Bakery,Croissant,regular,1,3.75,3.75,card,yes
ORD-51165,2025-03-18,6,Downtown,Bakery,Croissant,regular,1,3.75,3.75,card,no
ORD-51166,2025-03-18,7,Downtown,Coffee,Americano,small,1,3,3,mobile,no
ORD-51167,2025-03-18,8,Downtown,Coffee,Latte,small,1,4.25,4.25,mobile,no
ORD-51168,2025-03-18,8,Riverside,Tea,Earl grey,small,1,2.75,2.75,card,yes
ORD-51169,2025-03-18,8,Riverside,Coffee,Cold brew,large,1,5.75,5.75,card,no
ORD-51170,2025-03-18,8,Downtown,Bakery,Croissant,regular,1,3.75,3.75,card,no
ORD-51171,2025-03-18,9,Downtown,Coffee,Espresso,small,1,2.5,2.5,cash,no
ORD-51172,2025-03-18,9,Downtown,Food,Breakfast sandwich,regular,1,8.75,8.75,card,no
ORD-51173,2025-03-18,10,Airport,Food,Granola bowl,regular,1,8.25,8.25,card,no
ORD-51174,2025-03-18,11,Riverside,Food,Avocado toast,regular,1,9.5,9.5,mobile,no
ORD-51175,2025-03-18,12,Airport,Coffee,Cold brew,small,2,5.25,10.5,card,no
ORD-51176,2025-03-18,12,Downtown,Coffee,Flat white,small,1,4,4,cash,no
ORD-51177,2025-03-18,14,Riverside,Bakery,Cinnamon roll,regular,1,4.5,4.5,card,no
ORD-51178,2025-03-18,14,Riverside,Tea,Chai latte,large,1,5.5,5.5,mobile,yes
ORD-51179,2025-03-18,14,Downtown,Coffee,Americano,medium,1,3.5,3.5,mobile,no
ORD-51180,2025-03-18,15,Airport,Coffee,Espresso,small,1,3.25,3.25,mobile,no
ORD-51181,2025-03-18,16,Downtown,Coffee,Latte,medium,1,4.75,4.75,card,yes
ORD-51182,2025-03-19,6,Riverside,Tea,Chai latte,large,1,5.5,5.5,mobile,no
ORD-51183,2025-03-19,7,Riverside,Coffee,Flat white,large,1,5.25,5.25,card,yes
ORD-51184,2025-03-19,7,Riverside,Bakery,Croissant,regular,1,3.75,3.75,cash,yes
ORD-51185,2025-03-19,8,Riverside,Coffee,Espresso,medium,1,3,3,card,yes
ORD-51186,2025-03-19,8,Airport,Coffee,Latte,medium,1,5.5,5.5,card,yes
ORD-51187,2025-03-19,8,Downtown,Coffee,Cappuccino,medium,1,4.5,4.5,card,no
ORD-51188,2025-03-19,9,Downtown,Tea,Chai latte,medium,3,4.75,14.25,mobile,no
ORD-51189,2025-03-19,10,Airport,Coffee,Americano,large,2,5,10,mobile,no
ORD-51190,2025-03-19,10,Downtown,Coffee,Espresso,medium,1,3,3,card,no
ORD-51191,2025-03-19,11,Downtown,Food,Breakfast sandwich,regular,1,8.75,8.75,card,no
ORD-51192,2025-03-19,12,Riverside,Food,Granola bowl,regular,2,7.5,15,card,no
ORD-51193,2025-03-19,12,Downtown,Bakery,Banana bread,regular,1,4,4,cash,no
ORD-51194,2025-03-19,12,Riverside,Coffee,Latte,large,1,5.5,5.5,card,no
ORD-51195,2025-03-19,12,Airport,Coffee,Latte,large,1,6.25,6.25,mobile,no
ORD-51196,2025-03-19,12,Airport,Tea,Matcha latte,large,1,7,7,card,no
ORD-51197,2025-03-19,13,Airport,Food,Breakfast sandwich,regular,3,9.5,28.5,card,no
ORD-51198,2025-03-19,13,Airport,Coffee,Latte,large,1,6.25,6.25,card,yes
ORD-51199,2025-03-19,13,Riverside,Bakery,Croissant,regular,2,3.75,7.5,card,no
ORD-51200,2025-03-19,15,Riverside,Tea,Earl grey,medium,1,3.25,3.25,mobile,yes
ORD-51201,2025-03-19,15,Airport,Bakery,Banana bread,regular,3,4.75,14.25,mobile,no
ORD-51202,2025-03-19,16,Riverside,Coffee,Espresso,small,1,2.5,2.5,card,no
ORD-51203,2025-03-20,7,Downtown,Coffee,Flat white,small,1,4,4,card,no
ORD-51204,2025-03-20,7,Riverside,Coffee,Latte,large,2,5.5,11,card,no
ORD-51205,2025-03-20,7,Riverside,Tea,Matcha latte,small,1,5,5,card,no
ORD-51206,2025-03-20,7,Airport,Bakery,Cinnamon roll,regular,1,5.25,5.25,cash,yes
ORD-51207,2025-03-20,7,Downtown,Bakery,Cinnamon roll,regular,1,4.5,4.5,card,no
ORD-51208,2025-03-20,7,Riverside,Food,Breakfast sandwich,regular,1,8.75,8.75,card,no
ORD-51209,2025-03-20,8,Riverside,Coffee,Americano,small,1,3,3,card,no
ORD-51210,2025-03-20,9,Riverside,Coffee,Americano,small,1,3,3,card,yes
ORD-51211,2025-03-20,11,Riverside,Tea,Chai latte,small,3,4.25,12.75,card,no
ORD-51212,2025-03-20,12,Riverside,Coffee,Cappuccino,large,1,5.25,5.25,mobile,no
ORD-51213,2025-03-20,12,Airport,Coffee,Americano,large,1,5,5,card,no
ORD-51214,2025-03-20,16,Airport,Food,Avocado toast,regular,1,10.25,10.25,card,yes
ORD-51215,2025-03-20,18,Downtown,Coffee,Latte,medium,1,4.75,4.75,card,no
ORD-51216,2025-03-21,6,Riverside,Bakery,Croissant,regular,1,3.75,3.75,card,yes
ORD-51217,2025-03-21,6,Riverside,Tea,Chai latte,medium,2,4.75,9.5,card,no
ORD-51218,2025-03-21,8,Downtown,Bakery,Banana bread,regular,1,4,4,card,yes
ORD-51219,2025-03-21,8,Downtown,Tea,Chai latte,small,2,4.25,8.5,card,no
ORD-51220,2025-03-21,8,Downtown,Coffee,Americano,small,1,3,3,cash,no
ORD-51221,2025-03-21,8,Downtown,Coffee,Espresso,small,1,2.5,2.5,mobile,yes
ORD-51222,2025-03-21,8,Airport,Food,Breakfast sandwich,regular,1,9.5,9.5,mobile,no
ORD-51223,2025-03-21,9,Downtown,Coffee,Americano,medium,2,3.5,7,card,no
ORD-51224,2025-03-21,12,Riverside,Coffee,Cappuccino,large,1,5.25,5.25,card,yes
ORD-51225,2025-03-21,12,Downtown,Bakery,Cinnamon roll,regular,2,4.5,9,card,yes
ORD-51226,2025-03-21,12,Riverside,Food,Granola bowl,regular,1,7.5,7.5,cash,no
ORD-51227,2025-03-21,12,Riverside,Coffee,Espresso,small,1,2.5,2.5,mobile,no
ORD-51228,2025-03-21,12,Airport,Coffee,Latte,large,1,6.25,6.25,card,no
ORD-51229,2025-03-21,12,Downtown,Food,Avocado toast,regular,1,9.5,9.5,card,no
ORD-51230,2025-03-21,13,Riverside,Food,Granola bowl,regular,1,7.5,7.5,card,yes
ORD-51231,2025-03-21,16,Riverside,Coffee,Latte,large,2,5.5,11,mobile,no
ORD-51232,2025-03-22,6,Downtown,Tea,Chai latte,medium,1,4.75,4.75,cash,yes
ORD-51233,2025-03-22,7,Downtown,Coffee,Americano,medium,1,3.5,3.5,mobile,yes
ORD-51234,2025-03-22,7,Airport,Coffee,Espresso,medium,1,3.75,3.75,mobile,no
ORD-51235,2025-03-22,7,Airport,Tea,Earl grey,medium,1,4,4,mobile,no
ORD-51236,2025-03-22,7,Downtown,Food,Avocado toast,regular,1,9.5,9.5,card,no
ORD-51237,2025-03-22,7,Downtown,Coffee,Latte,small,1,4.25,4.25,mobile,yes
ORD-51238,2025-03-22,8,Downtown,Coffee,Latte,small,1,4.25,4.25,mobile,no
ORD-51239,2025-03-22,8,Airport,Coffee,Cappuccino,large,1,6,6,card,yes
ORD-51240,2025-03-22,9,Downtown,Coffee,Latte,small,3,4.25,12.75,card,yes
ORD-51241,2025-03-22,9,Airport,Coffee,Cappuccino,small,1,4.75,4.75,cash,yes
ORD-51242,2025-03-22,11,Riverside,Coffee,Flat white,medium,1,4.5,4.5,card,no
ORD-51243,2025-03-22,11,Airport,Coffee,Flat white,medium,1,5.25,5.25,card,yes
ORD-51244,2025-03-22,12,Riverside,Coffee,Latte,medium,1,4.75,4.75,card,no
ORD-51245,2025-03-22,12,Riverside,Food,Granola bowl,regular,1,7.5,7.5,mobile,no
ORD-51246,2025-03-22,12,Airport,Food,Avocado toast,regular,1,10.25,10.25,card,no
ORD-51247,2025-03-22,13,Riverside,Coffee,Americano,large,2,4.25,8.5,card,no
ORD-51248,2025-03-22,13,Airport,Coffee,Cold brew,medium,1,5.75,5.75,mobile,yes
ORD-51249,2025-03-22,13,Riverside,Bakery,Croissant,regular,2,3.75,7.5,card,no
ORD-51250,2025-03-22,13,Riverside,Coffee,Flat white,large,1,5.25,5.25,card,yes
ORD-51251,2025-03-22,13,Riverside,Food,Avocado toast,regular,1,9.5,9.5,card,yes
ORD-51252,2025-03-22,15,Downtown,Coffee,Latte,medium,1,4.75,4.75,mobile,no
ORD-51253,2025-03-22,15,Airport,Bakery,Cinnamon roll,regular,2,5.25,10.5,card,no
ORD-51254,2025-03-22,15,Riverside,Coffee,Americano,large,1,4.25,4.25,card,yes
ORD-51255,2025-03-22,16,Riverside,Coffee,Cappuccino,medium,1,4.5,4.5,mobile,yes
ORD-51256,2025-03-22,16,Airport,Food,Avocado toast,regular,2,10.25,20.5,mobile,no
ORD-51257,2025-03-23,6,Airport,Coffee,Cold brew,small,1,5.25,5.25,card,yes
ORD-51258,2025-03-23,6,Downtown,Tea,Matcha latte,medium,1,5.5,5.5,mobile,yes
ORD-51259,2025-03-23,7,Riverside,Coffee,Cappuccino,large,1,5.25,5.25,cash,no
ORD-51260,2025-03-23,8,Downtown,Bakery,Croissant,regular,1,3.75,3.75,card,no
ORD-51261,2025-03-23,8,Riverside,Food,Avocado toast,regular,1,9.5,9.5,card,no
ORD-51262,2025-03-23,9,Airport,Tea,Earl grey,medium,1,4,4,card,no
ORD-51263,2025-03-23,10,Airport,Coffee,Cappuccino,large,1,6,6,mobile,yes
ORD-51264,2025-03-23,10,Riverside,Coffee,Flat white,medium,2,4.5,9,card,no
ORD-51265,2025-03-23,12,Riverside,Food,Breakfast sandwich,regular,1,8.75,8.75,mobile,yes
ORD-51266,2025-03-23,12,Riverside,Food,Breakfast sandwich,regular,2,8.75,17.5,card,no
ORD-51267,2025-03-23,13,Airport,Food,Avocado toast,regular,1,10.25,10.25,card,yes
ORD-51268,2025-03-23,15,Downtown,Coffee,Cold brew,small,1,4.5,4.5,card,yes
ORD-51269,2025-03-23,16,Downtown,Food,Avocado toast,regular,1,9.5,9.5,card,no
ORD-51270,2025-03-24,8,Airport,Coffee,Americano,large,2,5,10,card,no
ORD-51271,2025-03-24,8,Downtown,Coffee,Cold brew,medium,2,5,10,card,no
ORD-51272,2025-03-24,8,Airport,Coffee,Flat white,small,2,4.75,9.5,mobile,no
ORD-51273,2025-03-24,8,Downtown,Food,Breakfast sandwich,regular,2,8.75,17.5,card,no
ORD-51274,2025-03-24,8,Riverside,Coffee,Latte,small,1,4.25,4.25,mobile,yes
ORD-51275,2025-03-24,9,Airport,Bakery,Cinnamon roll,regular,3,5.25,15.75,card,no
ORD-51276,2025-03-24,10,Downtown,Tea,Matcha latte,large,2,6.25,12.5,card,no
ORD-51277,2025-03-24,10,Riverside,Bakery,Cinnamon roll,regular,1,4.5,4.5,card,yes
ORD-51278,2025-03-24,10,Airport,Food,Breakfast sandwich,regular,1,9.5,9.5,card,no
ORD-51279,2025-03-24,10,Downtown,Tea,Earl grey,small,1,2.75,2.75,card,no
ORD-51280,2025-03-24,10,Downtown,Coffee,Flat white,medium,1,4.5,4.5,card,yes
ORD-51281,2025-03-24,11,Downtown,Food,Breakfast sandwich,regular,2,8.75,17.5,card,no
ORD-51282,2025-03-24,11,Riverside,Food,Avocado toast,regular,1,9.5,9.5,card,yes
ORD-51283,2025-03-24,12,Downtown,Food,Breakfast sandwich,regular,1,8.75,8.75,cash,yes
ORD-51284,2025-03-24,12,Downtown,Tea,Matcha latte,medium,1,5.5,5.5,card,no
ORD-51285,2025-03-24,12,Riverside,Bakery,Cinnamon roll,regular,1,4.5,4.5,mobile,no
ORD-51286,2025-03-24,16,Riverside,Coffee,Latte,medium,1,4.75,4.75,card,no
ORD-51287,2025-03-25,7,Riverside,Food,Breakfast sandwich,regular,1,8.75,8.75,card,no
ORD-51288,2025-03-25,7,Downtown,Tea,Earl grey,small,1,2.75,2.75,card,no
ORD-51289,2025-03-25,8,Downtown,Coffee,Cappuccino,medium,1,4.5,4.5,mobile,yes
ORD-51290,2025-03-25,8,Airport,Food,Granola bowl,regular,1,8.25,8.25,card,no
ORD-51291,2025-03-25,8,Airport,Coffee,Cappuccino,medium,1,5.25,5.25,mobile,no
ORD-51292,2025-03-25,9,Riverside,Bakery,Croissant,regular,1,3.75,3.75,card,no
ORD-51293,2025-03-25,9,Downtown,Food,Breakfast sandwich,regular,1,8.75,8.75,card,no
ORD-51294,2025-03-25,9,Airport,Tea,Matcha latte,small,1,5.75,5.75,card,no
ORD-51295,2025-03-25,9,Downtown,Food,Granola bowl,regular,2,7.5,15,mobile,yes
ORD-51296,2025-03-25,10,Riverside,Coffee,Latte,medium,2,4.75,9.5,mobile,no
ORD-51297,2025-03-25,10,Airport,Coffee,Americano,small,4,3.75,15,card,no
ORD-51298,2025-03-25,11,Riverside,Coffee,Flat white,small,1,4,4,cash,no
ORD-51299,2025-03-25,11,Riverside,Coffee,Cold brew,medium,1,5,5,mobile,no
ORD-51300,2025-03-25,11,Downtown,Food,Breakfast sandwich,regular,2,8.75,17.5,mobile,no
ORD-51301,2025-03-25,13,Downtown,Food,Avocado toast,regular,2,9.5,19,card,yes
ORD-51302,2025-03-25,13,Downtown,Bakery,Croissant,regular,1,3.75,3.75,mobile,no
ORD-51303,2025-03-25,14,Airport,Coffee,Flat white,medium,1,5.25,5.25,card,no
ORD-51304,2025-03-25,15,Airport,Food,Avocado toast,regular,2,10.25,20.5,card,no
ORD-51305,2025-03-25,15,Downtown,Bakery,Croissant,regular,1,3.75,3.75,card,yes
ORD-51306,2025-03-26,7,Downtown,Coffee,Americano,medium,1,3.5,3.5,card,no
ORD-51307,2025-03-26,7,Riverside,Bakery,Croissant,regular,1,3.75,3.75,card,yes
ORD-51308,2025-03-26,7,Riverside,Coffee,Latte,small,1,4.25,4.25,card,no
ORD-51309,2025-03-26,8,Downtown,Coffee,Cappuccino,medium,1,4.5,4.5,mobile,no
ORD-51310,2025-03-26,8,Airport,Bakery,Croissant,regular,2,4.5,9,card,yes
ORD-51311,2025-03-26,8,Airport,Coffee,Espresso,medium,1,3.75,3.75,mobile,no
ORD-51312,2025-03-26,8,Riverside,Tea,Matcha latte,medium,1,5.5,5.5,mobile,no
ORD-51313,2025-03-26,8,Riverside,Coffee,Cold brew,small,1,4.5,4.5,card,no
ORD-51314,2025-03-26,8,Downtown,Tea,Chai latte,medium,1,4.75,4.75,card,yes
ORD-51315,2025-03-26,9,Airport,Coffee,Americano,medium,1,4.25,4.25,card,yes
ORD-51316,2025-03-26,9,Downtown,Coffee,Espresso,small,1,2.5,2.5,card,no
ORD-51317,2025-03-26,9,Downtown,Coffee,Flat white,small,1,4,4,card,no
ORD-51318,2025-03-26,9,Riverside,Coffee,Latte,medium,1,4.75,4.75,card,no
ORD-51319,2025-03-26,10,Riverside,Bakery,Cinnamon roll,regular,2,4.5,9,card,no
ORD-51320,2025-03-26,11,Downtown,Food,Granola bowl,regular,1,7.5,7.5,mobile,no
ORD-51321,2025-03-26,12,Riverside,Coffee,Latte,medium,1,4.75,4.75,mobile,no
ORD-51322,2025-03-26,12,Airport,Bakery,Croissant,regular,1,4.5,4.5,cash,yes
ORD-51323,2025-03-26,13,Downtown,Tea,Chai latte,medium,2,4.75,9.5,card,no
ORD-51324,2025-03-26,13,Downtown,Coffee,Latte,medium,2,4.75,9.5,card,no
ORD-51325,2025-03-26,15,Riverside,Bakery,Croissant,regular,3,3.75,11.25,mobile,no
ORD-51326,2025-03-27,6,Riverside,Coffee,Latte,medium,1,4.75,4.75,card,no
ORD-51327,2025-03-27,7,Downtown,Bakery,Banana bread,regular,3,4,12,card,no
ORD-51328,2025-03-27,7,Riverside,Coffee,Latte,medium,1,4.75,4.75,card,no
ORD-51329,2025-03-27,7,Riverside,Coffee,Americano,large,1,4.25,4.25,mobile,no
ORD-51330,2025-03-27,8,Airport,Bakery,Banana bread,regular,2,4.75,9.5,card,no
ORD-51331,2025-03-27,8,Downtown,Coffee,Espresso,small,1,2.5,2.5,card,no
ORD-51332,2025-03-27,8,Downtown,Coffee,Latte,medium,1,4.75,4.75,card,yes
ORD-51333,2025-03-27,8,Riverside,Food,Breakfast sandwich,regular,1,8.75,8.75,card,no
ORD-51334,2025-03-27,8,Riverside,Coffee,Espresso,large,1,3.75,3.75,mobile,no
ORD-51335,2025-03-27,8,Riverside,Tea,Chai latte,medium,1,4.75,4.75,card,no
ORD-51336,2025-03-27,9,Downtown,Coffee,Flat white,small,2,4,8,card,yes
ORD-51337,2025-03-27,9,Downtown,Tea,Matcha latte,small,1,5,5,mobile,no
ORD-51338,2025-03-27,9,Downtown,Coffee,Latte,large,4,5.5,22,card,yes
ORD-51339,2025-03-27,11,Riverside,Coffee,Latte,medium,1,4.75,4.75,mobile,no
ORD-51340,2025-03-27,11,Riverside,Bakery,Croissant,regular,2,3.75,7.5,mobile,no
ORD-51341,2025-03-27,11,Downtown,Tea,Chai latte,large,1,5.5,5.5,mobile,no
ORD-51342,2025-03-27,12,Airport,Food,Breakfast sandwich,regular,1,9.5,9.5,card,yes
ORD-51343,2025-03-27,12,Downtown,Tea,Matcha latte,large,1,6.25,6.25,mobile,no
ORD-51344,2025-03-27,12,Airport,Bakery,Banana bread,regular,2,4.75,9.5,cash,no
ORD-51345,2025-03-27,12,Downtown,Tea,Matcha latte,medium,1,5.5,5.5,mobile,no
ORD-51346,2025-03-27,14,Downtown,Coffee,Latte,small,1,4.25,4.25,mobile,no
ORD-51347,2025-03-27,16,Downtown,Coffee,Latte,large,1,5.5,5.5,card,no
ORD-51348,2025-03-28,7,Downtown,Food,Granola bowl,regular,1,7.5,7.5,card,no
ORD-51349,2025-03-28,7,Riverside,Coffee,Latte,medium,1,4.75,4.75,card,yes
ORD-51350,2025-03-28,7,Downtown,Food,Avocado toast,regular,1,9.5,9.5,mobile,yes
ORD-51351,2025-03-28,8,Downtown,Coffee,Latte,small,1,4.25,4.25,card,no
ORD-51352,2025-03-28,9,Riverside,Coffee,Flat white,medium,1,4.5,4.5,mobile,yes
ORD-51353,2025-03-28,9,Downtown,Coffee,Cold brew,large,1,5.75,5.75,card,no
ORD-51354,2025-03-28,12,Downtown,Coffee,Flat white,large,1,5.25,5.25,mobile,yes
ORD-51355,2025-03-28,13,Riverside,Food,Avocado toast,regular,2,9.5,19,mobile,no
ORD-51356,2025-03-28,14,Downtown,Bakery,Cinnamon roll,regular,2,4.5,9,mobile,no
ORD-51357,2025-03-28,16,Downtown,Coffee,Cold brew,medium,1,5,5,card,no
ORD-51358,2025-03-28,17,Airport,Tea,Chai latte,large,1,6.25,6.25,card,no
ORD-51359,2025-03-28,18,Riverside,Food,Avocado toast,regular,1,9.5,9.5,mobile,yes
ORD-51360,2025-03-29,8,Riverside,Coffee,Espresso,medium,1,3,3,card,no
ORD-51361,2025-03-29,8,Downtown,Coffee,Americano,small,1,3,3,card,no
ORD-51362,2025-03-29,8,Airport,Bakery,Cinnamon roll,regular,1,5.25,5.25,mobile,yes
ORD-51363,2025-03-29,8,Airport,Bakery,Cinnamon roll,regular,2,5.25,10.5,card,yes
ORD-51364,2025-03-29,8,Riverside,Coffee,Latte,medium,3,4.75,14.25,mobile,no
ORD-51365,2025-03-29,10,Downtown,Tea,Earl grey,medium,1,3.25,3.25,card,no
ORD-51366,2025-03-29,10,Riverside,Bakery,Croissant,regular,1,3.75,3.75,mobile,yes
ORD-51367,2025-03-29,10,Riverside,Bakery,Cinnamon roll,regular,2,4.5,9,card,no
ORD-51368,2025-03-29,10,Downtown,Bakery,Cinnamon roll,regular,1,4.5,4.5,card,no
ORD-51369,2025-03-29,11,Downtown,Food,Breakfast sandwich,regular,1,8.75,8.75,card,no
ORD-51370,2025-03-29,11,Downtown,Tea,Chai latte,medium,3,4.75,14.25,mobile,yes
ORD-51371,2025-03-29,12,Downtown,Food,Breakfast sandwich,regular,1,8.75,8.75,card,yes
ORD-51372,2025-03-29,12,Airport,Bakery,Croissant,regular,1,4.5,4.5,mobile,yes
ORD-51373,2025-03-29,13,Airport,Food,Breakfast sandwich,regular,1,9.5,9.5,card,yes
ORD-51374,2025-03-29,13,Riverside,Coffee,Latte,medium,1,4.75,4.75,card,no
ORD-51375,2025-03-29,16,Downtown,Coffee,Latte,small,1,4.25,4.25,card,no
ORD-51376,2025-03-29,17,Airport,Coffee,Latte,small,1,5,5,mobile,no
ORD-51377,2025-03-30,6,Downtown,Food,Breakfast sandwich,regular,2,8.75,17.5,card,yes
ORD-51378,2025-03-30,7,Riverside,Bakery,Banana bread,regular,3,4,12,card,yes
ORD-51379,2025-03-30,7,Downtown,Coffee,Americano,large,2,4.25,8.5,card,yes
ORD-51380,2025-03-30,7,Downtown,Tea,Chai latte,large,1,5.5,5.5,card,no
ORD-51381,2025-03-30,8,Downtown,Coffee,Cappuccino,medium,1,4.5,4.5,card,no
ORD-51382,2025-03-30,8,Downtown,Coffee,Flat white,medium,1,4.5,4.5,card,no
ORD-51383,2025-03-30,8,Downtown,Coffee,Latte,large,1,5.5,5.5,card,no
ORD-51384,2025-03-30,8,Airport,Food,Granola bowl,regular,1,8.25,8.25,mobile,yes
ORD-51385,2025-03-30,9,Airport,Tea,Matcha latte,large,1,7,7,card,no
ORD-51386,2025-03-30,10,Riverside,Coffee,Espresso,small,1,2.5,2.5,card,yes
ORD-51387,2025-03-30,10,Airport,Tea,Chai latte,medium,1,5.5,5.5,mobile,no
ORD-51388,2025-03-30,11,Airport,Coffee,Cappuccino,small,1,4.75,4.75,mobile,yes
ORD-51389,2025-03-30,12,Riverside,Coffee,Flat white,large,2,5.25,10.5,mobile,no
ORD-51390,2025-03-30,12,Riverside,Coffee,Americano,small,1,3,3,mobile,no
ORD-51391,2025-03-30,13,Airport,Food,Avocado toast,regular,1,10.25,10.25,mobile,no
ORD-51392,2025-03-30,13,Riverside,Food,Avocado toast,regular,1,9.5,9.5,cash,no
ORD-51393,2025-03-30,14,Riverside,Bakery,Croissant,regular,2,3.75,7.5,mobile,no
ORD-51394,2025-03-30,14,Riverside,Coffee,Latte,medium,1,4.75,4.75,cash,no
ORD-51395,2025-03-30,15,Downtown,Coffee,Cappuccino,large,1,5.25,5.25,mobile,no
ORD-51396,2025-03-30,15,Riverside,Tea,Matcha latte,medium,2,5.5,11,mobile,no
ORD-51397,2025-03-30,15,Downtown,Coffee,Flat white,large,1,5.25,5.25,card,yes
ORD-51398,2025-03-30,16,Downtown,Coffee,Flat white,small,1,4,4,card,no
ORD-51399,2025-03-30,16,Airport,Bakery,Croissant,regular,1,4.5,4.5,mobile,no
ORD-51400,2025-03-30,16,Riverside,Coffee,Latte,small,3,4.25,12.75,card,yes
ORD-51401,2025-03-31,6,Downtown,Coffee,Latte,small,2,4.25,8.5,mobile,yes
ORD-51402,2025-03-31,7,Riverside,Bakery,Croissant,regular,1,3.75,3.75,mobile,yes
ORD-51403,2025-03-31,7,Airport,Coffee,Latte,large,1,6.25,6.25,card,no
ORD-51404,2025-03-31,7,Riverside,Food,Granola bowl,regular,2,7.5,15,mobile,no
ORD-51405,2025-03-31,8,Downtown,Coffee,Cold brew,large,1,5.75,5.75,card,no
ORD-51406,2025-03-31,8,Riverside,Coffee,Espresso,medium,1,3,3,card,no
ORD-51407,2025-03-31,8,Riverside,Food,Breakfast sandwich,regular,1,8.75,8.75,mobile,no
ORD-51408,2025-03-31,9,Riverside,Bakery,Croissant,regular,1,3.75,3.75,card,no
ORD-51409,2025-03-31,10,Downtown,Coffee,Flat white,medium,1,4.5,4.5,card,no
ORD-51410,2025-03-31,10,Airport,Bakery,Croissant,regular,1,4.5,4.5,card,no
ORD-51411,2025-03-31,10,Riverside,Tea,Chai latte,medium,1,4.75,4.75,mobile,yes
ORD-51412,2025-03-31,10,Downtown,Coffee,Americano,large,2,4.25,8.5,mobile,no
ORD-51413,2025-03-31,10,Downtown,Bakery,Banana bread,regular,2,4,8,card,yes
ORD-51414,2025-03-31,11,Riverside,Coffee,Cold brew,medium,1,5,5,card,no
ORD-51415,2025-03-31,12,Riverside,Coffee,Espresso,large,1,3.75,3.75,card,no
ORD-51416,2025-03-31,13,Downtown,Coffee,Cappuccino,medium,1,4.5,4.5,mobile,yes
ORD-51417,2025-03-31,13,Downtown,Food,Avocado toast,regular,1,9.5,9.5,mobile,yes
ORD-51418,2025-03-31,14,Downtown,Coffee,Flat white,medium,1,4.5,4.5,card,no
ORD-51419,2025-03-31,18,Riverside,Tea,Chai latte,large,1,5.5,5.5,card,no
ORD-51420,2025-04-01,6,Downtown,Coffee,Latte,medium,1,4.75,4.75,mobile,yes
ORD-51421,2025-04-01,6,Downtown,Food,Avocado toast,regular,1,9.5,9.5,mobile,no
ORD-51422,2025-04-01,7,Airport,Coffee,Espresso,large,1,4.5,4.5,card,yes
ORD-51423,2025-04-01,7,Downtown,Tea,Earl grey,medium,1,3.25,3.25,card,no
ORD-51424,2025-04-01,8,Riverside,Coffee,Cold brew,small,1,4.5,4.5,card,yes
ORD-51425,2025-04-01,8,Downtown,Coffee,Flat white,small,1,4,4,card,no
ORD-51426,2025-04-01,9,Airport,Food,Granola bowl,regular,1,8.25,8.25,mobile,no
ORD-51427,2025-04-01,11,Airport,Coffee,Flat white,large,3,6,18,cash,yes
ORD-51428,2025-04-01,11,Riverside,Tea,Matcha latte,large,1,6.25,6.25,card,no
ORD-51429,2025-04-01,11,Downtown,Food,Granola bowl,regular,1,7.5,7.5,mobile,no
ORD-51430,2025-04-01,12,Airport,Coffee,Espresso,large,1,4.5,4.5,card,no
ORD-51431,2025-04-01,12,Downtown,Coffee,Flat white,small,1,4,4,card,no
ORD-51432,2025-04-01,13,Airport,Coffee,Americano,medium,1,4.25,4.25,card,no
ORD-51433,2025-04-01,13,Airport,Coffee,Cappuccino,small,1,4.75,4.75,mobile,no
ORD-51434,2025-04-01,13,Downtown,Food,Avocado toast,regular,3,9.5,28.5,mobile,no
ORD-51435,2025-04-01,15,Downtown,Bakery,Croissant,regular,2,3.75,7.5,cash,no
ORD-51436,2025-04-01,15,Airport,Coffee,Flat white,large,1,6,6,cash,yes
ORD-51437,2025-04-01,16,Downtown,Tea,Chai latte,large,1,5.5,5.5,card,no
ORD-51438,2025-04-01,17,Riverside,Bakery,Banana bread,regular,2,4,8,card,no
ORD-51439,2025-04-02,6,Riverside,Coffee,Latte,small,1,4.25,4.25,cash,no
ORD-51440,2025-04-02,7,Downtown,Coffee,Flat white,small,2,4,8,card,no
ORD-51441,2025-04-02,7,Airport,Coffee,Cappuccino,large,2,6,12,card,no
ORD-51442,2025-04-02,7,Downtown,Coffee,Cappuccino,medium,1,4.5,4.5,card,yes
ORD-51443,2025-04-02,7,Riverside,Tea,Chai latte,medium,1,4.75,4.75,mobile,no
ORD-51444,2025-04-02,8,Downtown,Coffee,Americano,medium,1,3.5,3.5,card,yes
ORD-51445,2025-04-02,8,Downtown,Tea,Earl grey,medium,3,3.25,9.75,card,no
ORD-51446,2025-04-02,10,Riverside,Bakery,Banana bread,regular,1,4,4,card,yes
ORD-51447,2025-04-02,10,Riverside,Coffee,Espresso,medium,1,3,3,mobile,no
ORD-51448,2025-04-02,10,Airport,Bakery,Cinnamon roll,regular,1,5.25,5.25,mobile,no
ORD-51449,2025-04-02,11,Riverside,Food,Breakfast sandwich,regular,1,8.75,8.75,card,no
ORD-51450,2025-04-02,11,Airport,Coffee,Latte,medium,1,5.5,5.5,card,yes
ORD-51451,2025-04-02,12,Downtown,Coffee,Cold brew,medium,2,5,10,card,no
ORD-51452,2025-04-02,13,Riverside,Coffee,Latte,medium,1,4.75,4.75,mobile,yes
ORD-51453,2025-04-02,14,Downtown,Tea,Matcha latte,large,2,6.25,12.5,mobile,yes
ORD-51454,2025-04-02,15,Riverside,Coffee,Flat white,medium,3,4.5,13.5,card,no
ORD-51455,2025-04-02,15,Airport,Tea,Chai latte,large,1,6.25,6.25,card,yes
ORD-51456,2025-04-03,9,Airport,Bakery,Croissant,regular,1,4.5,4.5,card,yes
ORD-51457,2025-04-03,9,Downtown,Food,Breakfast sandwich,regular,1,8.75,8.75,card,no
ORD-51458,2025-04-03,10,Downtown,Coffee,Cappuccino,large,1,5.25,5.25,card,no
ORD-51459,2025-04-03,10,Airport,Coffee,Latte,medium,2,5.5,11,card,yes
ORD-51460,2025-04-03,12,Airport,Bakery,Cinnamon roll,regular,2,5.25,10.5,card,no
ORD-51461,2025-04-03,12,Downtown,Coffee,Cappuccino,medium,2,4.5,9,cash,no
ORD-51462,2025-04-03,13,Riverside,Tea,Chai latte,large,4,5.5,22,card,yes
ORD-51463,2025-04-03,13,Airport,Coffee,Espresso,medium,1,3.75,3.75,mobile,no
ORD-51464,2025-04-03,14,Downtown,Coffee,Espresso,medium,1,3,3,cash,no
ORD-51465,2025-04-03,16,Airport,Food,Breakfast sandwich,regular,2,9.5,19,mobile,no
ORD-51466,2025-04-04,6,Riverside,Food,Breakfast sandwich,regular,1,8.75,8.75,card,no
ORD-51467,2025-04-04,6,Downtown,Coffee,Cappuccino,small,1,4,4,card,no
ORD-51468,2025-04-04,7,Downtown,Coffee,Espresso,medium,1,3,3,card,no
ORD-51469,2025-04-04,8,Airport,Coffee,Flat white,large,1,6,6,card,no
ORD-51470,2025-04-04,8,Downtown,Coffee,Americano,small,1,3,3,mobile,yes
ORD-51471,2025-04-04,8,Downtown,Food,Breakfast sandwich,regular,1,8.75,8.75,mobile,no
ORD-51472,2025-04-04,8,Airport,Coffee,Cappuccino,medium,1,5.25,5.25,mobile,no
ORD-51473,2025-04-04,8,Riverside,Bakery,Banana bread,regular,1,4,4,card,no
ORD-51474,2025-04-04,9,Downtown,Food,Avocado toast,regular,1,9.5,9.5,card,yes
ORD-51475,2025-04-04,9,Airport,Coffee,Cappuccino,medium,1,5.25,5.25,card,yes
ORD-51476,2025-04-04,9,Airport,Bakery,Banana bread,regular,1,4.75,4.75,card,yes
ORD-51477,2025-04-04,9,Airport,Tea,Chai latte,small,1,5,5,cash,no
ORD-51478,2025-04-04,10,Riverside,Bakery,Cinnamon roll,regular,1,4.5,4.5,cash,yes
ORD-51479,2025-04-04,10,Downtown,Tea,Matcha latte,large,1,6.25,6.25,card,yes
ORD-51480,2025-04-04,14,Downtown,Coffee,Latte,medium,1,4.75,4.75,cash,no
ORD-51481,2025-04-04,15,Airport,Coffee,Cold brew,small,1,5.25,5.25,cash,no
ORD-51482,2025-04-04,17,Downtown,Tea,Chai latte,medium,3,4.75,14.25,cash,no
ORD-51483,2025-04-05,7,Riverside,Coffee,Flat white,large,1,5.25,5.25,mobile,no
ORD-51484,2025-04-05,7,Riverside,Coffee,Latte,small,1,4.25,4.25,cash,no
ORD-51485,2025-04-05,7,Downtown,Bakery,Cinnamon roll,regular,1,4.5,4.5,card,no
ORD-51486,2025-04-05,7,Riverside,Coffee,Cappuccino,small,2,4,8,mobile,no
ORD-51487,2025-04-05,8,Airport,Coffee,Latte,medium,2,5.5,11,card,no
ORD-51488,2025-04-05,8,Downtown,Tea,Matcha latte,medium,2,5.5,11,card,yes
ORD-51489,2025-04-05,8,Downtown,Coffee,Cappuccino,small,2,4,8,card,yes
ORD-51490,2025-04-05,8,Downtown,Coffee,Americano,small,1,3,3,mobile,no
ORD-51491,2025-04-05,8,Riverside,Coffee,Espresso,medium,1,3,3,card,yes
ORD-51492,2025-04-05,9,Riverside,Coffee,Latte,medium,1,4.75,4.75,mobile,no
ORD-51493,2025-04-05,9,Downtown,Coffee,Flat white,large,1,5.25,5.25,card,yes
ORD-51494,2025-04-05,10,Downtown,Food,Granola bowl,regular,1,7.5,7.5,mobile,no
ORD-51495,2025-04-05,10,Airport,Coffee,Cold brew,large,1,6.5,6.5,card,yes
ORD-51496,2025-04-05,10,Downtown,Food,Breakfast sandwich,regular,2,8.75,17.5,card,no
ORD-51497,2025-04-05,10,Riverside,Coffee,Cold brew,medium,1,5,5,mobile,no
ORD-51498,2025-04-05,11,Airport,Food,Breakfast sandwich,regular,1,9.5,9.5,card,yes
ORD-51499,2025-04-05,12,Downtown,Tea,Chai latte,medium,1,4.75,4.75,card,no
ORD-51500,2025-04-05,12,Riverside,Coffee,Cold brew,small,2,4.5,9,card,no
ORD-51501,2025-04-05,13,Airport,Food,Granola bowl,regular,1,8.25,8.25,card,yes
ORD-51502,2025-04-05,13,Riverside,Bakery,Banana bread,regular,2,4,8,mobile,no
ORD-51503,2025-04-06,7,Airport,Coffee,Cappuccino,large,1,6,6,card,yes
ORD-51504,2025-04-06,8,Riverside,Bakery,Croissant,regular,1,3.75,3.75,card,no
ORD-51505,2025-04-06,8,Downtown,Coffee,Latte,small,2,4.25,8.5,card,yes
ORD-51506,2025-04-06,8,Riverside,Tea,Matcha latte,medium,1,5.5,5.5,mobile,no
ORD-51507,2025-04-06,9,Downtown,Coffee,Flat white,large,1,5.25,5.25,card,no
ORD-51508,2025-04-06,9,Downtown,Coffee,Latte,large,1,5.5,5.5,card,no
ORD-51509,2025-04-06,11,Downtown,Tea,Earl grey,medium,2,3.25,6.5,mobile,yes
ORD-51510,2025-04-06,13,Downtown,Coffee,Latte,small,1,4.25,4.25,mobile,no
ORD-51511,2025-04-06,15,Riverside,Coffee,Latte,small,1,4.25,4.25,card,yes
ORD-51512,2025-04-06,15,Downtown,Coffee,Cappuccino,medium,1,4.5,4.5,mobile,yes
ORD-51513,2025-04-07,6,Downtown,Bakery,Croissant,regular,2,3.75,7.5,cash,no
ORD-51514,2025-04-07,6,Riverside,Coffee,Flat white,small,1,4,4,mobile,no
ORD-51515,2025-04-07,7,Riverside,Coffee,Flat white,medium,1,4.5,4.5,card,no
ORD-51516,2025-04-07,7,Riverside,Tea,Matcha latte,medium,3,5.5,16.5,card,no
ORD-51517,2025-04-07,8,Riverside,Tea,Matcha latte,large,2,6.25,12.5,cash,yes
ORD-51518,2025-04-07,8,Riverside,Food,Granola bowl,regular,1,7.5,7.5,card,no
ORD-51519,2025-04-07,8,Riverside,Coffee,Cold brew,large,2,5.75,11.5,mobile,no
ORD-51520,2025-04-07,8,Riverside,Food,Breakfast sandwich,regular,1,8.75,8.75,card,no
ORD-51521,2025-04-07,8,Riverside,Bakery,Croissant,regular,1,3.75,3.75,mobile,no
ORD-51522,2025-04-07,9,Downtown,Coffee,Flat white,large,1,5.25,5.25,card,yes
ORD-51523,2025-04-07,9,Riverside,Coffee,Cappuccino,small,1,4,4,card,no
ORD-51524,2025-04-07,10,Riverside,Coffee,Americano,large,1,4.25,4.25,cash,yes
ORD-51525,2025-04-07,11,Downtown,Food,Granola bowl,regular,2,7.5,15,mobile,no
ORD-51526,2025-04-07,13,Riverside,Tea,Earl grey,medium,1,3.25,3.25,card,no
ORD-51527,2025-04-07,14,Riverside,Coffee,Cappuccino,medium,2,4.5,9,card,no
ORD-51528,2025-04-07,14,Airport,Food,Breakfast sandwich,regular,2,9.5,19,card,no
ORD-51529,2025-04-07,15,Downtown,Food,Breakfast sandwich,regular,2,8.75,17.5,card,no
ORD-51530,2025-04-07,16,Downtown,Bakery,Croissant,regular,1,3.75,3.75,mobile,no
ORD-51531,2025-04-07,16,Riverside,Coffee,Espresso,large,1,3.75,3.75,card,no
ORD-51532,2025-04-07,18,Downtown,Coffee,Cappuccino,medium,1,4.5,4.5,card,no
ORD-51533,2025-04-08,7,Downtown,Bakery,Croissant,regular,4,3.75,15,mobile,no
ORD-51534,2025-04-08,7,Riverside,Tea,Chai latte,small,2,4.25,8.5,card,yes
ORD-51535,2025-04-08,7,Riverside,Coffee,Flat white,medium,1,4.5,4.5,card,no
ORD-51536,2025-04-08,7,Airport,Tea,Chai latte,small,1,5,5,mobile,no
ORD-51537,2025-04-08,7,Riverside,Coffee,Cappuccino,small,1,4,4,cash,no
ORD-51538,2025-04-08,7,Riverside,Coffee,Flat white,medium,1,4.5,4.5,card,yes
ORD-51539,2025-04-08,8,Riverside,Coffee,Americano,medium,1,3.5,3.5,mobile,yes
ORD-51540,2025-04-08,8,Airport,Food,Avocado toast,regular,1,10.25,10.25,card,no
ORD-51541,2025-04-08,8,Downtown,Bakery,Croissant,regular,1,3.75,3.75,card,yes
ORD-51542,2025-04-08,8,Riverside,Bakery,Croissant,regular,1,3.75,3.75,mobile,yes
ORD-51543,2025-04-08,8,Riverside,Bakery,Croissant,regular,1,3.75,3.75,card,no
ORD-51544,2025-04-08,8,Downtown,Coffee,Cappuccino,medium,1,4.5,4.5,card,no
ORD-51545,2025-04-08,9,Airport,Bakery,Croissant,regular,1,4.5,4.5,mobile,no
ORD-51546,2025-04-08,9,Downtown,Coffee,Cappuccino,large,1,5.25,5.25,card,no
ORD-51547,2025-04-08,9,Downtown,Food,Avocado toast,regular,1,9.5,9.5,card,no
ORD-51548,2025-04-08,9,Downtown,Bakery,Cinnamon roll,regular,2,4.5,9,mobile,yes
ORD-51549,2025-04-08,10,Riverside,Coffee,Cold brew,small,2,4.5,9,card,no
ORD-51550,2025-04-08,11,Airport,Food,Avocado toast,regular,3,10.25,30.75,cash,yes
ORD-51551,2025-04-08,11,Riverside,Food,Avocado toast,regular,1,9.5,9.5,card,no
ORD-51552,2025-04-08,12,Riverside,Coffee,Americano,small,1,3,3,cash,yes
ORD-51553,2025-04-08,12,Downtown,Food,Avocado toast,regular,1,9.5,9.5,cash,yes
ORD-51554,2025-04-08,12,Airport,Coffee,Cappuccino,small,1,4.75,4.75,card,no
ORD-51555,2025-04-08,12,Airport,Coffee,Flat white,medium,1,5.25,5.25,card,no
ORD-51556,2025-04-08,13,Downtown,Food,Breakfast sandwich,regular,1,8.75,8.75,cash,no
ORD-51557,2025-04-08,17,Downtown,Coffee,Americano,medium,1,3.5,3.5,mobile,yes
ORD-51558,2025-04-08,18,Airport,Coffee,Flat white,small,1,4.75,4.75,mobile,no
ORD-51559,2025-04-09,6,Downtown,Coffee,Latte,small,2,4.25,8.5,mobile,no
ORD-51560,2025-04-09,7,Riverside,Coffee,Cappuccino,medium,1,4.5,4.5,card,yes
ORD-51561,2025-04-09,7,Downtown,Bakery,Croissant,regular,1,3.75,3.75,card,no
ORD-51562,2025-04-09,7,Airport,Coffee,Americano,large,1,5,5,mobile,yes
ORD-51563,2025-04-09,7,Airport,Food,Avocado toast,regular,1,10.25,10.25,card,yes
ORD-51564,2025-04-09,7,Riverside,Tea,Chai latte,large,1,5.5,5.5,mobile,yes
ORD-51565,2025-04-09,8,Riverside,Coffee,Flat white,large,1,5.25,5.25,mobile,yes
ORD-51566,2025-04-09,8,Downtown,Coffee,Flat white,small,1,4,4,card,no
ORD-51567,2025-04-09,8,Airport,Food,Breakfast sandwich,regular,1,9.5,9.5,card,yes
ORD-51568,2025-04-09,9,Downtown,Food,Breakfast sandwich,regular,1,8.75,8.75,mobile,no
ORD-51569,2025-04-09,9,Downtown,Tea,Earl grey,medium,1,3.25,3.25,card,yes
ORD-51570,2025-04-09,10,Riverside,Coffee,Americano,large,1,4.25,4.25,mobile,no
ORD-51571,2025-04-09,11,Riverside,Coffee,Latte,small,1,4.25,4.25,card,no
ORD-51572,2025-04-09,11,Airport,Food,Breakfast sandwich,regular,2,9.5,19,mobile,no
ORD-51573,2025-04-09,12,Airport,Coffee,Flat white,medium,1,5.25,5.25,mobile,no
ORD-51574,2025-04-09,15,Riverside,Coffee,Espresso,small,1,2.5,2.5,mobile,yes
ORD-51575,2025-04-09,16,Downtown,Bakery,Banana bread,regular,1,4,4,mobile,no
ORD-51576,2025-04-09,18,Riverside,Coffee,Flat white,small,1,4,4,mobile,no
ORD-51577,2025-04-10,6,Downtown,Bakery,Croissant,regular,1,3.75,3.75,card,no
ORD-51578,2025-04-10,7,Riverside,Coffee,Cold brew,medium,1,5,5,cash,no
ORD-51579,2025-04-10,7,Downtown,Coffee,Flat white,medium,2,4.5,9,card,no
ORD-51580,2025-04-10,8,Riverside,Coffee,Americano,large,2,4.25,8.5,cash,yes
ORD-51581,2025-04-10,8,Downtown,Bakery,Banana bread,regular,1,4,4,card,no
ORD-51582,2025-04-10,8,Downtown,Coffee,Espresso,large,2,3.75,7.5,card,yes
ORD-51583,2025-04-10,9,Airport,Coffee,Cappuccino,medium,1,5.25,5.25,card,no
ORD-51584,2025-04-10,9,Airport,Food,Granola bowl,regular,1,8.25,8.25,mobile,yes
ORD-51585,2025-04-10,9,Downtown,Food,Breakfast sandwich,regular,1,8.75,8.75,cash,yes
ORD-51586,2025-04-10,10,Downtown,Coffee,Cappuccino,large,3,5.25,15.75,card,no
ORD-51587,2025-04-10,10,Airport,Coffee,Latte,medium,2,5.5,11,card,yes
ORD-51588,2025-04-10,10,Downtown,Tea,Matcha latte,medium,1,5.5,5.5,card,no
ORD-51589,2025-04-10,12,Airport,Coffee,Latte,large,1,6.25,6.25,card,no
ORD-51590,2025-04-10,12,Downtown,Coffee,Flat white,medium,1,4.5,4.5,card,yes
ORD-51591,2025-04-10,12,Riverside,Coffee,Espresso,medium,3,3,9,card,no
ORD-51592,2025-04-10,12,Riverside,Food,Granola bowl,regular,1,7.5,7.5,mobile,yes
ORD-51593,2025-04-10,13,Downtown,Coffee,Latte,small,1,4.25,4.25,mobile,no
ORD-51594,2025-04-10,13,Airport,Bakery,Banana bread,regular,3,4.75,14.25,card,no
ORD-51595,2025-04-10,14,Downtown,Bakery,Croissant,regular,1,3.75,3.75,cash,yes
ORD-51596,2025-04-10,18,Airport,Coffee,Latte,small,1,5,5,card,no
ORD-51597,2025-04-10,18,Riverside,Coffee,Cappuccino,medium,1,4.5,4.5,card,no
ORD-51598,2025-04-11,6,Downtown,Bakery,Croissant,regular,1,3.75,3.75,mobile,yes
ORD-51599,2025-04-11,6,Downtown,Food,Breakfast sandwich,regular,1,8.75,8.75,card,yes
ORD-51600,2025-04-11,7,Riverside,Coffee,Latte,medium,1,4.75,4.75,mobile,no
ORD-51601,2025-04-11,7,Downtown,Coffee,Americano,medium,1,3.5,3.5,cash,no
ORD-51602,2025-04-11,8,Airport,Bakery,Banana bread,regular,1,4.75,4.75,cash,no
ORD-51603,2025-04-11,8,Downtown,Bakery,Croissant,regular,1,3.75,3.75,mobile,no
ORD-51604,2025-04-11,8,Downtown,Food,Granola bowl,regular,1,7.5,7.5,card,no
ORD-51605,2025-04-11,9,Airport,Coffee,Americano,medium,2,4.25,8.5,card,no
ORD-51606,2025-04-11,9,Downtown,Tea,Chai latte,medium,1,4.75,4.75,mobile,yes
ORD-51607,2025-04-11,10,Riverside,Bakery,Banana bread,regular,2,4,8,cash,no
ORD-51608,2025-04-11,10,Airport,Coffee,Cappuccino,medium,1,5.25,5.25,card,no
ORD-51609,2025-04-11,12,Downtown,Food,Avocado toast,regular,2,9.5,19,card,no
ORD-51610,2025-04-11,13,Airport,Coffee,Latte,medium,1,5.5,5.5,mobile,no
ORD-51611,2025-04-11,13,Downtown,Coffee,Latte,large,1,5.5,5.5,card,no
ORD-51612,2025-04-11,13,Riverside,Tea,Matcha latte,large,1,6.25,6.25,card,no
ORD-51613,2025-04-11,14,Airport,Coffee,Flat white,small,1,4.75,4.75,cash,yes
ORD-51614,2025-04-11,15,Downtown,Food,Granola bowl,regular,1,7.5,7.5,cash,no
ORD-51615,2025-04-11,15,Airport,Coffee,Flat white,medium,2,5.25,10.5,card,no
ORD-51616,2025-04-11,15,Riverside,Food,Avocado toast,regular,1,9.5,9.5,mobile,yes
ORD-51617,2025-04-11,18,Downtown,Coffee,Flat white,small,1,4,4,card,no
ORD-51618,2025-04-12,6,Riverside,Tea,Chai latte,large,2,5.5,11,mobile,yes
ORD-51619,2025-04-12,6,Downtown,Tea,Earl grey,large,1,4,4,mobile,no
ORD-51620,2025-04-12,7,Downtown,Coffee,Americano,large,1,4.25,4.25,card,yes
ORD-51621,2025-04-12,7,Downtown,Coffee,Cold brew,large,1,5.75,5.75,card,no
ORD-51622,2025-04-12,8,Downtown,Coffee,Flat white,small,1,4,4,card,yes
ORD-51623,2025-04-12,8,Downtown,Coffee,Latte,large,3,5.5,16.5,card,no
ORD-51624,2025-04-12,8,Downtown,Bakery,Cinnamon roll,regular,1,4.5,4.5,mobile,no
ORD-51625,2025-04-12,9,Downtown,Coffee,Cappuccino,medium,1,4.5,4.5,card,no
ORD-51626,2025-04-12,9,Downtown,Food,Avocado toast,regular,1,9.5,9.5,cash,yes
ORD-51627,2025-04-12,9,Downtown,Coffee,Flat white,medium,4,4.5,18,mobile,no
ORD-51628,2025-04-12,10,Airport,Coffee,Flat white,medium,1,5.25,5.25,cash,no
ORD-51629,2025-04-12,10,Downtown,Coffee,Americano,medium,1,3.5,3.5,cash,yes
ORD-51630,2025-04-12,11,Airport,Tea,Matcha latte,medium,1,6.25,6.25,card,no
ORD-51631,2025-04-12,11,Airport,Coffee,Latte,medium,1,5.5,5.5,card,no
ORD-51632,2025-04-12,12,Downtown,Coffee,Latte,large,1,5.5,5.5,mobile,yes
ORD-51633,2025-04-12,12,Downtown,Coffee,Cappuccino,medium,1,4.5,4.5,mobile,no
ORD-51634,2025-04-12,13,Riverside,Tea,Chai latte,medium,1,4.75,4.75,card,yes
ORD-51635,2025-04-12,13,Riverside,Food,Avocado toast,regular,3,9.5,28.5,card,no
ORD-51636,2025-04-12,15,Airport,Bakery,Banana bread,regular,1,4.75,4.75,mobile,no
ORD-51637,2025-04-12,15,Downtown,Coffee,Cold brew,medium,1,5,5,card,no
ORD-51638,2025-04-12,16,Airport,Bakery,Cinnamon roll,regular,1,5.25,5.25,mobile,yes
ORD-51639,2025-04-12,17,Riverside,Bakery,Croissant,regular,1,3.75,3.75,cash,no
ORD-51640,2025-04-12,17,Downtown,Food,Breakfast sandwich,regular,1,8.75,8.75,cash,yes
ORD-51641,2025-04-13,7,Downtown,Bakery,Cinnamon roll,regular,2,4.5,9,card,yes
ORD-51642,2025-04-13,7,Riverside,Coffee,Americano,medium,1,3.5,3.5,card,no
ORD-51643,2025-04-13,7,Downtown,Tea,Matcha latte,large,1,6.25,6.25,mobile,no
ORD-51644,2025-04-13,7,Downtown,Tea,Chai latte,large,1,5.5,5.5,card,yes
ORD-51645,2025-04-13,8,Downtown,Coffee,Espresso,medium,1,3,3,mobile,yes
ORD-51646,2025-04-13,8,Riverside,Coffee,Cold brew,medium,1,5,5,card,no
ORD-51647,2025-04-13,8,Downtown,Food,Breakfast sandwich,regular,1,8.75,8.75,cash,yes
ORD-51648,2025-04-13,9,Downtown,Tea,Matcha latte,small,1,5,5,mobile,no
ORD-51649,2025-04-13,9,Riverside,Coffee,Americano,small,1,3,3,card,yes
ORD-51650,2025-04-13,9,Riverside,Coffee,Cold brew,small,3,4.5,13.5,card,no
ORD-51651,2025-04-13,11,Riverside,Tea,Matcha latte,small,1,5,5,card,no
ORD-51652,2025-04-13,11,Downtown,Coffee,Americano,medium,3,3.5,10.5,card,yes
ORD-51653,2025-04-13,12,Downtown,Coffee,Espresso,medium,1,3,3,mobile,no
ORD-51654,2025-04-13,12,Airport,Coffee,Cappuccino,large,1,6,6,cash,no
ORD-51655,2025-04-13,13,Downtown,Coffee,Americano,large,1,4.25,4.25,card,no
ORD-51656,2025-04-13,14,Riverside,Bakery,Croissant,regular,1,3.75,3.75,card,no
ORD-51657,2025-04-13,15,Downtown,Bakery,Cinnamon roll,regular,1,4.5,4.5,card,yes
ORD-51658,2025-04-13,16,Riverside,Coffee,Flat white,large,2,5.25,10.5,card,no
ORD-51659,2025-04-13,17,Riverside,Food,Avocado toast,regular,1,9.5,9.5,card,no
ORD-51660,2025-04-14,6,Riverside,Coffee,Cold brew,large,1,5.75,5.75,card,yes
ORD-51661,2025-04-14,6,Riverside,Bakery,Cinnamon roll,regular,1,4.5,4.5,card,no
ORD-51662,2025-04-14,7,Riverside,Coffee,Cappuccino,small,1,4,4,card,no
ORD-51663,2025-04-14,7,Riverside,Coffee,Flat white,medium,1,4.5,4.5,cash,no
ORD-51664,2025-04-14,7,Riverside,Food,Avocado toast,regular,1,9.5,9.5,mobile,yes
ORD-51665,2025-04-14,8,Riverside,Bakery,Croissant,regular,1,3.75,3.75,card,no
ORD-51666,2025-04-14,8,Riverside,Coffee,Americano,medium,1,3.5,3.5,mobile,no
ORD-51667,2025-04-14,8,Downtown,Coffee,Flat white,medium,1,4.5,4.5,mobile,yes
ORD-51668,2025-04-14,9,Riverside,Bakery,Croissant,regular,1,3.75,3.75,card,yes
ORD-51669,2025-04-14,9,Riverside,Coffee,Latte,small,1,4.25,4.25,card,no
ORD-51670,2025-04-14,9,Downtown,Coffee,Flat white,large,1,5.25,5.25,card,no
ORD-51671,2025-04-14,11,Downtown,Coffee,Latte,small,1,4.25,4.25,cash,no
ORD-51672,2025-04-14,11,Riverside,Coffee,Latte,small,1,4.25,4.25,mobile,yes
ORD-51673,2025-04-14,13,Riverside,Bakery,Cinnamon roll,regular,1,4.5,4.5,card,no
ORD-51674,2025-04-14,13,Riverside,Coffee,Latte,small,2,4.25,8.5,card,no
ORD-51675,2025-04-14,18,Downtown,Food,Granola bowl,regular,1,7.5,7.5,card,no
ORD-51676,2025-04-15,7,Airport,Coffee,Flat white,large,1,6,6,mobile,yes
ORD-51677,2025-04-15,7,Downtown,Tea,Chai latte,small,1,4.25,4.25,cash,no
ORD-51678,2025-04-15,9,Downtown,Bakery,Cinnamon roll,regular,1,4.5,4.5,card,yes
ORD-51679,2025-04-15,9,Airport,Coffee,Latte,medium,1,5.5,5.5,card,no
ORD-51680,2025-04-15,10,Riverside,Coffee,Cold brew,small,2,4.5,9,mobile,no
ORD-51681,2025-04-15,10,Downtown,Tea,Matcha latte,medium,1,5.5,5.5,mobile,no
ORD-51682,2025-04-15,10,Riverside,Coffee,Latte,small,1,4.25,4.25,cash,yes
ORD-51683,2025-04-15,10,Riverside,Tea,Earl grey,medium,1,3.25,3.25,cash,no
ORD-51684,2025-04-15,11,Riverside,Coffee,Latte,medium,1,4.75,4.75,mobile,no
ORD-51685,2025-04-15,12,Downtown,Coffee,Latte,medium,1,4.75,4.75,mobile,no
ORD-51686,2025-04-15,12,Riverside,Coffee,Cappuccino,medium,1,4.5,4.5,mobile,no
ORD-51687,2025-04-15,13,Riverside,Tea,Matcha latte,medium,1,5.5,5.5,card,yes
ORD-51688,2025-04-15,13,Airport,Coffee,Cappuccino,medium,1,5.25,5.25,card,no
ORD-51689,2025-04-15,15,Airport,Coffee,Espresso,small,2,3.25,6.5,mobile,yes
ORD-51690,2025-04-15,15,Riverside,Bakery,Banana bread,regular,1,4,4,card,yes
ORD-51691,2025-04-15,15,Downtown,Coffee,Flat white,medium,1,4.5,4.5,card,yes
ORD-51692,2025-04-15,16,Downtown,Coffee,Latte,medium,1,4.75,4.75,card,no
ORD-51693,2025-04-16,6,Airport,Coffee,Cold brew,medium,1,5.75,5.75,card,no
ORD-51694,2025-04-16,7,Riverside,Coffee,Cold brew,large,1,5.75,5.75,card,yes
ORD-51695,2025-04-16,7,Downtown,Coffee,Latte,medium,1,4.75,4.75,card,yes
ORD-51696,2025-04-16,8,Downtown,Coffee,Latte,large,1,5.5,5.5,mobile,yes
ORD-51697,2025-04-16,8,Airport,Coffee,Latte,small,1,5,5,card,no
ORD-51698,2025-04-16,9,Downtown,Coffee,Americano,medium,2,3.5,7,card,no
ORD-51699,2025-04-16,9,Downtown,Coffee,Latte,medium,1,4.75,4.75,card,yes
ORD-51700,2025-04-16,10,Riverside,Coffee,Latte,large,1,5.5,5.5,card,yes
ORD-51701,2025-04-16,10,Downtown,Coffee,Latte,large,1,5.5,5.5,mobile,no
ORD-51702,2025-04-16,13,Airport,Coffee,Latte,medium,1,5.5,5.5,card,yes
ORD-51703,2025-04-16,13,Downtown,Coffee,Latte,medium,1,4.75,4.75,card,no
ORD-51704,2025-04-16,13,Downtown,Food,Breakfast sandwich,regular,1,8.75,8.75,card,no
ORD-51705,2025-04-16,14,Downtown,Bakery,Banana bread,regular,1,4,4,card,yes
ORD-51706,2025-04-16,15,Riverside,Coffee,Flat white,large,1,5.25,5.25,mobile,yes
ORD-51707,2025-04-16,15,Downtown,Tea,Chai latte,small,1,4.25,4.25,card,no
ORD-51708,2025-04-16,16,Riverside,Tea,Earl grey,medium,1,3.25,3.25,card,no
ORD-51709,2025-04-16,17,Riverside,Coffee,Cappuccino,small,1,4,4,card,no
ORD-51710,2025-04-16,17,Downtown,Coffee,Cold brew,large,2,5.75,11.5,cash,yes
ORD-51711,2025-04-16,18,Airport,Tea,Matcha latte,medium,1,6.25,6.25,card,no
ORD-51712,2025-04-17,7,Downtown,Coffee,Cappuccino,medium,1,4.5,4.5,card,yes
ORD-51713,2025-04-17,8,Airport,Tea,Chai latte,medium,1,5.5,5.5,cash,no
ORD-51714,2025-04-17,9,Downtown,Coffee,Flat white,small,2,4,8,card,no
ORD-51715,2025-04-17,9,Downtown,Food,Breakfast sandwich,regular,1,8.75,8.75,mobile,no
ORD-51716,2025-04-17,12,Airport,Coffee,Espresso,medium,2,3.75,7.5,cash,yes
ORD-51717,2025-04-17,12,Riverside,Food,Breakfast sandwich,regular,1,8.75,8.75,cash,no
ORD-51718,2025-04-17,12,Riverside,Tea,Matcha latte,medium,2,5.5,11,card,yes
ORD-51719,2025-04-17,12,Downtown,Coffee,Cappuccino,large,1,5.25,5.25,card,yes
ORD-51720,2025-04-17,14,Downtown,Coffee,Cold brew,large,1,5.75,5.75,cash,no
ORD-51721,2025-04-17,15,Airport,Bakery,Cinnamon roll,regular,1,5.25,5.25,card,no
ORD-51722,2025-04-17,15,Downtown,Bakery,Croissant,regular,1,3.75,3.75,mobile,no
ORD-51723,2025-04-17,17,Downtown,Coffee,Espresso,large,1,3.75,3.75,mobile,no
ORD-51724,2025-04-18,7,Riverside,Coffee,Americano,small,1,3,3,mobile,yes
ORD-51725,2025-04-18,7,Riverside,Bakery,Cinnamon roll,regular,3,4.5,13.5,card,yes
ORD-51726,2025-04-18,7,Downtown,Coffee,Espresso,small,1,2.5,2.5,card,no
ORD-51727,2025-04-18,8,Riverside,Coffee,Cappuccino,large,2,5.25,10.5,card,no
ORD-51728,2025-04-18,8,Downtown,Coffee,Flat white,medium,1,4.5,4.5,mobile,yes
ORD-51729,2025-04-18,8,Downtown,Coffee,Cold brew,medium,2,5,10,card,yes
ORD-51730,2025-04-18,8,Downtown,Coffee,Latte,medium,1,4.75,4.75,mobile,yes
ORD-51731,2025-04-18,8,Downtown,Coffee,Latte,medium,1,4.75,4.75,cash,no
ORD-51732,2025-04-18,8,Downtown,Coffee,Cappuccino,large,2,5.25,10.5,card,no
ORD-51733,2025-04-18,9,Downtown,Coffee,Flat white,medium,2,4.5,9,mobile,no
ORD-51734,2025-04-18,9,Riverside,Coffee,Cappuccino,large,1,5.25,5.25,card,no
ORD-51735,2025-04-18,9,Downtown,Coffee,Latte,medium,2,4.75,9.5,mobile,no
ORD-51736,2025-04-18,11,Airport,Food,Breakfast sandwich,regular,3,9.5,28.5,card,yes
ORD-51737,2025-04-18,11,Airport,Bakery,Cinnamon roll,regular,1,5.25,5.25,card,yes
ORD-51738,2025-04-18,12,Riverside,Food,Avocado toast,regular,1,9.5,9.5,card,yes
ORD-51739,2025-04-18,12,Downtown,Coffee,Latte,large,2,5.5,11,card,yes
ORD-51740,2025-04-18,12,Downtown,Coffee,Cappuccino,small,1,4,4,card,no
ORD-51741,2025-04-18,12,Riverside,Tea,Chai latte,medium,1,4.75,4.75,mobile,no
ORD-51742,2025-04-18,13,Riverside,Food,Breakfast sandwich,regular,2,8.75,17.5,card,no
ORD-51743,2025-04-18,13,Riverside,Food,Avocado toast,regular,1,9.5,9.5,card,no
ORD-51744,2025-04-18,15,Riverside,Coffee,Cappuccino,small,2,4,8,mobile,yes
ORD-51745,2025-04-18,15,Downtown,Coffee,Latte,medium,1,4.75,4.75,card,yes
ORD-51746,2025-04-18,16,Riverside,Coffee,Flat white,large,1,5.25,5.25,mobile,yes
ORD-51747,2025-04-18,16,Airport,Bakery,Banana bread,regular,2,4.75,9.5,cash,no
ORD-51748,2025-04-18,16,Downtown,Bakery,Croissant,regular,1,3.75,3.75,card,yes
ORD-51749,2025-04-18,17,Airport,Coffee,Cold brew,medium,1,5.75,5.75,cash,no
ORD-51750,2025-04-19,7,Downtown,Food,Breakfast sandwich,regular,1,8.75,8.75,card,yes
ORD-51751,2025-04-19,7,Airport,Coffee,Latte,small,2,5,10,card,yes
ORD-51752,2025-04-19,7,Riverside,Coffee,Cold brew,large,1,5.75,5.75,card,no
ORD-51753,2025-04-19,8,Airport,Coffee,Espresso,small,1,3.25,3.25,mobile,no
ORD-51754,2025-04-19,8,Downtown,Bakery,Croissant,regular,1,3.75,3.75,card,no
ORD-51755,2025-04-19,8,Airport,Coffee,Flat white,medium,1,5.25,5.25,card,yes
ORD-51756,2025-04-19,9,Downtown,Bakery,Croissant,regular,3,3.75,11.25,card,no
ORD-51757,2025-04-19,9,Downtown,Coffee,Americano,medium,1,3.5,3.5,mobile,yes
ORD-51758,2025-04-19,9,Downtown,Coffee,Cold brew,large,2,5.75,11.5,cash,yes
ORD-51759,2025-04-19,9,Riverside,Tea,Matcha latte,medium,1,5.5,5.5,mobile,yes
ORD-51760,2025-04-19,9,Downtown,Coffee,Espresso,medium,3,3,9,card,no
ORD-51761,2025-04-19,9,Airport,Coffee,Latte,medium,1,5.5,5.5,card,no
ORD-51762,2025-04-19,12,Downtown,Bakery,Croissant,regular,1,3.75,3.75,card,no
ORD-51763,2025-04-19,12,Downtown,Food,Avocado toast,regular,1,9.5,9.5,card,yes
ORD-51764,2025-04-19,14,Riverside,Food,Avocado toast,regular,2,9.5,19,card,no
ORD-51765,2025-04-19,14,Airport,Bakery,Banana bread,regular,1,4.75,4.75,mobile,no
ORD-51766,2025-04-19,15,Downtown,Coffee,Americano,small,1,3,3,mobile,no
ORD-51767,2025-04-19,18,Downtown,Coffee,Americano,large,1,4.25,4.25,card,yes
ORD-51768,2025-04-20,6,Downtown,Tea,Chai latte,small,1,4.25,4.25,card,no
ORD-51769,2025-04-20,7,Downtown,Tea,Chai latte,large,1,5.5,5.5,mobile,yes
ORD-51770,2025-04-20,8,Riverside,Coffee,Latte,medium,1,4.75,4.75,card,yes
ORD-51771,2025-04-20,8,Riverside,Tea,Chai latte,large,1,5.5,5.5,cash,no
ORD-51772,2025-04-20,8,Downtown,Coffee,Latte,medium,1,4.75,4.75,card,no
ORD-51773,2025-04-20,8,Riverside,Coffee,Latte,medium,1,4.75,4.75,card,no
ORD-51774,2025-04-20,9,Airport,Coffee,Latte,medium,2,5.5,11,card,no
ORD-51775,2025-04-20,9,Downtown,Bakery,Croissant,regular,1,3.75,3.75,cash,yes
ORD-51776,2025-04-20,10,Downtown,Food,Breakfast sandwich,regular,1,8.75,8.75,card,yes
ORD-51777,2025-04-20,11,Riverside,Coffee,Cold brew,medium,1,5,5,card,no
ORD-51778,2025-04-20,12,Airport,Food,Breakfast sandwich,regular,1,9.5,9.5,card,no
ORD-51779,2025-04-20,14,Downtown,Coffee,Flat white,small,1,4,4,cash,yes
ORD-51780,2025-04-20,15,Downtown,Coffee,Latte,large,1,5.5,5.5,card,no
ORD-51781,2025-04-20,15,Downtown,Coffee,Flat white,small,1,4,4,card,no
ORD-51782,2025-04-21,7,Downtown,Food,Avocado toast,regular,1,9.5,9.5,card,yes
ORD-51783,2025-04-21,7,Downtown,Tea,Chai latte,medium,2,4.75,9.5,card,no
ORD-51784,2025-04-21,7,Airport,Tea,Matcha latte,small,1,5.75,5.75,cash,no
ORD-51785,2025-04-21,8,Riverside,Coffee,Latte,large,1,5.5,5.5,card,yes
ORD-51786,2025-04-21,8,Riverside,Coffee,Cappuccino,medium,1,4.5,4.5,card,no
ORD-51787,2025-04-21,9,Downtown,Coffee,Flat white,small,3,4,12,mobile,no
ORD-51788,2025-04-21,9,Riverside,Coffee,Espresso,large,1,3.75,3.75,mobile,no
ORD-51789,2025-04-21,9,Riverside,Coffee,Americano,small,1,3,3,card,no
ORD-51790,2025-04-21,11,Downtown,Food,Avocado toast,regular,1,9.5,9.5,mobile,no
ORD-51791,2025-04-21,12,Riverside,Coffee,Cappuccino,medium,1,4.5,4.5,mobile,no
ORD-51792,2025-04-21,12,Downtown,Bakery,Croissant,regular,1,3.75,3.75,mobile,yes
ORD-51793,2025-04-21,12,Downtown,Coffee,Americano,medium,1,3.5,3.5,card,no
ORD-51794,2025-04-21,13,Riverside,Bakery,Cinnamon roll,regular,1,4.5,4.5,mobile,no
ORD-51795,2025-04-21,14,Downtown,Coffee,Flat white,large,1,5.25,5.25,card,no
ORD-51796,2025-04-21,17,Airport,Coffee,Cold brew,large,1,6.5,6.5,card,yes
ORD-51797,2025-04-22,6,Riverside,Tea,Chai latte,medium,1,4.75,4.75,cash,no
ORD-51798,2025-04-22,7,Downtown,Bakery,Cinnamon roll,regular,2,4.5,9,mobile,yes
ORD-51799,2025-04-22,7,Downtown,Food,Breakfast sandwich,regular,1,8.75,8.75,cash,yes
ORD-51800,2025-04-22,7,Downtown,Coffee,Latte,large,1,5.5,5.5,mobile,no
ORD-51801,2025-04-22,10,Riverside,Tea,Matcha latte,large,1,6.25,6.25,card,yes
ORD-51802,2025-04-22,10,Airport,Coffee,Americano,large,1,5,5,card,yes
ORD-51803,2025-04-22,11,Downtown,Bakery,Cinnamon roll,regular,1,4.5,4.5,card,no
ORD-51804,2025-04-22,11,Airport,Bakery,Banana bread,regular,1,4.75,4.75,mobile,no
ORD-51805,2025-04-22,11,Riverside,Bakery,Croissant,regular,1,3.75,3.75,card,no
ORD-51806,2025-04-22,12,Downtown,Bakery,Croissant,regular,1,3.75,3.75,mobile,no
ORD-51807,2025-04-22,12,Riverside,Coffee,Cold brew,medium,1,5,5,mobile,yes
ORD-51808,2025-04-22,13,Downtown,Bakery,Cinnamon roll,regular,2,4.5,9,mobile,no
ORD-51809,2025-04-22,13,Airport,Tea,Chai latte,large,1,6.25,6.25,card,yes
ORD-51810,2025-04-23,7,Airport,Bakery,Cinnamon roll,regular,1,5.25,5.25,mobile,no
ORD-51811,2025-04-23,8,Riverside,Coffee,Americano,medium,1,3.5,3.5,mobile,no
ORD-51812,2025-04-23,8,Downtown,Coffee,Latte,small,1,4.25,4.25,card,no
ORD-51813,2025-04-23,8,Airport,Bakery,Cinnamon roll,regular,1,5.25,5.25,mobile,no
ORD-51814,2025-04-23,9,Downtown,Bakery,Cinnamon roll,regular,1,4.5,4.5,card,yes
ORD-51815,2025-04-23,10,Riverside,Bakery,Croissant,regular,3,3.75,11.25,mobile,no
ORD-51816,2025-04-23,10,Downtown,Coffee,Cappuccino,medium,1,4.5,4.5,mobile,no
ORD-51817,2025-04-23,12,Downtown,Tea,Matcha latte,medium,1,5.5,5.5,card,no
ORD-51818,2025-04-23,14,Downtown,Bakery,Croissant,regular,1,3.75,3.75,card,no
ORD-51819,2025-04-23,15,Downtown,Tea,Matcha latte,large,1,6.25,6.25,card,yes
ORD-51820,2025-04-23,15,Downtown,Coffee,Latte,small,1,4.25,4.25,mobile,yes
ORD-51821,2025-04-23,15,Downtown,Bakery,Banana bread,regular,1,4,4,card,no
ORD-51822,2025-04-23,16,Downtown,Food,Breakfast sandwich,regular,1,8.75,8.75,card,no
ORD-51823,2025-04-24,6,Downtown,Coffee,Cold brew,small,1,4.5,4.5,mobile,yes
ORD-51824,2025-04-24,6,Riverside,Coffee,Espresso,medium,1,3,3,cash,yes
ORD-51825,2025-04-24,7,Riverside,Tea,Chai latte,small,1,4.25,4.25,card,no
ORD-51826,2025-04-24,7,Airport,Coffee,Cold brew,medium,1,5.75,5.75,card,no
ORD-51827,2025-04-24,8,Riverside,Tea,Earl grey,medium,1,3.25,3.25,card,yes
ORD-51828,2025-04-24,8,Airport,Coffee,Espresso,large,1,4.5,4.5,card,no
ORD-51829,2025-04-24,8,Downtown,Coffee,Cold brew,small,1,4.5,4.5,card,no
ORD-51830,2025-04-24,10,Airport,Coffee,Flat white,medium,1,5.25,5.25,cash,no
ORD-51831,2025-04-24,12,Riverside,Food,Breakfast sandwich,regular,1,8.75,8.75,card,no
ORD-51832,2025-04-24,12,Airport,Coffee,Latte,small,1,5,5,card,no
ORD-51833,2025-04-24,12,Riverside,Coffee,Americano,large,3,4.25,12.75,mobile,no
ORD-51834,2025-04-24,12,Airport,Food,Granola bowl,regular,1,8.25,8.25,cash,no
ORD-51835,2025-04-24,13,Airport,Coffee,Latte,medium,2,5.5,11,card,yes
ORD-51836,2025-04-24,14,Downtown,Coffee,Cold brew,medium,2,5,10,cash,yes
ORD-51837,2025-04-24,15,Riverside,Bakery,Cinnamon roll,regular,1,4.5,4.5,cash,yes
ORD-51838,2025-04-24,15,Downtown,Coffee,Cappuccino,large,1,5.25,5.25,mobile,yes
ORD-51839,2025-04-24,16,Airport,Coffee,Flat white,medium,1,5.25,5.25,card,yes
ORD-51840,2025-04-25,8,Riverside,Coffee,Cappuccino,medium,3,4.5,13.5,mobile,no
ORD-51841,2025-04-25,9,Airport,Tea,Chai latte,medium,1,5.5,5.5,cash,no
ORD-51842,2025-04-25,9,Downtown,Food,Avocado toast,regular,3,9.5,28.5,card,no
ORD-51843,2025-04-25,10,Riverside,Bakery,Cinnamon roll,regular,3,4.5,13.5,mobile,no
ORD-51844,2025-04-25,10,Downtown,Tea,Chai latte,medium,3,4.75,14.25,mobile,no
ORD-51845,2025-04-25,10,Riverside,Tea,Chai latte,large,1,5.5,5.5,mobile,yes
ORD-51846,2025-04-25,10,Airport,Coffee,Flat white,medium,1,5.25,5.25,mobile,no
ORD-51847,2025-04-25,10,Airport,Coffee,Americano,medium,2,4.25,8.5,mobile,no
ORD-51848,2025-04-25,11,Downtown,Food,Breakfast sandwich,regular,1,8.75,8.75,mobile,no
ORD-51849,2025-04-25,11,Downtown,Food,Breakfast sandwich,regular,1,8.75,8.75,mobile,no
ORD-51850,2025-04-25,12,Downtown,Coffee,Flat white,medium,1,4.5,4.5,card,yes
ORD-51851,2025-04-25,12,Downtown,Food,Breakfast sandwich,regular,1,8.75,8.75,card,no
ORD-51852,2025-04-25,13,Riverside,Tea,Chai latte,small,3,4.25,12.75,card,no
ORD-51853,2025-04-25,13,Downtown,Tea,Matcha latte,large,1,6.25,6.25,card,no
ORD-51854,2025-04-25,14,Downtown,Bakery,Croissant,regular,3,3.75,11.25,mobile,yes
ORD-51855,2025-04-25,15,Airport,Coffee,Flat white,small,1,4.75,4.75,card,yes
ORD-51856,2025-04-25,15,Riverside,Coffee,Latte,medium,1,4.75,4.75,mobile,no
ORD-51857,2025-04-25,15,Riverside,Coffee,Espresso,small,1,2.5,2.5,card,no
ORD-51858,2025-04-25,17,Downtown,Coffee,Latte,small,2,4.25,8.5,mobile,yes
ORD-51859,2025-04-25,18,Riverside,Coffee,Espresso,medium,1,3,3,cash,no
ORD-51860,2025-04-26,7,Riverside,Tea,Chai latte,large,1,5.5,5.5,card,no
ORD-51861,2025-04-26,7,Riverside,Tea,Chai latte,medium,2,4.75,9.5,card,no
ORD-51862,2025-04-26,7,Downtown,Coffee,Flat white,small,2,4,8,card,no
ORD-51863,2025-04-26,7,Riverside,Coffee,Latte,medium,1,4.75,4.75,mobile,yes
ORD-51864,2025-04-26,8,Riverside,Food,Granola bowl,regular,1,7.5,7.5,mobile,no
ORD-51865,2025-04-26,8,Riverside,Coffee,Cold brew,large,1,5.75,5.75,card,no
ORD-51866,2025-04-26,8,Airport,Food,Granola bowl,regular,1,8.25,8.25,card,no
ORD-51867,2025-04-26,9,Riverside,Coffee,Espresso,large,1,3.75,3.75,card,yes
ORD-51868,2025-04-26,9,Riverside,Bakery,Banana bread,regular,1,4,4,card,yes
ORD-51869,2025-04-26,10,Downtown,Coffee,Latte,medium,1,4.75,4.75,card,yes
ORD-51870,2025-04-26,11,Airport,Coffee,Latte,medium,1,5.5,5.5,card,no
ORD-51871,2025-04-26,12,Downtown,Coffee,Espresso,small,1,2.5,2.5,card,no
ORD-51872,2025-04-26,12,Airport,Food,Avocado toast,regular,2,10.25,20.5,card,no
ORD-51873,2025-04-26,13,Downtown,Coffee,Cold brew,medium,1,5,5,card,yes
ORD-51874,2025-04-26,13,Airport,Coffee,Cappuccino,medium,1,5.25,5.25,mobile,yes
ORD-51875,2025-04-26,14,Riverside,Coffee,Americano,medium,1,3.5,3.5,cash,yes
ORD-51876,2025-04-26,16,Downtown,Coffee,Cappuccino,medium,1,4.5,4.5,cash,no
ORD-51877,2025-04-26,16,Downtown,Coffee,Cappuccino,medium,1,4.5,4.5,card,yes
ORD-51878,2025-04-26,17,Riverside,Coffee,Cappuccino,medium,1,4.5,4.5,card,yes
ORD-51879,2025-04-27,6,Riverside,Coffee,Americano,large,1,4.25,4.25,card,yes
ORD-51880,2025-04-27,7,Downtown,Bakery,Cinnamon roll,regular,1,4.5,4.5,card,yes
ORD-51881,2025-04-27,7,Downtown,Coffee,Latte,small,1,4.25,4.25,card,yes
ORD-51882,2025-04-27,7,Downtown,Coffee,Cold brew,medium,1,5,5,card,no
ORD-51883,2025-04-27,8,Riverside,Coffee,Latte,small,1,4.25,4.25,card,yes
ORD-51884,2025-04-27,9,Downtown,Coffee,Flat white,large,1,5.25,5.25,card,no
ORD-51885,2025-04-27,9,Riverside,Coffee,Cold brew,small,2,4.5,9,cash,yes
ORD-51886,2025-04-27,9,Downtown,Bakery,Banana bread,regular,1,4,4,mobile,yes
ORD-51887,2025-04-27,10,Riverside,Coffee,Latte,small,1,4.25,4.25,mobile,no
ORD-51888,2025-04-27,10,Riverside,Coffee,Americano,large,1,4.25,4.25,mobile,no
ORD-51889,2025-04-27,10,Downtown,Food,Breakfast sandwich,regular,3,8.75,26.25,mobile,no
ORD-51890,2025-04-27,10,Downtown,Food,Breakfast sandwich,regular,1,8.75,8.75,cash,yes
ORD-51891,2025-04-27,12,Downtown,Coffee,Cappuccino,medium,2,4.5,9,mobile,no
ORD-51892,2025-04-27,15,Downtown,Food,Granola bowl,regular,1,7.5,7.5,card,no
ORD-51893,2025-04-27,16,Downtown,Coffee,Flat white,medium,1,4.5,4.5,card,yes
ORD-51894,2025-04-27,18,Riverside,Coffee,Flat white,large,1,5.25,5.25,card,no
ORD-51895,2025-04-28,7,Downtown,Coffee,Americano,medium,1,3.5,3.5,card,no
ORD-51896,2025-04-28,7,Riverside,Coffee,Cold brew,large,1,5.75,5.75,mobile,yes
ORD-51897,2025-04-28,7,Downtown,Food,Breakfast sandwich,regular,1,8.75,8.75,card,yes
ORD-51898,2025-04-28,7,Riverside,Coffee,Cold brew,large,1,5.75,5.75,card,no
ORD-51899,2025-04-28,8,Downtown,Tea,Chai latte,small,1,4.25,4.25,card,no
ORD-51900,2025-04-28,8,Downtown,Tea,Matcha latte,small,4,5,20,mobile,no
ORD-51901,2025-04-28,9,Downtown,Food,Breakfast sandwich,regular,1,8.75,8.75,mobile,no
ORD-51902,2025-04-28,9,Downtown,Coffee,Latte,small,2,4.25,8.5,card,no
ORD-51903,2025-04-28,9,Downtown,Bakery,Croissant,regular,1,3.75,3.75,mobile,no
ORD-51904,2025-04-28,9,Riverside,Coffee,Cappuccino,large,1,5.25,5.25,card,yes
ORD-51905,2025-04-28,10,Downtown,Coffee,Flat white,large,1,5.25,5.25,mobile,yes
ORD-51906,2025-04-28,11,Airport,Coffee,Flat white,small,1,4.75,4.75,cash,yes
ORD-51907,2025-04-28,12,Downtown,Bakery,Croissant,regular,1,3.75,3.75,card,no
ORD-51908,2025-04-28,13,Downtown,Food,Breakfast sandwich,regular,1,8.75,8.75,card,no
ORD-51909,2025-04-28,13,Downtown,Bakery,Croissant,regular,1,3.75,3.75,card,no
ORD-51910,2025-04-28,16,Airport,Coffee,Latte,small,1,5,5,mobile,no
ORD-51911,2025-04-28,16,Riverside,Tea,Matcha latte,large,1,6.25,6.25,card,yes
ORD-51912,2025-04-28,17,Downtown,Coffee,Espresso,large,1,3.75,3.75,cash,yes
ORD-51913,2025-04-28,18,Downtown,Tea,Chai latte,small,1,4.25,4.25,card,yes
ORD-51914,2025-04-29,6,Downtown,Coffee,Cold brew,medium,1,5,5,card,yes
ORD-51915,2025-04-29,6,Downtown,Tea,Matcha latte,small,1,5,5,card,no
ORD-51916,2025-04-29,7,Airport,Tea,Earl grey,small,1,3.5,3.5,mobile,yes
ORD-51917,2025-04-29,7,Riverside,Coffee,Latte,medium,1,4.75,4.75,card,no
ORD-51918,2025-04-29,7,Riverside,Coffee,Americano,medium,2,3.5,7,cash,no
ORD-51919,2025-04-29,8,Riverside,Bakery,Croissant,regular,2,3.75,7.5,card,no
ORD-51920,2025-04-29,8,Riverside,Coffee,Flat white,medium,1,4.5,4.5,mobile,no
ORD-51921,2025-04-29,8,Riverside,Bakery,Banana bread,regular,1,4,4,card,yes
ORD-51922,2025-04-29,8,Downtown,Coffee,Flat white,medium,1,4.5,4.5,card,no
ORD-51923,2025-04-29,8,Downtown,Coffee,Flat white,large,1,5.25,5.25,mobile,yes
ORD-51924,2025-04-29,9,Riverside,Bakery,Croissant,regular,1,3.75,3.75,card,no
ORD-51925,2025-04-29,9,Airport,Coffee,Flat white,large,1,6,6,cash,no
ORD-51926,2025-04-29,9,Airport,Coffee,Cold brew,small,1,5.25,5.25,mobile,no
ORD-51927,2025-04-29,10,Riverside,Coffee,Latte,small,1,4.25,4.25,card,no
ORD-51928,2025-04-29,11,Downtown,Tea,Matcha latte,medium,1,5.5,5.5,card,no
ORD-51929,2025-04-29,11,Riverside,Coffee,Cappuccino,large,1,5.25,5.25,mobile,yes
ORD-51930,2025-04-29,12,Downtown,Food,Breakfast sandwich,regular,1,8.75,8.75,card,no
ORD-51931,2025-04-29,12,Downtown,Coffee,Flat white,medium,1,4.5,4.5,mobile,no
ORD-51932,2025-04-29,13,Riverside,Coffee,Flat white,small,2,4,8,card,yes
ORD-51933,2025-04-29,14,Riverside,Coffee,Cappuccino,medium,1,4.5,4.5,card,no
ORD-51934,2025-04-29,14,Riverside,Coffee,Americano,small,1,3,3,mobile,yes
ORD-51935,2025-04-29,18,Riverside,Coffee,Latte,medium,1,4.75,4.75,card,yes
ORD-51936,2025-04-30,7,Airport,Bakery,Cinnamon roll,regular,1,5.25,5.25,card,no
ORD-51937,2025-04-30,7,Downtown,Coffee,Latte,small,3,4.25,12.75,mobile,yes
ORD-51938,2025-04-30,7,Riverside,Coffee,Flat white,medium,1,4.5,4.5,card,no
ORD-51939,2025-04-30,8,Downtown,Coffee,Espresso,medium,1,3,3,mobile,no
ORD-51940,2025-04-30,8,Downtown,Bakery,Banana bread,regular,1,4,4,card,no
ORD-51941,2025-04-30,8,Riverside,Bakery,Banana bread,regular,3,4,12,card,yes
ORD-51942,2025-04-30,9,Riverside,Bakery,Croissant,regular,1,3.75,3.75,card,yes
ORD-51943,2025-04-30,11,Downtown,Coffee,Cappuccino,small,1,4,4,card,yes
ORD-51944,2025-04-30,11,Airport,Coffee,Latte,large,1,6.25,6.25,card,no
ORD-51945,2025-04-30,12,Riverside,Food,Breakfast sandwich,regular,1,8.75,8.75,mobile,no
ORD-51946,2025-04-30,13,Downtown,Tea,Chai latte,medium,1,4.75,4.75,mobile,no
ORD-51947,2025-04-30,15,Downtown,Tea,Chai latte,medium,1,4.75,4.75,mobile,yes
ORD-51948,2025-05-01,7,Downtown,Coffee,Flat white,small,1,4,4,cash,yes
ORD-51949,2025-05-01,7,Airport,Food,Breakfast sandwich,regular,1,9.5,9.5,card,no
ORD-51950,2025-05-01,7,Riverside,Coffee,Americano,small,1,3,3,card,no
ORD-51951,2025-05-01,8,Riverside,Coffee,Espresso,medium,2,3,6,mobile,no
ORD-51952,2025-05-01,8,Riverside,Coffee,Espresso,medium,1,3,3,cash,no
ORD-51953,2025-05-01,8,Downtown,Coffee,Cappuccino,small,1,4,4,card,no
ORD-51954,2025-05-01,9,Riverside,Coffee,Cappuccino,small,1,4,4,card,no
ORD-51955,2025-05-01,9,Riverside,Tea,Earl grey,large,2,4,8,card,no
ORD-51956,2025-05-01,9,Airport,Coffee,Latte,large,1,6.25,6.25,card,no
ORD-51957,2025-05-01,10,Riverside,Coffee,Cappuccino,medium,2,4.5,9,mobile,yes
ORD-51958,2025-05-01,10,Airport,Coffee,Americano,large,1,5,5,mobile,no
ORD-51959,2025-05-01,13,Downtown,Coffee,Flat white,large,3,5.25,15.75,card,yes
ORD-51960,2025-05-01,15,Riverside,Coffee,Espresso,small,1,2.5,2.5,card,no
ORD-51961,2025-05-01,16,Riverside,Coffee,Cappuccino,medium,2,4.5,9,card,no
ORD-51962,2025-05-01,17,Airport,Bakery,Croissant,regular,1,4.5,4.5,card,yes
ORD-51963,2025-05-02,7,Airport,Food,Breakfast sandwich,regular,2,9.5,19,card,yes
ORD-51964,2025-05-02,7,Riverside,Tea,Chai latte,large,1,5.5,5.5,card,no
ORD-51965,2025-05-02,7,Airport,Coffee,Latte,small,1,5,5,card,yes
ORD-51966,2025-05-02,8,Riverside,Coffee,Cold brew,small,1,4.5,4.5,mobile,no
ORD-51967,2025-05-02,8,Riverside,Tea,Chai latte,large,1,5.5,5.5,mobile,no
ORD-51968,2025-05-02,8,Airport,Coffee,Espresso,medium,2,3.75,7.5,mobile,yes
ORD-51969,2025-05-02,9,Riverside,Food,Breakfast sandwich,regular,1,8.75,8.75,mobile,no
ORD-51970,2025-05-02,10,Downtown,Food,Avocado toast,regular,1,9.5,9.5,card,no
ORD-51971,2025-05-02,10,Downtown,Food,Avocado toast,regular,1,9.5,9.5,card,no
ORD-51972,2025-05-02,11,Downtown,Coffee,Cappuccino,medium,2,4.5,9,card,yes
ORD-51973,2025-05-02,12,Downtown,Coffee,Cold brew,small,1,4.5,4.5,card,yes
ORD-51974,2025-05-02,12,Airport,Food,Avocado toast,regular,1,10.25,10.25,card,yes
ORD-51975,2025-05-02,12,Riverside,Tea,Chai latte,medium,1,4.75,4.75,card,yes
ORD-51976,2025-05-02,13,Downtown,Coffee,Cappuccino,medium,1,4.5,4.5,mobile,no
ORD-51977,2025-05-02,15,Downtown,Coffee,Flat white,small,1,4,4,mobile,no
ORD-51978,2025-05-03,7,Downtown,Tea,Matcha latte,small,1,5,5,card,no
ORD-51979,2025-05-03,7,Riverside,Coffee,Cold brew,medium,1,5,5,card,no
ORD-51980,2025-05-03,7,Downtown,Coffee,Americano,large,3,4.25,12.75,card,yes
ORD-51981,2025-05-03,7,Riverside,Tea,Earl grey,medium,1,3.25,3.25,mobile,no
ORD-51982,2025-05-03,7,Riverside,Bakery,Croissant,regular,2,3.75,7.5,card,no
ORD-51983,2025-05-03,8,Downtown,Coffee,Flat white,large,2,5.25,10.5,card,no
ORD-51984,2025-05-03,8,Downtown,Tea,Chai latte,medium,1,4.75,4.75,mobile,no
ORD-51985,2025-05-03,9,Downtown,Tea,Matcha latte,medium,1,5.5,5.5,mobile,no
ORD-51986,2025-05-03,9,Downtown,Bakery,Croissant,regular,1,3.75,3.75,mobile,no
ORD-51987,2025-05-03,10,Downtown,Coffee,Latte,large,1,5.5,5.5,mobile,no
ORD-51988,2025-05-03,10,Downtown,Bakery,Croissant,regular,1,3.75,3.75,mobile,yes
ORD-51989,2025-05-03,11,Riverside,Food,Breakfast sandwich,regular,1,8.75,8.75,mobile,no
ORD-51990,2025-05-03,11,Downtown,Bakery,Banana bread,regular,1,4,4,cash,no
ORD-51991,2025-05-03,12,Riverside,Coffee,Latte,large,2,5.5,11,card,yes
ORD-51992,2025-05-03,12,Downtown,Coffee,Cappuccino,small,1,4,4,mobile,no
ORD-51993,2025-05-03,13,Downtown,Food,Breakfast sandwich,regular,2,8.75,17.5,mobile,yes
ORD-51994,2025-05-03,13,Downtown,Food,Breakfast sandwich,regular,1,8.75,8.75,mobile,no
ORD-51995,2025-05-03,15,Riverside,Coffee,Flat white,medium,1,4.5,4.5,card,no
ORD-51996,2025-05-03,15,Riverside,Coffee,Latte,small,2,4.25,8.5,card,yes
ORD-51997,2025-05-03,15,Downtown,Tea,Chai latte,small,1,4.25,4.25,cash,yes
ORD-51998,2025-05-03,16,Downtown,Food,Breakfast sandwich,regular,3,8.75,26.25,card,no
ORD-51999,2025-05-03,16,Riverside,Bakery,Cinnamon roll,regular,1,4.5,4.5,mobile,no
ORD-52000,2025-05-03,18,Airport,Coffee,Americano,small,1,3.75,3.75,mobile,no
ORD-52001,2025-05-04,7,Airport,Bakery,Croissant,regular,1,4.5,4.5,card,yes
ORD-52002,2025-05-04,7,Airport,Coffee,Flat white,large,1,6,6,card,no
ORD-52003,2025-05-04,7,Riverside,Coffee,Latte,medium,1,4.75,4.75,card,no
ORD-52004,2025-05-04,7,Downtown,Tea,Chai latte,large,1,5.5,5.5,mobile,no
ORD-52005,2025-05-04,7,Downtown,Coffee,Americano,medium,1,3.5,3.5,card,yes
ORD-52006,2025-05-04,8,Airport,Coffee,Latte,medium,1,5.5,5.5,card,yes
ORD-52007,2025-05-04,9,Downtown,Coffee,Cold brew,medium,1,5,5,mobile,no
ORD-52008,2025-05-04,10,Downtown,Coffee,Americano,medium,2,3.5,7,card,no
ORD-52009,2025-05-04,10,Downtown,Coffee,Latte,medium,1,4.75,4.75,card,yes
ORD-52010,2025-05-04,10,Riverside,Coffee,Flat white,large,1,5.25,5.25,card,yes
ORD-52011,2025-05-04,10,Downtown,Coffee,Espresso,small,1,2.5,2.5,card,no
ORD-52012,2025-05-04,11,Riverside,Bakery,Croissant,regular,1,3.75,3.75,cash,yes
ORD-52013,2025-05-04,12,Downtown,Food,Avocado toast,regular,1,9.5,9.5,card,no
ORD-52014,2025-05-04,14,Riverside,Bakery,Croissant,regular,1,3.75,3.75,card,no
ORD-52015,2025-05-04,15,Riverside,Coffee,Cappuccino,small,1,4,4,card,yes
ORD-52016,2025-05-04,15,Riverside,Food,Granola bowl,regular,1,7.5,7.5,card,no
ORD-52017,2025-05-04,18,Downtown,Tea,Matcha latte,medium,1,5.5,5.5,card,no
ORD-52018,2025-05-05,6,Downtown,Tea,Matcha latte,small,1,5,5,card,yes
ORD-52019,2025-05-05,7,Riverside,Coffee,Americano,large,1,4.25,4.25,card,no
ORD-52020,2025-05-05,8,Downtown,Tea,Earl grey,large,1,4,4,card,no
ORD-52021,2025-05-05,8,Downtown,Food,Avocado toast,regular,1,9.5,9.5,mobile,yes
ORD-52022,2025-05-05,8,Riverside,Coffee,Americano,large,1,4.25,4.25,card,yes
ORD-52023,2025-05-05,8,Downtown,Bakery,Cinnamon roll,regular,1,4.5,4.5,mobile,no
ORD-52024,2025-05-05,8,Downtown,Coffee,Latte,medium,2,4.75,9.5,card,no
ORD-52025,2025-05-05,9,Riverside,Coffee,Cappuccino,medium,1,4.5,4.5,card,no
ORD-52026,2025-05-05,10,Riverside,Coffee,Cold brew,small,1,4.5,4.5,card,no
ORD-52027,2025-05-05,12,Airport,Food,Granola bowl,regular,2,8.25,16.5,mobile,no
ORD-52028,2025-05-05,12,Airport,Tea,Matcha latte,large,1,7,7,card,no
ORD-52029,2025-05-05,12,Downtown,Food,Avocado toast,regular,1,9.5,9.5,cash,no
ORD-52030,2025-05-05,12,Downtown,Food,Breakfast sandwich,regular,1,8.75,8.75,card,no
ORD-52031,2025-05-05,12,Downtown,Coffee,Cappuccino,medium,1,4.5,4.5,card,no
ORD-52032,2025-05-05,13,Airport,Coffee,Latte,large,1,6.25,6.25,mobile,no
ORD-52033,2025-05-05,13,Airport,Bakery,Banana bread,regular,1,4.75,4.75,card,yes
ORD-52034,2025-05-05,13,Downtown,Coffee,Cold brew,small,1,4.5,4.5,mobile,yes
ORD-52035,2025-05-05,17,Downtown,Coffee,Flat white,medium,1,4.5,4.5,card,yes
ORD-52036,2025-05-05,17,Airport,Coffee,Cappuccino,medium,2,5.25,10.5,cash,yes
ORD-52037,2025-05-06,6,Riverside,Food,Breakfast sandwich,regular,1,8.75,8.75,mobile,no
ORD-52038,2025-05-06,7,Airport,Coffee,Flat white,small,1,4.75,4.75,mobile,yes
ORD-52039,2025-05-06,8,Downtown,Bakery,Croissant,regular,1,3.75,3.75,card,yes
ORD-52040,2025-05-06,8,Downtown,Coffee,Cold brew,medium,1,5,5,card,no
ORD-52041,2025-05-06,8,Downtown,Coffee,Cappuccino,small,1,4,4,mobile,no
ORD-52042,2025-05-06,8,Airport,Tea,Chai latte,medium,1,5.5,5.5,card,no
ORD-52043,2025-05-06,8,Downtown,Coffee,Americano,large,1,4.25,4.25,mobile,no
ORD-52044,2025-05-06,9,Downtown,Coffee,Latte,large,1,5.5,5.5,mobile,no
ORD-52045,2025-05-06,9,Riverside,Coffee,Espresso,medium,1,3,3,card,no
ORD-52046,2025-05-06,10,Airport,Coffee,Flat white,medium,1,5.25,5.25,mobile,no
ORD-52047,2025-05-06,11,Downtown,Bakery,Cinnamon roll,regular,2,4.5,9,card,yes
ORD-52048,2025-05-06,11,Riverside,Tea,Matcha latte,large,1,6.25,6.25,mobile,no
ORD-52049,2025-05-06,11,Downtown,Bakery,Cinnamon roll,regular,3,4.5,13.5,mobile,no
ORD-52050,2025-05-06,12,Downtown,Tea,Earl grey,medium,1,3.25,3.25,card,no
ORD-52051,2025-05-06,12,Riverside,Food,Avocado toast,regular,1,9.5,9.5,mobile,no
ORD-52052,2025-05-06,12,Riverside,Coffee,Cappuccino,medium,2,4.5,9,card,yes
ORD-52053,2025-05-06,13,Riverside,Bakery,Cinnamon roll,regular,1,4.5,4.5,card,yes
ORD-52054,2025-05-06,14,Riverside,Bakery,Cinnamon roll,regular,1,4.5,4.5,cash,yes
ORD-52055,2025-05-06,14,Airport,Coffee,Cappuccino,small,3,4.75,14.25,cash,yes
ORD-52056,2025-05-06,15,Downtown,Tea,Earl grey,small,1,2.75,2.75,mobile,yes
ORD-52057,2025-05-06,15,Riverside,Food,Granola bowl,regular,2,7.5,15,card,no
ORD-52058,2025-05-06,16,Downtown,Coffee,Espresso,large,1,3.75,3.75,card,no
ORD-52059,2025-05-06,18,Riverside,Coffee,Latte,small,1,4.25,4.25,mobile,no
ORD-52060,2025-05-06,18,Downtown,Coffee,Americano,medium,2,3.5,7,cash,yes
ORD-52061,2025-05-07,6,Downtown,Coffee,Cold brew,large,1,5.75,5.75,card,no
ORD-52062,2025-05-07,7,Riverside,Food,Granola bowl,regular,1,7.5,7.5,card,no
ORD-52063,2025-05-07,7,Airport,Bakery,Croissant,regular,1,4.5,4.5,card,yes
ORD-52064,2025-05-07,8,Downtown,Coffee,Espresso,medium,1,3,3,mobile,no
ORD-52065,2025-05-07,8,Downtown,Coffee,Latte,small,1,4.25,4.25,card,no
ORD-52066,2025-05-07,8,Airport,Bakery,Croissant,regular,1,4.5,4.5,mobile,yes
ORD-52067,2025-05-07,8,Downtown,Bakery,Croissant,regular,2,3.75,7.5,card,no
ORD-52068,2025-05-07,9,Downtown,Coffee,Flat white,large,1,5.25,5.25,card,yes
ORD-52069,2025-05-07,10,Downtown,Coffee,Cappuccino,medium,2,4.5,9,mobile,no
ORD-52070,2025-05-07,10,Riverside,Bakery,Croissant,regular,2,3.75,7.5,card,no
ORD-52071,2025-05-07,11,Downtown,Bakery,Cinnamon roll,regular,1,4.5,4.5,mobile,yes
ORD-52072,2025-05-07,11,Downtown,Coffee,Espresso,large,1,3.75,3.75,cash,no
ORD-52073,2025-05-07,12,Riverside,Food,Breakfast sandwich,regular,1,8.75,8.75,card,no
ORD-52074,2025-05-07,13,Airport,Food,Avocado toast,regular,1,10.25,10.25,card,no
ORD-52075,2025-05-07,13,Airport,Coffee,Cappuccino,medium,1,5.25,5.25,card,yes
ORD-52076,2025-05-07,14,Riverside,Coffee,Cold brew,medium,1,5,5,card,yes
ORD-52077,2025-05-07,14,Airport,Coffee,Latte,medium,1,5.5,5.5,mobile,no
ORD-52078,2025-05-07,18,Airport,Coffee,Cappuccino,small,1,4.75,4.75,mobile,no
ORD-52079,2025-05-08,7,Airport,Tea,Chai latte,large,1,6.25,6.25,card,no
ORD-52080,2025-05-08,7,Downtown,Coffee,Flat white,large,1,5.25,5.25,card,no
ORD-52081,2025-05-08,7,Downtown,Coffee,Flat white,small,2,4,8,mobile,yes
ORD-52082,2025-05-08,7,Airport,Coffee,Cappuccino,large,1,6,6,card,no
ORD-52083,2025-05-08,7,Riverside,Food,Avocado toast,regular,1,9.5,9.5,mobile,yes
ORD-52084,2025-05-08,9,Airport,Coffee,Latte,small,1,5,5,mobile,no
ORD-52085,2025-05-08,9,Airport,Coffee,Americano,medium,1,4.25,4.25,mobile,yes
ORD-52086,2025-05-08,9,Riverside,Coffee,Cappuccino,small,1,4,4,card,no
ORD-52087,2025-05-08,10,Riverside,Coffee,Cappuccino,large,1,5.25,5.25,mobile,yes
ORD-52088,2025-05-08,11,Downtown,Coffee,Flat white,small,3,4,12,card,yes
ORD-52089,2025-05-08,13,Riverside,Food,Breakfast sandwich,regular,1,8.75,8.75,card,no
ORD-52090,2025-05-08,13,Downtown,Coffee,Americano,large,1,4.25,4.25,card,no
ORD-52091,2025-05-08,14,Riverside,Food,Breakfast sandwich,regular,2,8.75,17.5,mobile,yes
ORD-52092,2025-05-08,14,Downtown,Food,Granola bowl,regular,1,7.5,7.5,mobile,no
ORD-52093,2025-05-08,14,Downtown,Coffee,Latte,medium,1,4.75,4.75,card,yes
ORD-52094,2025-05-08,16,Riverside,Coffee,Cappuccino,medium,1,4.5,4.5,card,no
ORD-52095,2025-05-08,16,Riverside,Bakery,Banana bread,regular,1,4,4,cash,no
ORD-52096,2025-05-08,17,Airport,Coffee,Espresso,small,1,3.25,3.25,card,yes
ORD-52097,2025-05-08,18,Downtown,Coffee,Cappuccino,small,1,4,4,card,no
ORD-52098,2025-05-09,7,Downtown,Bakery,Cinnamon roll,regular,1,4.5,4.5,card,no
ORD-52099,2025-05-09,8,Downtown,Coffee,Cold brew,small,2,4.5,9,card,no
ORD-52100,2025-05-09,8,Airport,Coffee,Latte,large,1,6.25,6.25,card,yes
ORD-52101,2025-05-09,8,Downtown,Tea,Earl grey,medium,1,3.25,3.25,mobile,no
ORD-52102,2025-05-09,9,Airport,Coffee,Latte,medium,2,5.5,11,card,no
ORD-52103,2025-05-09,9,Downtown,Bakery,Croissant,regular,1,3.75,3.75,cash,no
ORD-52104,2025-05-09,12,Riverside,Coffee,Flat white,large,2,5.25,10.5,card,yes
ORD-52105,2025-05-09,13,Downtown,Coffee,Latte,medium,1,4.75,4.75,mobile,no
ORD-52106,2025-05-09,13,Airport,Food,Avocado toast,regular,1,10.25,10.25,card,no
ORD-52107,2025-05-09,16,Downtown,Coffee,Cold brew,small,1,4.5,4.5,mobile,yes
ORD-52108,2025-05-10,6,Downtown,Coffee,Americano,small,1,3,3,mobile,no
ORD-52109,2025-05-10,6,Riverside,Coffee,Latte,small,1,4.25,4.25,card,yes
ORD-52110,2025-05-10,8,Riverside,Coffee,Americano,medium,1,3.5,3.5,mobile,no
ORD-52111,2025-05-10,8,Downtown,Coffee,Latte,large,2,5.5,11,card,no
ORD-52112,2025-05-10,9,Downtown,Bakery,Croissant,regular,1,3.75,3.75,card,yes
ORD-52113,2025-05-10,9,Downtown,Bakery,Croissant,regular,1,3.75,3.75,card,no
ORD-52114,2025-05-10,9,Riverside,Bakery,Banana bread,regular,1,4,4,card,no
ORD-52115,2025-05-10,9,Downtown,Coffee,Cappuccino,medium,1,4.5,4.5,mobile,yes
ORD-52116,2025-05-10,10,Downtown,Coffee,Flat white,medium,2,4.5,9,mobile,yes
ORD-52117,2025-05-10,10,Airport,Coffee,Espresso,small,2,3.25,6.5,mobile,no
ORD-52118,2025-05-10,10,Downtown,Coffee,Americano,large,1,4.25,4.25,card,yes
ORD-52119,2025-05-10,11,Airport,Coffee,Americano,small,1,3.75,3.75,cash,yes
ORD-52120,2025-05-10,12,Downtown,Food,Avocado toast,regular,2,9.5,19,card,yes
ORD-52121,2025-05-10,12,Riverside,Coffee,Flat white,large,1,5.25,5.25,card,yes
ORD-52122,2025-05-10,13,Riverside,Coffee,Flat white,medium,1,4.5,4.5,mobile,yes
ORD-52123,2025-05-10,13,Downtown,Tea,Matcha latte,large,1,6.25,6.25,card,no
ORD-52124,2025-05-10,14,Downtown,Coffee,Latte,medium,1,4.75,4.75,mobile,yes
ORD-52125,2025-05-10,15,Downtown,Tea,Matcha latte,small,2,5,10,mobile,no
ORD-52126,2025-05-10,15,Downtown,Tea,Matcha latte,large,1,6.25,6.25,mobile,no
ORD-52127,2025-05-10,16,Downtown,Tea,Matcha latte,large,1,6.25,6.25,mobile,no
ORD-52128,2025-05-11,6,Riverside,Bakery,Banana bread,regular,1,4,4,card,no
ORD-52129,2025-05-11,7,Airport,Coffee,Cold brew,small,1,5.25,5.25,card,yes
ORD-52130,2025-05-11,7,Downtown,Coffee,Cappuccino,large,1,5.25,5.25,mobile,yes
ORD-52131,2025-05-11,8,Riverside,Coffee,Americano,medium,2,3.5,7,card,no
ORD-52132,2025-05-11,8,Riverside,Coffee,Americano,small,2,3,6,mobile,no
ORD-52133,2025-05-11,8,Airport,Coffee,Flat white,medium,1,5.25,5.25,card,yes
ORD-52134,2025-05-11,8,Downtown,Bakery,Cinnamon roll,regular,1,4.5,4.5,card,yes
ORD-52135,2025-05-11,8,Downtown,Coffee,Latte,medium,1,4.75,4.75,mobile,yes
ORD-52136,2025-05-11,10,Airport,Coffee,Latte,medium,1,5.5,5.5,card,no
ORD-52137,2025-05-11,10,Downtown,Coffee,Flat white,small,1,4,4,card,no
ORD-52138,2025-05-11,11,Downtown,Coffee,Cappuccino,large,1,5.25,5.25,card,yes
ORD-52139,2025-05-11,12,Downtown,Coffee,Flat white,large,1,5.25,5.25,card,yes
ORD-52140,2025-05-11,15,Riverside,Food,Breakfast sandwich,regular,1,8.75,8.75,mobile,yes
ORD-52141,2025-05-12,7,Downtown,Coffee,Latte,small,1,4.25,4.25,card,no
ORD-52142,2025-05-12,8,Downtown,Coffee,Cold brew,medium,1,5,5,card,yes
ORD-52143,2025-05-12,8,Riverside,Coffee,Flat white,large,3,5.25,15.75,card,no
ORD-52144,2025-05-12,11,Riverside,Food,Avocado toast,regular,1,9.5,9.5,card,yes
ORD-52145,2025-05-12,11,Downtown,Bakery,Croissant,regular,1,3.75,3.75,card,yes
ORD-52146,2025-05-12,11,Riverside,Coffee,Cappuccino,large,2,5.25,10.5,mobile,no
ORD-52147,2025-05-12,13,Downtown,Coffee,Americano,small,1,3,3,card,yes
ORD-52148,2025-05-12,13,Riverside,Coffee,Latte,large,2,5.5,11,card,yes
ORD-52149,2025-05-12,13,Riverside,Coffee,Flat white,medium,1,4.5,4.5,mobile,no
ORD-52150,2025-05-12,14,Downtown,Coffee,Latte,small,2,4.25,8.5,mobile,yes
ORD-52151,2025-05-12,14,Airport,Bakery,Cinnamon roll,regular,1,5.25,5.25,mobile,no
ORD-52152,2025-05-12,17,Downtown,Bakery,Cinnamon roll,regular,1,4.5,4.5,card,no
ORD-52153,2025-05-13,7,Downtown,Coffee,Flat white,small,1,4,4,card,no
ORD-52154,2025-05-13,7,Downtown,Bakery,Croissant,regular,1,3.75,3.75,mobile,yes
ORD-52155,2025-05-13,8,Airport,Tea,Matcha latte,small,1,5.75,5.75,card,no
ORD-52156,2025-05-13,8,Riverside,Food,Avocado toast,regular,1,9.5,9.5,mobile,yes
ORD-52157,2025-05-13,9,Downtown,Bakery,Croissant,regular,1,3.75,3.75,card,yes
ORD-52158,2025-05-13,10,Airport,Bakery,Cinnamon roll,regular,1,5.25,5.25,card,yes
ORD-52159,2025-05-13,10,Downtown,Coffee,Latte,medium,2,4.75,9.5,card,no
ORD-52160,2025-05-13,12,Downtown,Coffee,Americano,medium,1,3.5,3.5,mobile,no
ORD-52161,2025-05-13,14,Downtown,Coffee,Cold brew,small,1,4.5,4.5,card,no
ORD-52162,2025-05-13,16,Downtown,Coffee,Americano,small,2,3,6,card,no
ORD-52163,2025-05-14,7,Airport,Coffee,Cold brew,large,1,6.5,6.5,card,no
ORD-52164,2025-05-14,7,Riverside,Food,Granola bowl,regular,1,7.5,7.5,mobile,no
ORD-52165,2025-05-14,8,Downtown,Food,Avocado toast,regular,1,9.5,9.5,card,no
ORD-52166,2025-05-14,8,Riverside,Coffee,Americano,large,1,4.25,4.25,mobile,no
ORD-52167,2025-05-14,9,Downtown,Food,Avocado toast,regular,1,9.5,9.5,card,yes
ORD-52168,2025-05-14,9,Downtown,Bakery,Cinnamon roll,regular,1,4.5,4.5,mobile,no
ORD-52169,2025-05-14,10,Riverside,Coffee,Cold brew,small,1,4.5,4.5,card,no
ORD-52170,2025-05-14,10,Airport,Food,Breakfast sandwich,regular,2,9.5,19,card,yes
ORD-52171,2025-05-14,15,Riverside,Bakery,Cinnamon roll,regular,1,4.5,4.5,mobile,no
ORD-52172,2025-05-14,16,Downtown,Coffee,Cold brew,medium,2,5,10,mobile,no
ORD-52173,2025-05-14,16,Downtown,Food,Avocado toast,regular,1,9.5,9.5,mobile,no
ORD-52174,2025-05-14,17,Downtown,Food,Granola bowl,regular,1,7.5,7.5,mobile,no
ORD-52175,2025-05-15,7,Airport,Tea,Matcha latte,small,2,5.75,11.5,cash,no
ORD-52176,2025-05-15,8,Airport,Coffee,Cold brew,medium,1,5.75,5.75,card,no
ORD-52177,2025-05-15,8,Downtown,Tea,Matcha latte,small,1,5,5,mobile,no
ORD-52178,2025-05-15,8,Downtown,Tea,Chai latte,large,1,5.5,5.5,mobile,no
ORD-52179,2025-05-15,8,Airport,Coffee,Espresso,small,2,3.25,6.5,card,no
ORD-52180,2025-05-15,8,Downtown,Bakery,Banana bread,regular,4,4,16,card,yes
ORD-52181,2025-05-15,8,Downtown,Coffee,Latte,medium,1,4.75,4.75,card,yes
ORD-52182,2025-05-15,9,Riverside,Food,Breakfast sandwich,regular,2,8.75,17.5,mobile,no
ORD-52183,2025-05-15,9,Riverside,Bakery,Croissant,regular,1,3.75,3.75,mobile,no
ORD-52184,2025-05-15,9,Airport,Coffee,Latte,large,1,6.25,6.25,cash,yes
ORD-52185,2025-05-15,9,Downtown,Coffee,Cold brew,small,2,4.5,9,card,yes
ORD-52186,2025-05-15,9,Airport,Coffee,Latte,small,2,5,10,card,no
ORD-52187,2025-05-15,10,Downtown,Coffee,Flat white,medium,1,4.5,4.5,card,no
ORD-52188,2025-05-15,11,Riverside,Bakery,Croissant,regular,1,3.75,3.75,mobile,no
ORD-52189,2025-05-15,12,Riverside,Coffee,Espresso,medium,3,3,9,card,yes
ORD-52190,2025-05-15,14,Riverside,Coffee,Flat white,small,2,4,8,card,no
ORD-52191,2025-05-15,14,Downtown,Bakery,Banana bread,regular,2,4,8,card,yes
ORD-52192,2025-05-15,15,Airport,Coffee,Latte,small,1,5,5,card,no
ORD-52193,2025-05-15,15,Airport,Coffee,Latte,medium,1,5.5,5.5,card,yes
ORD-52194,2025-05-16,7,Airport,Tea,Chai latte,medium,1,5.5,5.5,mobile,no
ORD-52195,2025-05-16,7,Downtown,Coffee,Cappuccino,medium,1,4.5,4.5,mobile,yes
ORD-52196,2025-05-16,8,Airport,Food,Granola bowl,regular,1,8.25,8.25,card,yes
ORD-52197,2025-05-16,9,Downtown,Coffee,Americano,medium,1,3.5,3.5,card,no
ORD-52198,2025-05-16,9,Airport,Food,Avocado toast,regular,1,10.25,10.25,card,no
ORD-52199,2025-05-16,9,Riverside,Food,Breakfast sandwich,regular,1,8.75,8.75,mobile,yes
ORD-52200,2025-05-16,10,Downtown,Coffee,Americano,medium,2,3.5,7,card,no
ORD-52201,2025-05-16,11,Downtown,Food,Avocado toast,regular,1,9.5,9.5,card,no
ORD-52202,2025-05-16,11,Airport,Coffee,Cappuccino,medium,3,5.25,15.75,card,no
ORD-52203,2025-05-16,11,Downtown,Food,Breakfast sandwich,regular,1,8.75,8.75,card,no
ORD-52204,2025-05-16,12,Airport,Food,Breakfast sandwich,regular,2,9.5,19,card,no
ORD-52205,2025-05-16,12,Airport,Food,Breakfast sandwich,regular,2,9.5,19,card,no
ORD-52206,2025-05-16,13,Downtown,Coffee,Flat white,small,1,4,4,cash,yes
ORD-52207,2025-05-16,15,Downtown,Coffee,Flat white,large,1,5.25,5.25,card,yes
ORD-52208,2025-05-16,15,Downtown,Coffee,Latte,small,1,4.25,4.25,mobile,no
ORD-52209,2025-05-16,17,Airport,Food,Granola bowl,regular,3,8.25,24.75,mobile,no
ORD-52210,2025-05-16,18,Downtown,Coffee,Americano,medium,1,3.5,3.5,mobile,yes
ORD-52211,2025-05-17,6,Airport,Coffee,Americano,medium,1,4.25,4.25,card,yes
ORD-52212,2025-05-17,6,Downtown,Coffee,Latte,medium,2,4.75,9.5,mobile,no
ORD-52213,2025-05-17,7,Airport,Coffee,Americano,large,2,5,10,card,yes
ORD-52214,2025-05-17,8,Riverside,Tea,Earl grey,large,1,4,4,card,yes
ORD-52215,2025-05-17,8,Airport,Coffee,Cold brew,medium,2,5.75,11.5,card,no
ORD-52216,2025-05-17,8,Airport,Food,Avocado toast,regular,1,10.25,10.25,card,no
ORD-52217,2025-05-17,9,Airport,Tea,Earl grey,medium,1,4,4,cash,no
ORD-52218,2025-05-17,9,Riverside,Coffee,Espresso,medium,1,3,3,cash,no
ORD-52219,2025-05-17,9,Riverside,Coffee,Cold brew,small,1,4.5,4.5,card,no
ORD-52220,2025-05-17,9,Downtown,Coffee,Americano,large,1,4.25,4.25,card,yes
ORD-52221,2025-05-17,10,Airport,Food,Granola bowl,regular,1,8.25,8.25,mobile,no
ORD-52222,2025-05-17,10,Airport,Bakery,Banana bread,regular,1,4.75,4.75,mobile,yes
ORD-52223,2025-05-17,10,Riverside,Food,Breakfast sandwich,regular,1,8.75,8.75,card,no
ORD-52224,2025-05-17,12,Airport,Food,Avocado toast,regular,1,10.25,10.25,card,yes
ORD-52225,2025-05-17,12,Riverside,Food,Granola bowl,regular,1,7.5,7.5,mobile,no
ORD-52226,2025-05-17,14,Downtown,Coffee,Latte,large,1,5.5,5.5,card,no
ORD-52227,2025-05-17,15,Downtown,Food,Breakfast sandwich,regular,1,8.75,8.75,mobile,no
ORD-52228,2025-05-17,16,Downtown,Bakery,Banana bread,regular,1,4,4,card,no
ORD-52229,2025-05-17,17,Downtown,Coffee,Americano,small,1,3,3,mobile,yes
ORD-52230,2025-05-17,18,Airport,Bakery,Croissant,regular,2,4.5,9,mobile,no
ORD-52231,2025-05-18,7,Airport,Food,Granola bowl,regular,1,8.25,8.25,card,yes
ORD-52232,2025-05-18,8,Downtown,Coffee,Flat white,large,1,5.25,5.25,cash,no
ORD-52233,2025-05-18,8,Riverside,Coffee,Cold brew,medium,2,5,10,card,no
ORD-52234,2025-05-18,9,Downtown,Coffee,Flat white,large,1,5.25,5.25,mobile,no
ORD-52235,2025-05-18,9,Riverside,Bakery,Cinnamon roll,regular,1,4.5,4.5,card,yes
ORD-52236,2025-05-18,9,Riverside,Coffee,Cold brew,large,1,5.75,5.75,cash,no
ORD-52237,2025-05-18,10,Riverside,Coffee,Flat white,large,2,5.25,10.5,card,no
ORD-52238,2025-05-18,11,Downtown,Food,Avocado toast,regular,1,9.5,9.5,card,no
ORD-52239,2025-05-18,11,Riverside,Food,Avocado toast,regular,1,9.5,9.5,card,no
ORD-52240,2025-05-18,11,Downtown,Food,Breakfast sandwich,regular,2,8.75,17.5,card,no
ORD-52241,2025-05-18,12,Riverside,Tea,Matcha latte,small,1,5,5,card,no
ORD-52242,2025-05-18,12,Airport,Coffee,Espresso,small,1,3.25,3.25,mobile,no
ORD-52243,2025-05-18,13,Downtown,Food,Breakfast sandwich,regular,1,8.75,8.75,card,no
ORD-52244,2025-05-18,14,Downtown,Coffee,Cappuccino,large,1,5.25,5.25,mobile,yes
ORD-52245,2025-05-18,16,Downtown,Food,Breakfast sandwich,regular,2,8.75,17.5,card,no
ORD-52246,2025-05-18,16,Downtown,Bakery,Banana bread,regular,1,4,4,card,no
ORD-52247,2025-05-18,16,Airport,Coffee,Americano,large,1,5,5,mobile,yes
ORD-52248,2025-05-18,16,Downtown,Coffee,Flat white,medium,1,4.5,4.5,card,no
ORD-52249,2025-05-18,16,Riverside,Tea,Earl grey,small,1,2.75,2.75,cash,no
ORD-52250,2025-05-18,17,Riverside,Coffee,Cappuccino,medium,1,4.5,4.5,card,no
ORD-52251,2025-05-18,17,Downtown,Bakery,Banana bread,regular,1,4,4,mobile,yes
ORD-52252,2025-05-19,6,Riverside,Coffee,Cappuccino,medium,1,4.5,4.5,card,no
ORD-52253,2025-05-19,7,Airport,Coffee,Cold brew,small,1,5.25,5.25,card,no
ORD-52254,2025-05-19,8,Riverside,Bakery,Croissant,regular,1,3.75,3.75,card,yes
ORD-52255,2025-05-19,8,Downtown,Bakery,Croissant,regular,1,3.75,3.75,card,yes
ORD-52256,2025-05-19,8,Riverside,Coffee,Cappuccino,medium,1,4.5,4.5,mobile,no
ORD-52257,2025-05-19,8,Downtown,Coffee,Espresso,small,1,2.5,2.5,card,yes
ORD-52258,2025-05-19,10,Downtown,Coffee,Flat white,large,2,5.25,10.5,mobile,no
ORD-52259,2025-05-19,12,Downtown,Food,Granola bowl,regular,1,7.5,7.5,mobile,yes
ORD-52260,2025-05-19,13,Riverside,Bakery,Cinnamon roll,regular,1,4.5,4.5,cash,no
ORD-52261,2025-05-19,14,Airport,Coffee,Cold brew,medium,2,5.75,11.5,card,no
ORD-52262,2025-05-19,15,Downtown,Tea,Matcha latte,medium,2,5.5,11,card,no
ORD-52263,2025-05-19,18,Downtown,Coffee,Cold brew,large,1,5.75,5.75,card,yes
ORD-52264,2025-05-20,6,Downtown,Coffee,Latte,medium,1,4.75,4.75,card,yes
ORD-52265,2025-05-20,7,Downtown,Coffee,Latte,medium,1,4.75,4.75,card,yes
ORD-52266,2025-05-20,7,Airport,Food,Granola bowl,regular,1,8.25,8.25,card,no
ORD-52267,2025-05-20,8,Riverside,Food,Breakfast sandwich,regular,1,8.75,8.75,card,yes
ORD-52268,2025-05-20,8,Riverside,Bakery,Banana bread,regular,1,4,4,card,no
ORD-52269,2025-05-20,8,Riverside,Coffee,Cold brew,medium,1,5,5,card,no
ORD-52270,2025-05-20,9,Riverside,Coffee,Cappuccino,medium,1,4.5,4.5,card,no
ORD-52271,2025-05-20,10,Riverside,Coffee,Flat white,medium,2,4.5,9,card,yes
ORD-52272,2025-05-20,10,Airport,Coffee,Latte,medium,2,5.5,11,cash,yes
ORD-52273,2025-05-20,11,Riverside,Bakery,Croissant,regular,2,3.75,7.5,card,no
ORD-52274,2025-05-20,11,Airport,Food,Granola bowl,regular,1,8.25,8.25,card,yes
ORD-52275,2025-05-20,11,Airport,Coffee,Latte,large,1,6.25,6.25,card,no
ORD-52276,2025-05-20,11,Airport,Food,Avocado toast,regular,1,10.25,10.25,mobile,no
ORD-52277,2025-05-20,12,Downtown,Coffee,Cappuccino,medium,1,4.5,4.5,card,yes
ORD-52278,2025-05-20,12,Downtown,Coffee,Cappuccino,medium,3,4.5,13.5,card,no
ORD-52279,2025-05-20,12,Riverside,Coffee,Latte,medium,1,4.75,4.75,card,yes
ORD-52280,2025-05-20,13,Downtown,Coffee,Latte,small,1,4.25,4.25,card,yes
ORD-52281,2025-05-20,14,Downtown,Coffee,Cold brew,medium,1,5,5,card,no
ORD-52282,2025-05-20,16,Airport,Bakery,Banana bread,regular,2,4.75,9.5,card,no
ORD-52283,2025-05-20,18,Downtown,Food,Breakfast sandwich,regular,1,8.75,8.75,card,no
ORD-52284,2025-05-21,7,Downtown,Coffee,Latte,large,2,5.5,11,mobile,no
ORD-52285,2025-05-21,8,Airport,Coffee,Espresso,small,1,3.25,3.25,mobile,no
ORD-52286,2025-05-21,8,Riverside,Coffee,Americano,small,2,3,6,card,yes
ORD-52287,2025-05-21,9,Riverside,Food,Breakfast sandwich,regular,1,8.75,8.75,card,yes
ORD-52288,2025-05-21,10,Airport,Coffee,Latte,small,1,5,5,card,yes
ORD-52289,2025-05-21,11,Downtown,Coffee,Flat white,large,1,5.25,5.25,card,no
ORD-52290,2025-05-21,12,Downtown,Food,Breakfast sandwich,regular,1,8.75,8.75,card,no
ORD-52291,2025-05-21,12,Downtown,Bakery,Croissant,regular,1,3.75,3.75,card,no
ORD-52292,2025-05-21,12,Riverside,Coffee,Espresso,medium,2,3,6,card,yes
ORD-52293,2025-05-21,12,Airport,Coffee,Cold brew,small,1,5.25,5.25,card,no
ORD-52294,2025-05-21,12,Downtown,Food,Avocado toast,regular,3,9.5,28.5,card,no
ORD-52295,2025-05-21,13,Riverside,Tea,Matcha latte,medium,1,5.5,5.5,card,yes
ORD-52296,2025-05-21,13,Airport,Bakery,Croissant,regular,1,4.5,4.5,cash,no
ORD-52297,2025-05-21,13,Downtown,Food,Avocado toast,regular,1,9.5,9.5,mobile,no
ORD-52298,2025-05-21,15,Airport,Coffee,Latte,medium,1,5.5,5.5,card,yes
ORD-52299,2025-05-21,16,Airport,Coffee,Americano,medium,1,4.25,4.25,cash,no
ORD-52300,2025-05-21,17,Downtown,Coffee,Latte,large,1,5.5,5.5,card,yes
ORD-52301,2025-05-22,6,Downtown,Coffee,Cappuccino,small,1,4,4,card,no
ORD-52302,2025-05-22,6,Downtown,Tea,Matcha latte,large,1,6.25,6.25,card,no
ORD-52303,2025-05-22,7,Downtown,Coffee,Cappuccino,medium,1,4.5,4.5,card,yes
ORD-52304,2025-05-22,7,Downtown,Bakery,Croissant,regular,1,3.75,3.75,card,no
ORD-52305,2025-05-22,7,Downtown,Coffee,Latte,large,1,5.5,5.5,card,no
ORD-52306,2025-05-22,7,Riverside,Tea,Chai latte,medium,3,4.75,14.25,card,no
ORD-52307,2025-05-22,8,Downtown,Food,Breakfast sandwich,regular,1,8.75,8.75,mobile,no
ORD-52308,2025-05-22,9,Airport,Coffee,Cold brew,large,1,6.5,6.5,card,yes
ORD-52309,2025-05-22,9,Downtown,Coffee,Americano,small,1,3,3,card,no
ORD-52310,2025-05-22,10,Downtown,Coffee,Americano,large,1,4.25,4.25,mobile,yes
ORD-52311,2025-05-22,10,Riverside,Coffee,Americano,medium,1,3.5,3.5,card,yes
ORD-52312,2025-05-22,10,Riverside,Bakery,Banana bread,regular,1,4,4,mobile,yes
ORD-52313,2025-05-22,11,Downtown,Food,Avocado toast,regular,1,9.5,9.5,mobile,yes
ORD-52314,2025-05-22,12,Downtown,Coffee,Americano,medium,1,3.5,3.5,card,no
ORD-52315,2025-05-22,12,Airport,Coffee,Latte,medium,1,5.5,5.5,mobile,no
ORD-52316,2025-05-22,12,Airport,Coffee,Americano,small,1,3.75,3.75,card,yes
ORD-52317,2025-05-22,12,Airport,Coffee,Americano,medium,1,4.25,4.25,mobile,yes
ORD-52318,2025-05-22,12,Downtown,Coffee,Flat white,small,1,4,4,card,no
ORD-52319,2025-05-22,12,Riverside,Food,Granola bowl,regular,1,7.5,7.5,card,no
ORD-52320,2025-05-22,12,Downtown,Food,Granola bowl,regular,1,7.5,7.5,cash,no
ORD-52321,2025-05-22,12,Downtown,Coffee,Cappuccino,medium,1,4.5,4.5,card,yes
ORD-52322,2025-05-22,13,Downtown,Coffee,Cappuccino,small,1,4,4,card,no
ORD-52323,2025-05-22,14,Riverside,Food,Breakfast sandwich,regular,1,8.75,8.75,mobile,no
ORD-52324,2025-05-22,16,Airport,Tea,Chai latte,large,1,6.25,6.25,card,yes
ORD-52325,2025-05-23,7,Riverside,Bakery,Croissant,regular,1,3.75,3.75,mobile,no
ORD-52326,2025-05-23,7,Airport,Coffee,Americano,medium,1,4.25,4.25,cash,yes
ORD-52327,2025-05-23,8,Downtown,Coffee,Espresso,medium,1,3,3,card,no
ORD-52328,2025-05-23,8,Downtown,Coffee,Americano,small,1,3,3,card,no
ORD-52329,2025-05-23,8,Airport,Bakery,Croissant,regular,1,4.5,4.5,cash,no
ORD-52330,2025-05-23,8,Downtown,Coffee,Cappuccino,large,1,5.25,5.25,mobile,yes
ORD-52331,2025-05-23,8,Airport,Coffee,Flat white,medium,1,5.25,5.25,card,no
ORD-52332,2025-05-23,10,Downtown,Coffee,Americano,medium,1,3.5,3.5,card,yes
ORD-52333,2025-05-23,10,Airport,Food,Avocado toast,regular,1,10.25,10.25,card,yes
ORD-52334,2025-05-23,12,Downtown,Tea,Chai latte,small,1,4.25,4.25,card,no
ORD-52335,2025-05-23,12,Riverside,Food,Breakfast sandwich,regular,2,8.75,17.5,mobile,yes
ORD-52336,2025-05-23,12,Riverside,Food,Avocado toast,regular,1,9.5,9.5,cash,no
ORD-52337,2025-05-23,12,Downtown,Bakery,Banana bread,regular,1,4,4,card,yes
ORD-52338,2025-05-23,12,Downtown,Coffee,Latte,medium,1,4.75,4.75,mobile,yes
ORD-52339,2025-05-23,12,Riverside,Coffee,Cappuccino,medium,1,4.5,4.5,cash,no
ORD-52340,2025-05-23,12,Downtown,Food,Breakfast sandwich,regular,1,8.75,8.75,card,yes
ORD-52341,2025-05-23,13,Downtown,Tea,Earl grey,small,2,2.75,5.5,cash,no
ORD-52342,2025-05-23,13,Riverside,Tea,Chai latte,small,2,4.25,8.5,mobile,yes
ORD-52343,2025-05-23,13,Riverside,Coffee,Espresso,small,1,2.5,2.5,mobile,no
ORD-52344,2025-05-23,13,Downtown,Coffee,Espresso,large,1,3.75,3.75,card,no
ORD-52345,2025-05-23,14,Airport,Coffee,Cold brew,medium,1,5.75,5.75,card,no
ORD-52346,2025-05-23,15,Riverside,Coffee,Cappuccino,medium,1,4.5,4.5,card,yes
ORD-52347,2025-05-23,15,Riverside,Bakery,Banana bread,regular,1,4,4,card,yes
ORD-52348,2025-05-23,15,Downtown,Coffee,Cappuccino,large,1,5.25,5.25,card,yes
ORD-52349,2025-05-23,15,Airport,Tea,Chai latte,large,1,6.25,6.25,mobile,no
ORD-52350,2025-05-23,16,Downtown,Coffee,Americano,small,1,3,3,mobile,no
ORD-52351,2025-05-23,16,Downtown,Coffee,Flat white,large,1,5.25,5.25,card,yes
ORD-52352,2025-05-23,18,Downtown,Food,Avocado toast,regular,1,9.5,9.5,card,no
ORD-52353,2025-05-24,7,Riverside,Coffee,Cappuccino,medium,1,4.5,4.5,cash,yes
ORD-52354,2025-05-24,8,Downtown,Food,Avocado toast,regular,1,9.5,9.5,mobile,no
ORD-52355,2025-05-24,8,Downtown,Coffee,Cold brew,small,1,4.5,4.5,card,no
ORD-52356,2025-05-24,9,Riverside,Bakery,Cinnamon roll,regular,3,4.5,13.5,mobile,yes
ORD-52357,2025-05-24,10,Downtown,Coffee,Cappuccino,medium,1,4.5,4.5,card,yes
ORD-52358,2025-05-24,10,Riverside,Tea,Matcha latte,medium,1,5.5,5.5,card,yes
ORD-52359,2025-05-24,11,Downtown,Bakery,Banana bread,regular,1,4,4,cash,no
ORD-52360,2025-05-24,12,Downtown,Tea,Earl grey,medium,2,3.25,6.5,card,no
ORD-52361,2025-05-24,14,Downtown,Food,Breakfast sandwich,regular,1,8.75,8.75,card,no
ORD-52362,2025-05-24,14,Downtown,Coffee,Cold brew,small,1,4.5,4.5,cash,no
ORD-52363,2025-05-24,15,Airport,Coffee,Cold brew,large,1,6.5,6.5,card,yes
ORD-52364,2025-05-25,6,Riverside,Coffee,Flat white,medium,1,4.5,4.5,card,yes
ORD-52365,2025-05-25,6,Downtown,Tea,Matcha latte,small,1,5,5,mobile,no
ORD-52366,2025-05-25,7,Downtown,Coffee,Latte,small,2,4.25,8.5,cash,no
ORD-52367,2025-05-25,8,Airport,Coffee,Espresso,medium,2,3.75,7.5,mobile,yes
ORD-52368,2025-05-25,8,Airport,Bakery,Croissant,regular,2,4.5,9,mobile,yes
ORD-52369,2025-05-25,8,Airport,Coffee,Cold brew,medium,1,5.75,5.75,card,no
ORD-52370,2025-05-25,8,Downtown,Tea,Chai latte,medium,1,4.75,4.75,card,yes
ORD-52371,2025-05-25,9,Riverside,Food,Granola bowl,regular,1,7.5,7.5,card,yes
ORD-52372,2025-05-25,10,Downtown,Coffee,Cappuccino,small,2,4,8,card,no
ORD-52373,2025-05-25,11,Airport,Coffee,Latte,large,1,6.25,6.25,card,no
ORD-52374,2025-05-25,11,Downtown,Coffee,Latte,small,1,4.25,4.25,card,no
ORD-52375,2025-05-25,11,Riverside,Coffee,Cold brew,medium,1,5,5,card,no
ORD-52376,2025-05-25,11,Riverside,Coffee,Cappuccino,medium,1,4.5,4.5,card,no
ORD-52377,2025-05-25,12,Airport,Coffee,Flat white,small,2,4.75,9.5,cash,no
ORD-52378,2025-05-25,12,Riverside,Coffee,Latte,small,1,4.25,4.25,card,yes
ORD-52379,2025-05-25,13,Riverside,Bakery,Croissant,regular,1,3.75,3.75,card,yes
ORD-52380,2025-05-25,13,Airport,Coffee,Cappuccino,large,1,6,6,card,no
ORD-52381,2025-05-25,13,Airport,Coffee,Flat white,medium,1,5.25,5.25,card,no
ORD-52382,2025-05-25,15,Downtown,Tea,Matcha latte,small,1,5,5,mobile,no
ORD-52383,2025-05-25,16,Riverside,Coffee,Cold brew,medium,1,5,5,card,yes
ORD-52384,2025-05-25,17,Airport,Coffee,Espresso,large,1,4.5,4.5,card,yes
ORD-52385,2025-05-25,18,Riverside,Bakery,Croissant,regular,1,3.75,3.75,mobile,no
ORD-52386,2025-05-26,6,Airport,Coffee,Latte,medium,2,5.5,11,mobile,yes
ORD-52387,2025-05-26,7,Riverside,Coffee,Americano,large,1,4.25,4.25,card,no
ORD-52388,2025-05-26,7,Riverside,Coffee,Americano,large,1,4.25,4.25,card,no
ORD-52389,2025-05-26,7,Riverside,Coffee,Flat white,medium,1,4.5,4.5,cash,no
ORD-52390,2025-05-26,8,Airport,Coffee,Cappuccino,medium,1,5.25,5.25,mobile,no
ORD-52391,2025-05-26,8,Riverside,Tea,Chai latte,medium,1,4.75,4.75,card,no
ORD-52392,2025-05-26,9,Riverside,Coffee,Cold brew,medium,1,5,5,mobile,no
ORD-52393,2025-05-26,10,Riverside,Coffee,Americano,medium,1,3.5,3.5,card,no
ORD-52394,2025-05-26,11,Airport,Coffee,Espresso,small,1,3.25,3.25,card,no
ORD-52395,2025-05-26,11,Downtown,Bakery,Cinnamon roll,regular,1,4.5,4.5,card,no
ORD-52396,2025-05-26,12,Downtown,Bakery,Banana bread,regular,1,4,4,mobile,no
ORD-52397,2025-05-26,12,Downtown,Coffee,Latte,medium,1,4.75,4.75,card,yes
ORD-52398,2025-05-26,14,Downtown,Tea,Matcha latte,medium,1,5.5,5.5,cash,yes
ORD-52399,2025-05-26,15,Riverside,Bakery,Banana bread,regular,1,4,4,card,no
ORD-52400,2025-05-26,16,Riverside,Food,Breakfast sandwich,regular,1,8.75,8.75,card,no
ORD-52401,2025-05-26,16,Riverside,Coffee,Latte,small,1,4.25,4.25,card,yes
ORD-52402,2025-05-26,17,Riverside,Coffee,Cold brew,small,1,4.5,4.5,card,yes
ORD-52403,2025-05-27,6,Downtown,Tea,Matcha latte,medium,1,5.5,5.5,card,no
ORD-52404,2025-05-27,7,Downtown,Coffee,Americano,small,1,3,3,mobile,yes
ORD-52405,2025-05-27,7,Downtown,Coffee,Cappuccino,large,1,5.25,5.25,card,no
ORD-52406,2025-05-27,7,Riverside,Coffee,Espresso,large,1,3.75,3.75,cash,no
ORD-52407,2025-05-27,7,Riverside,Coffee,Flat white,large,1,5.25,5.25,card,yes
ORD-52408,2025-05-27,8,Riverside,Coffee,Latte,large,1,5.5,5.5,card,yes
ORD-52409,2025-05-27,8,Riverside,Tea,Chai latte,medium,1,4.75,4.75,card,no
ORD-52410,2025-05-27,8,Downtown,Bakery,Cinnamon roll,regular,2,4.5,9,card,yes
ORD-52411,2025-05-27,8,Airport,Bakery,Banana bread,regular,1,4.75,4.75,mobile,yes
ORD-52412,2025-05-27,9,Downtown,Tea,Matcha latte,medium,2,5.5,11,mobile,no
ORD-52413,2025-05-27,9,Downtown,Food,Granola bowl,regular,1,7.5,7.5,mobile,yes
ORD-52414,2025-05-27,10,Downtown,Coffee,Latte,small,1,4.25,4.25,card,no
ORD-52415,2025-05-27,10,Riverside,Tea,Chai latte,small,1,4.25,4.25,mobile,no
ORD-52416,2025-05-27,10,Airport,Coffee,Flat white,large,1,6,6,card,yes
ORD-52417,2025-05-27,10,Downtown,Coffee,Latte,medium,1,4.75,4.75,card,no
ORD-52418,2025-05-27,10,Riverside,Coffee,Americano,medium,1,3.5,3.5,cash,yes
ORD-52419,2025-05-27,10,Riverside,Bakery,Croissant,regular,1,3.75,3.75,cash,no
ORD-52420,2025-05-27,11,Riverside,Coffee,Latte,large,1,5.5,5.5,card,yes
ORD-52421,2025-05-27,13,Riverside,Food,Granola bowl,regular,1,7.5,7.5,card,no
ORD-52422,2025-05-27,13,Downtown,Coffee,Cold brew,large,2,5.75,11.5,mobile,yes
ORD-52423,2025-05-27,13,Downtown,Coffee,Cappuccino,small,2,4,8,cash,yes
ORD-52424,2025-05-27,16,Downtown,Food,Granola bowl,regular,1,7.5,7.5,card,no
ORD-52425,2025-05-27,16,Downtown,Coffee,Latte,medium,1,4.75,4.75,card,no
ORD-52426,2025-05-27,16,Riverside,Coffee,Cappuccino,medium,1,4.5,4.5,card,no
ORD-52427,2025-05-28,6,Airport,Tea,Chai latte,small,2,5,10,mobile,no
ORD-52428,2025-05-28,6,Riverside,Coffee,Flat white,small,2,4,8,card,yes
ORD-52429,2025-05-28,8,Riverside,Food,Avocado toast,regular,2,9.5,19,mobile,yes
ORD-52430,2025-05-28,8,Downtown,Coffee,Cappuccino,medium,3,4.5,13.5,card,no
ORD-52431,2025-05-28,8,Riverside,Food,Granola bowl,regular,1,7.5,7.5,card,yes
ORD-52432,2025-05-28,8,Riverside,Coffee,Cold brew,medium,1,5,5,mobile,no
ORD-52433,2025-05-28,8,Riverside,Food,Breakfast sandwich,regular,1,8.75,8.75,card,yes
ORD-52434,2025-05-28,9,Downtown,Bakery,Croissant,regular,2,3.75,7.5,mobile,yes
ORD-52435,2025-05-28,9,Airport,Bakery,Cinnamon roll,regular,1,5.25,5.25,mobile,no
ORD-52436,2025-05-28,9,Riverside,Coffee,Flat white,medium,1,4.5,4.5,card,yes
ORD-52437,2025-05-28,10,Downtown,Bakery,Cinnamon roll,regular,1,4.5,4.5,card,yes
ORD-52438,2025-05-28,11,Riverside,Coffee,Cold brew,medium,1,5,5,card,yes
ORD-52439,2025-05-28,12,Downtown,Food,Breakfast sandwich,regular,1,8.75,8.75,card,no
ORD-52440,2025-05-28,12,Airport,Food,Avocado toast,regular,1,10.25,10.25,card,no
ORD-52441,2025-05-28,13,Riverside,Food,Avocado toast,regular,1,9.5,9.5,card,yes
ORD-52442,2025-05-28,14,Riverside,Coffee,Cappuccino,large,1,5.25,5.25,card,yes
ORD-52443,2025-05-28,14,Airport,Tea,Chai latte,medium,1,5.5,5.5,card,no
ORD-52444,2025-05-28,16,Airport,Tea,Matcha latte,small,1,5.75,5.75,cash,yes
ORD-52445,2025-05-28,16,Downtown,Coffee,Flat white,large,1,5.25,5.25,card,no
ORD-52446,2025-05-28,17,Airport,Food,Breakfast sandwich,regular,2,9.5,19,card,no
ORD-52447,2025-05-29,7,Downtown,Food,Breakfast sandwich,regular,1,8.75,8.75,card,yes
ORD-52448,2025-05-29,7,Airport,Coffee,Flat white,medium,3,5.25,15.75,card,no
ORD-52449,2025-05-29,8,Airport,Food,Granola bowl,regular,3,8.25,24.75,card,yes
ORD-52450,2025-05-29,9,Downtown,Tea,Earl grey,large,1,4,4,card,yes
ORD-52451,2025-05-29,10,Riverside,Bakery,Cinnamon roll,regular,1,4.5,4.5,card,yes
ORD-52452,2025-05-29,10,Riverside,Coffee,Latte,medium,1,4.75,4.75,card,no
ORD-52453,2025-05-29,11,Airport,Coffee,Espresso,small,1,3.25,3.25,card,no
ORD-52454,2025-05-29,14,Downtown,Coffee,Flat white,small,1,4,4,mobile,yes
ORD-52455,2025-05-29,14,Riverside,Food,Granola bowl,regular,1,7.5,7.5,card,yes
ORD-52456,2025-05-30,7,Riverside,Bakery,Croissant,regular,1,3.75,3.75,mobile,yes
ORD-52457,2025-05-30,7,Riverside,Coffee,Americano,medium,1,3.5,3.5,mobile,no
ORD-52458,2025-05-30,7,Airport,Tea,Earl grey,small,1,3.5,3.5,card,no
ORD-52459,2025-05-30,8,Airport,Coffee,Flat white,medium,1,5.25,5.25,cash,yes
ORD-52460,2025-05-30,8,Downtown,Coffee,Cappuccino,medium,1,4.5,4.5,card,yes
ORD-52461,2025-05-30,8,Riverside,Tea,Chai latte,medium,1,4.75,4.75,card,yes
ORD-52462,2025-05-30,8,Downtown,Coffee,Cold brew,medium,1,5,5,card,yes
ORD-52463,2025-05-30,8,Riverside,Coffee,Latte,small,2,4.25,8.5,card,no
ORD-52464,2025-05-30,9,Downtown,Food,Granola bowl,regular,3,7.5,22.5,card,yes
ORD-52465,2025-05-30,10,Airport,Coffee,Latte,medium,2,5.5,11,card,no
ORD-52466,2025-05-30,10,Downtown,Coffee,Flat white,medium,1,4.5,4.5,cash,no
ORD-52467,2025-05-30,12,Airport,Coffee,Flat white,small,1,4.75,4.75,card,no
ORD-52468,2025-05-30,12,Riverside,Coffee,Americano,small,2,3,6,card,no
ORD-52469,2025-05-30,12,Airport,Coffee,Flat white,medium,3,5.25,15.75,card,no
ORD-52470,2025-05-30,12,Downtown,Coffee,Cappuccino,medium,2,4.5,9,mobile,no
ORD-52471,2025-05-30,12,Riverside,Tea,Chai latte,medium,1,4.75,4.75,mobile,no
ORD-52472,2025-05-30,12,Downtown,Coffee,Espresso,medium,2,3,6,card,no
ORD-52473,2025-05-30,13,Downtown,Bakery,Croissant,regular,1,3.75,3.75,cash,no
ORD-52474,2025-05-30,15,Airport,Coffee,Latte,small,1,5,5,card,yes
ORD-52475,2025-05-30,16,Downtown,Coffee,Latte,large,2,5.5,11,mobile,yes
ORD-52476,2025-05-30,16,Riverside,Coffee,Americano,large,2,4.25,8.5,card,yes
ORD-52477,2025-05-30,17,Riverside,Tea,Chai latte,small,1,4.25,4.25,card,no
ORD-52478,2025-05-30,17,Airport,Tea,Matcha latte,medium,1,6.25,6.25,card,no
ORD-52479,2025-05-30,18,Downtown,Coffee,Espresso,large,1,3.75,3.75,card,yes
ORD-52480,2025-05-30,18,Airport,Coffee,Latte,medium,1,5.5,5.5,card,yes
ORD-52481,2025-05-31,7,Riverside,Coffee,Americano,large,2,4.25,8.5,card,yes
ORD-52482,2025-05-31,7,Downtown,Tea,Earl grey,medium,1,3.25,3.25,card,no
ORD-52483,2025-05-31,8,Riverside,Coffee,Americano,large,1,4.25,4.25,card,yes
ORD-52484,2025-05-31,8,Riverside,Food,Breakfast sandwich,regular,1,8.75,8.75,cash,no
ORD-52485,2025-05-31,8,Riverside,Coffee,Flat white,medium,1,4.5,4.5,card,yes
ORD-52486,2025-05-31,9,Downtown,Bakery,Banana bread,regular,2,4,8,card,yes
ORD-52487,2025-05-31,9,Downtown,Coffee,Flat white,small,2,4,8,mobile,no
ORD-52488,2025-05-31,10,Downtown,Bakery,Croissant,regular,1,3.75,3.75,cash,no
ORD-52489,2025-05-31,10,Downtown,Coffee,Americano,medium,1,3.5,3.5,card,no
ORD-52490,2025-05-31,10,Airport,Coffee,Cappuccino,small,1,4.75,4.75,card,no
ORD-52491,2025-05-31,11,Downtown,Coffee,Americano,small,1,3,3,mobile,no
ORD-52492,2025-05-31,12,Riverside,Food,Avocado toast,regular,2,9.5,19,card,no
ORD-52493,2025-05-31,15,Downtown,Coffee,Flat white,medium,3,4.5,13.5,card,no
ORD-52494,2025-06-01,7,Riverside,Coffee,Latte,large,1,5.5,5.5,card,no
ORD-52495,2025-06-01,7,Airport,Tea,Matcha latte,large,1,7,7,card,yes
ORD-52496,2025-06-01,8,Downtown,Coffee,Americano,large,1,4.25,4.25,mobile,yes
ORD-52497,2025-06-01,8,Airport,Bakery,Banana bread,regular,3,4.75,14.25,mobile,no
ORD-52498,2025-06-01,8,Riverside,Coffee,Flat white,small,1,4,4,mobile,yes
ORD-52499,2025-06-01,8,Riverside,Coffee,Latte,small,1,4.25,4.25,mobile,no
ORD-52500,2025-06-01,9,Downtown,Coffee,Latte,large,1,5.5,5.5,card,no
ORD-52501,2025-06-01,10,Airport,Coffee,Cappuccino,large,3,6,18,mobile,yes
ORD-52502,2025-06-01,11,Downtown,Coffee,Cappuccino,large,2,5.25,10.5,mobile,yes
ORD-52503,2025-06-01,11,Riverside,Food,Avocado toast,regular,2,9.5,19,mobile,no
ORD-52504,2025-06-01,12,Riverside,Coffee,Latte,medium,2,4.75,9.5,cash,no
ORD-52505,2025-06-01,12,Airport,Food,Avocado toast,regular,1,10.25,10.25,card,no
ORD-52506,2025-06-01,12,Riverside,Coffee,Flat white,medium,1,4.5,4.5,mobile,no
ORD-52507,2025-06-01,12,Riverside,Food,Granola bowl,regular,1,7.5,7.5,mobile,no
ORD-52508,2025-06-01,14,Riverside,Coffee,Americano,small,1,3,3,card,no
ORD-52509,2025-06-01,14,Airport,Coffee,Latte,medium,1,5.5,5.5,card,no
ORD-52510,2025-06-01,14,Downtown,Coffee,Flat white,medium,1,4.5,4.5,card,no
ORD-52511,2025-06-01,15,Riverside,Coffee,Cappuccino,small,1,4,4,card,no
ORD-52512,2025-06-01,16,Airport,Tea,Matcha latte,medium,1,6.25,6.25,mobile,no
ORD-52513,2025-06-02,6,Downtown,Coffee,Latte,medium,2,4.75,9.5,card,no
ORD-52514,2025-06-02,7,Airport,Bakery,Croissant,regular,1,4.5,4.5,card,yes
ORD-52515,2025-06-02,7,Riverside,Food,Avocado toast,regular,1,9.5,9.5,card,no
ORD-52516,2025-06-02,7,Downtown,Coffee,Cappuccino,small,1,4,4,mobile,no
ORD-52517,2025-06-02,8,Downtown,Coffee,Cold brew,large,1,5.75,5.75,mobile,yes
ORD-52518,2025-06-02,8,Riverside,Tea,Chai latte,small,1,4.25,4.25,card,no
ORD-52519,2025-06-02,9,Downtown,Food,Breakfast sandwich,regular,1,8.75,8.75,card,no
ORD-52520,2025-06-02,10,Downtown,Tea,Matcha latte,small,2,5,10,card,yes
ORD-52521,2025-06-02,11,Riverside,Food,Granola bowl,regular,1,7.5,7.5,mobile,yes
ORD-52522,2025-06-02,11,Downtown,Food,Breakfast sandwich,regular,1,8.75,8.75,cash,no
ORD-52523,2025-06-02,13,Downtown,Coffee,Flat white,medium,2,4.5,9,mobile,no
ORD-52524,2025-06-02,14,Riverside,Coffee,Flat white,large,1,5.25,5.25,mobile,no
ORD-52525,2025-06-02,17,Riverside,Coffee,Latte,small,1,4.25,4.25,card,no
ORD-52526,2025-06-03,7,Riverside,Bakery,Croissant,regular,1,3.75,3.75,cash,no
ORD-52527,2025-06-03,7,Downtown,Coffee,Cold brew,large,2,5.75,11.5,cash,no
ORD-52528,2025-06-03,7,Riverside,Bakery,Croissant,regular,1,3.75,3.75,card,no
ORD-52529,2025-06-03,8,Downtown,Coffee,Latte,large,1,5.5,5.5,card,yes
ORD-52530,2025-06-03,8,Riverside,Food,Breakfast sandwich,regular,1,8.75,8.75,card,no
ORD-52531,2025-06-03,8,Downtown,Bakery,Banana bread,regular,1,4,4,card,no
ORD-52532,2025-06-03,8,Riverside,Coffee,Cold brew,small,1,4.5,4.5,mobile,no
ORD-52533,2025-06-03,8,Downtown,Bakery,Banana bread,regular,2,4,8,card,no
ORD-52534,2025-06-03,8,Airport,Coffee,Cappuccino,large,1,6,6,card,no
ORD-52535,2025-06-03,9,Downtown,Tea,Chai latte,small,2,4.25,8.5,mobile,no
ORD-52536,2025-06-03,9,Downtown,Tea,Earl grey,large,1,4,4,cash,no
ORD-52537,2025-06-03,10,Downtown,Coffee,Flat white,small,1,4,4,cash,no
ORD-52538,2025-06-03,12,Downtown,Coffee,Latte,medium,1,4.75,4.75,mobile,no
ORD-52539,2025-06-03,14,Downtown,Bakery,Cinnamon roll,regular,1,4.5,4.5,mobile,no
ORD-52540,2025-06-03,15,Riverside,Coffee,Americano,small,1,3,3,mobile,no
ORD-52541,2025-06-04,6,Airport,Food,Avocado toast,regular,1,10.25,10.25,card,no
ORD-52542,2025-06-04,6,Downtown,Tea,Chai latte,medium,1,4.75,4.75,card,yes
ORD-52543,2025-06-04,6,Downtown,Bakery,Croissant,regular,1,3.75,3.75,mobile,yes
ORD-52544,2025-06-04,7,Airport,Coffee,Cappuccino,medium,1,5.25,5.25,mobile,no
ORD-52545,2025-06-04,7,Downtown,Coffee,Latte,small,2,4.25,8.5,card,yes
ORD-52546,2025-06-04,8,Riverside,Coffee,Americano,large,1,4.25,4.25,mobile,no
ORD-52547,2025-06-04,8,Downtown,Coffee,Cappuccino,medium,1,4.5,4.5,card,yes
ORD-52548,2025-06-04,8,Riverside,Coffee,Americano,small,2,3,6,mobile,no
ORD-52549,2025-06-04,8,Downtown,Coffee,Flat white,large,1,5.25,5.25,card,no
ORD-52550,2025-06-04,8,Downtown,Coffee,Espresso,large,3,3.75,11.25,card,no
ORD-52551,2025-06-04,8,Riverside,Bakery,Croissant,regular,2,3.75,7.5,card,no
ORD-52552,2025-06-04,8,Airport,Coffee,Latte,medium,1,5.5,5.5,cash,yes
ORD-52553,2025-06-04,9,Airport,Coffee,Latte,medium,1,5.5,5.5,card,no
ORD-52554,2025-06-04,9,Downtown,Coffee,Cold brew,small,1,4.5,4.5,card,no
ORD-52555,2025-06-04,9,Airport,Coffee,Flat white,medium,1,5.25,5.25,card,no
ORD-52556,2025-06-04,10,Riverside,Coffee,Cold brew,large,1,5.75,5.75,card,yes
ORD-52557,2025-06-04,10,Downtown,Bakery,Banana bread,regular,1,4,4,card,no
ORD-52558,2025-06-04,10,Downtown,Coffee,Flat white,small,1,4,4,card,yes
ORD-52559,2025-06-04,11,Downtown,Bakery,Croissant,regular,2,3.75,7.5,mobile,no
ORD-52560,2025-06-04,11,Riverside,Coffee,Flat white,small,1,4,4,card,no
ORD-52561,2025-06-04,12,Downtown,Coffee,Flat white,small,1,4,4,card,no
ORD-52562,2025-06-04,12,Riverside,Food,Breakfast sandwich,regular,1,8.75,8.75,card,yes
ORD-52563,2025-06-04,12,Downtown,Food,Granola bowl,regular,2,7.5,15,card,yes
ORD-52564,2025-06-04,14,Downtown,Bakery,Banana bread,regular,1,4,4,card,no
ORD-52565,2025-06-04,17,Riverside,Food,Avocado toast,regular,1,9.5,9.5,card,no
ORD-52566,2025-06-05,6,Downtown,Coffee,Americano,large,1,4.25,4.25,cash,no
ORD-52567,2025-06-05,7,Airport,Food,Avocado toast,regular,1,10.25,10.25,card,yes
ORD-52568,2025-06-05,8,Riverside,Coffee,Cold brew,small,3,4.5,13.5,card,yes
ORD-52569,2025-06-05,8,Riverside,Coffee,Americano,medium,1,3.5,3.5,card,no
ORD-52570,2025-06-05,8,Riverside,Tea,Chai latte,small,1,4.25,4.25,card,no
ORD-52571,2025-06-05,8,Airport,Bakery,Banana bread,regular,1,4.75,4.75,card,no
ORD-52572,2025-06-05,9,Downtown,Coffee,Flat white,small,1,4,4,card,yes
ORD-52573,2025-06-05,9,Downtown,Coffee,Cappuccino,small,1,4,4,card,yes
ORD-52574,2025-06-05,9,Downtown,Coffee,Flat white,small,1,4,4,mobile,no
ORD-52575,2025-06-05,9,Airport,Bakery,Banana bread,regular,2,4.75,9.5,card,no
ORD-52576,2025-06-05,10,Downtown,Tea,Matcha latte,medium,1,5.5,5.5,card,no
ORD-52577,2025-06-05,10,Airport,Coffee,Americano,medium,1,4.25,4.25,card,yes
ORD-52578,2025-06-05,10,Riverside,Coffee,Cappuccino,medium,1,4.5,4.5,mobile,no
ORD-52579,2025-06-05,10,Airport,Coffee,Espresso,large,1,4.5,4.5,card,no
ORD-52580,2025-06-05,11,Downtown,Food,Avocado toast,regular,1,9.5,9.5,card,no
ORD-52581,2025-06-05,11,Downtown,Food,Breakfast sandwich,regular,1,8.75,8.75,card,yes
ORD-52582,2025-06-05,15,Downtown,Food,Granola bowl,regular,1,7.5,7.5,mobile,no
ORD-52583,2025-06-05,15,Downtown,Coffee,Latte,small,1,4.25,4.25,card,no
ORD-52584,2025-06-05,17,Airport,Tea,Chai latte,medium,1,5.5,5.5,mobile,no
ORD-52585,2025-06-06,7,Downtown,Coffee,Latte,small,1,4.25,4.25,cash,no
ORD-52586,2025-06-06,8,Riverside,Tea,Earl grey,large,1,4,4,cash,no
ORD-52587,2025-06-06,8,Airport,Tea,Chai latte,medium,1,5.5,5.5,cash,yes
ORD-52588,2025-06-06,8,Downtown,Coffee,Latte,large,1,5.5,5.5,mobile,yes
ORD-52589,2025-06-06,9,Airport,Coffee,Cappuccino,small,1,4.75,4.75,mobile,yes
ORD-52590,2025-06-06,9,Riverside,Tea,Earl grey,medium,1,3.25,3.25,card,no
ORD-52591,2025-06-06,9,Riverside,Coffee,Americano,small,1,3,3,card,yes
ORD-52592,2025-06-06,9,Downtown,Bakery,Cinnamon roll,regular,2,4.5,9,card,no
ORD-52593,2025-06-06,11,Downtown,Coffee,Espresso,medium,1,3,3,card,no
ORD-52594,2025-06-06,11,Downtown,Coffee,Latte,medium,1,4.75,4.75,mobile,yes
ORD-52595,2025-06-06,12,Riverside,Coffee,Americano,medium,1,3.5,3.5,card,no
ORD-52596,2025-06-06,12,Riverside,Coffee,Cold brew,large,1,5.75,5.75,card,no
ORD-52597,2025-06-06,12,Downtown,Coffee,Espresso,small,1,2.5,2.5,card,no
ORD-52598,2025-06-06,13,Airport,Coffee,Cappuccino,large,1,6,6,cash,no
ORD-52599,2025-06-06,13,Airport,Coffee,Cappuccino,large,1,6,6,card,no
ORD-52600,2025-06-06,14,Riverside,Coffee,Cold brew,large,2,5.75,11.5,card,no
ORD-52601,2025-06-06,14,Riverside,Tea,Chai latte,medium,1,4.75,4.75,mobile,no
ORD-52602,2025-06-06,14,Downtown,Coffee,Espresso,large,2,3.75,7.5,mobile,yes
ORD-52603,2025-06-06,15,Riverside,Coffee,Flat white,medium,2,4.5,9,mobile,no
ORD-52604,2025-06-06,16,Airport,Coffee,Americano,large,1,5,5,cash,yes
ORD-52605,2025-06-06,18,Downtown,Coffee,Latte,medium,2,4.75,9.5,card,yes
ORD-52606,2025-06-06,18,Airport,Food,Breakfast sandwich,regular,1,9.5,9.5,card,no
ORD-52607,2025-06-06,18,Downtown,Bakery,Banana bread,regular,1,4,4,card,no
ORD-52608,2025-06-07,6,Airport,Tea,Matcha latte,large,1,7,7,mobile,yes
ORD-52609,2025-06-07,8,Airport,Food,Granola bowl,regular,2,8.25,16.5,mobile,no
ORD-52610,2025-06-07,8,Riverside,Food,Granola bowl,regular,1,7.5,7.5,card,no
ORD-52611,2025-06-07,8,Airport,Food,Breakfast sandwich,regular,1,9.5,9.5,card,no
ORD-52612,2025-06-07,8,Airport,Coffee,Americano,small,1,3.75,3.75,card,no
ORD-52613,2025-06-07,8,Downtown,Food,Breakfast sandwich,regular,3,8.75,26.25,card,yes
ORD-52614,2025-06-07,10,Downtown,Bakery,Croissant,regular,1,3.75,3.75,card,no
ORD-52615,2025-06-07,12,Airport,Bakery,Croissant,regular,1,4.5,4.5,mobile,yes
ORD-52616,2025-06-07,13,Riverside,Coffee,Americano,large,1,4.25,4.25,cash,no
ORD-52617,2025-06-07,13,Downtown,Coffee,Americano,small,1,3,3,card,yes
ORD-52618,2025-06-07,13,Airport,Coffee,Latte,small,1,5,5,card,no
ORD-52619,2025-06-07,15,Riverside,Coffee,Americano,medium,1,3.5,3.5,mobile,yes
ORD-52620,2025-06-07,17,Riverside,Coffee,Latte,large,1,5.5,5.5,cash,yes
ORD-52621,2025-06-07,18,Airport,Coffee,Cappuccino,medium,1,5.25,5.25,mobile,no
ORD-52622,2025-06-08,7,Airport,Coffee,Latte,medium,1,5.5,5.5,mobile,no
ORD-52623,2025-06-08,7,Downtown,Bakery,Croissant,regular,1,3.75,3.75,card,no
ORD-52624,2025-06-08,7,Riverside,Coffee,Cappuccino,medium,1,4.5,4.5,mobile,no
ORD-52625,2025-06-08,7,Riverside,Food,Avocado toast,regular,1,9.5,9.5,mobile,no
ORD-52626,2025-06-08,7,Downtown,Coffee,Americano,medium,1,3.5,3.5,cash,no
ORD-52627,2025-06-08,8,Riverside,Coffee,Latte,large,1,5.5,5.5,mobile,no
ORD-52628,2025-06-08,8,Riverside,Bakery,Cinnamon roll,regular,2,4.5,9,card,no
ORD-52629,2025-06-08,9,Downtown,Tea,Matcha latte,medium,2,5.5,11,card,no
ORD-52630,2025-06-08,11,Airport,Coffee,Cold brew,large,1,6.5,6.5,card,no
ORD-52631,2025-06-08,12,Airport,Food,Avocado toast,regular,2,10.25,20.5,card,no
ORD-52632,2025-06-08,13,Riverside,Coffee,Latte,small,1,4.25,4.25,cash,yes
ORD-52633,2025-06-08,13,Airport,Coffee,Espresso,medium,1,3.75,3.75,mobile,yes
ORD-52634,2025-06-08,13,Downtown,Coffee,Cold brew,large,1,5.75,5.75,mobile,yes
ORD-52635,2025-06-08,14,Riverside,Coffee,Espresso,medium,1,3,3,card,yes
ORD-52636,2025-06-08,15,Riverside,Coffee,Cold brew,small,1,4.5,4.5,card,yes
ORD-52637,2025-06-08,17,Downtown,Coffee,Cold brew,small,1,4.5,4.5,card,yes
ORD-52638,2025-06-09,7,Downtown,Coffee,Cappuccino,large,2,5.25,10.5,cash,no
ORD-52639,2025-06-09,7,Airport,Food,Avocado toast,regular,2,10.25,20.5,cash,no
ORD-52640,2025-06-09,7,Airport,Tea,Chai latte,medium,1,5.5,5.5,card,yes
ORD-52641,2025-06-09,8,Airport,Bakery,Croissant,regular,1,4.5,4.5,card,no
ORD-52642,2025-06-09,8,Riverside,Coffee,Cappuccino,small,1,4,4,mobile,no
ORD-52643,2025-06-09,8,Airport,Coffee,Americano,medium,1,4.25,4.25,card,no
ORD-52644,2025-06-09,8,Downtown,Bakery,Croissant,regular,2,3.75,7.5,card,yes
ORD-52645,2025-06-09,9,Riverside,Food,Avocado toast,regular,1,9.5,9.5,card,no
ORD-52646,2025-06-09,11,Airport,Coffee,Flat white,small,1,4.75,4.75,card,no
ORD-52647,2025-06-09,11,Downtown,Coffee,Latte,medium,1,4.75,4.75,card,no
ORD-52648,2025-06-09,11,Downtown,Coffee,Cappuccino,small,1,4,4,mobile,yes
ORD-52649,2025-06-09,11,Riverside,Coffee,Flat white,large,1,5.25,5.25,card,yes
ORD-52650,2025-06-09,11,Riverside,Food,Avocado toast,regular,1,9.5,9.5,cash,no
ORD-52651,2025-06-09,12,Riverside,Food,Avocado toast,regular,2,9.5,19,mobile,no
ORD-52652,2025-06-09,12,Airport,Bakery,Croissant,regular,1,4.5,4.5,card,yes
ORD-52653,2025-06-09,12,Downtown,Coffee,Americano,small,1,3,3,mobile,no
ORD-52654,2025-06-09,12,Downtown,Bakery,Cinnamon roll,regular,2,4.5,9,card,yes
ORD-52655,2025-06-09,12,Airport,Coffee,Cappuccino,medium,1,5.25,5.25,mobile,yes
ORD-52656,2025-06-09,12,Downtown,Bakery,Croissant,regular,1,3.75,3.75,mobile,no
ORD-52657,2025-06-09,13,Riverside,Coffee,Flat white,small,1,4,4,mobile,yes
ORD-52658,2025-06-09,13,Riverside,Food,Breakfast sandwich,regular,1,8.75,8.75,card,no
ORD-52659,2025-06-09,13,Downtown,Coffee,Cappuccino,medium,1,4.5,4.5,card,no
ORD-52660,2025-06-09,14,Downtown,Coffee,Cold brew,small,1,4.5,4.5,card,no
ORD-52661,2025-06-09,14,Downtown,Bakery,Cinnamon roll,regular,2,4.5,9,mobile,no
ORD-52662,2025-06-09,15,Riverside,Coffee,Cappuccino,large,1,5.25,5.25,card,yes
ORD-52663,2025-06-09,15,Downtown,Coffee,Cold brew,medium,1,5,5,mobile,no
ORD-52664,2025-06-10,6,Riverside,Food,Breakfast sandwich,regular,1,8.75,8.75,card,yes
ORD-52665,2025-06-10,6,Riverside,Tea,Chai latte,medium,1,4.75,4.75,mobile,no
ORD-52666,2025-06-10,7,Riverside,Bakery,Cinnamon roll,regular,1,4.5,4.5,mobile,yes
ORD-52667,2025-06-10,7,Riverside,Coffee,Espresso,small,3,2.5,7.5,card,yes
ORD-52668,2025-06-10,7,Airport,Bakery,Cinnamon roll,regular,1,5.25,5.25,card,no
ORD-52669,2025-06-10,7,Downtown,Food,Breakfast sandwich,regular,1,8.75,8.75,mobile,no
ORD-52670,2025-06-10,7,Downtown,Tea,Chai latte,medium,1,4.75,4.75,mobile,no
ORD-52671,2025-06-10,8,Downtown,Food,Breakfast sandwich,regular,2,8.75,17.5,cash,no
ORD-52672,2025-06-10,8,Downtown,Coffee,Flat white,medium,1,4.5,4.5,card,yes
ORD-52673,2025-06-10,8,Downtown,Bakery,Banana bread,regular,1,4,4,mobile,yes
ORD-52674,2025-06-10,8,Riverside,Coffee,Latte,medium,1,4.75,4.75,mobile,yes
ORD-52675,2025-06-10,8,Airport,Bakery,Cinnamon roll,regular,1,5.25,5.25,card,yes
ORD-52676,2025-06-10,8,Downtown,Coffee,Cappuccino,medium,1,4.5,4.5,mobile,no
ORD-52677,2025-06-10,9,Riverside,Food,Breakfast sandwich,regular,1,8.75,8.75,card,no
ORD-52678,2025-06-10,9,Airport,Food,Breakfast sandwich,regular,1,9.5,9.5,cash,no
ORD-52679,2025-06-10,10,Riverside,Coffee,Americano,medium,1,3.5,3.5,card,no
ORD-52680,2025-06-10,10,Riverside,Coffee,Cold brew,small,1,4.5,4.5,mobile,no
ORD-52681,2025-06-10,10,Riverside,Coffee,Cold brew,medium,1,5,5,card,no
ORD-52682,2025-06-10,12,Airport,Food,Avocado toast,regular,1,10.25,10.25,card,no
ORD-52683,2025-06-10,14,Riverside,Tea,Earl grey,medium,1,3.25,3.25,card,yes
ORD-52684,2025-06-10,15,Downtown,Food,Granola bowl,regular,2,7.5,15,mobile,no
ORD-52685,2025-06-10,15,Downtown,Coffee,Cappuccino,small,4,4,16,card,no
ORD-52686,2025-06-10,17,Downtown,Bakery,Banana bread,regular,1,4,4,mobile,yes
ORD-52687,2025-06-10,18,Downtown,Coffee,Flat white,medium,1,4.5,4.5,card,no
ORD-52688,2025-06-11,6,Downtown,Coffee,Flat white,medium,2,4.5,9,card,no
ORD-52689,2025-06-11,7,Downtown,Food,Avocado toast,regular,1,9.5,9.5,mobile,no
ORD-52690,2025-06-11,7,Downtown,Tea,Matcha latte,medium,1,5.5,5.5,mobile,yes
ORD-52691,2025-06-11,7,Downtown,Coffee,Latte,small,1,4.25,4.25,mobile,no
ORD-52692,2025-06-11,8,Riverside,Coffee,Cold brew,medium,1,5,5,card,no
ORD-52693,2025-06-11,8,Airport,Food,Avocado toast,regular,2,10.25,20.5,card,yes
ORD-52694,2025-06-11,8,Downtown,Coffee,Cold brew,medium,1,5,5,card,no
ORD-52695,2025-06-11,8,Downtown,Coffee,Cappuccino,large,3,5.25,15.75,cash,no
ORD-52696,2025-06-11,8,Downtown,Coffee,Cold brew,medium,1,5,5,card,no
ORD-52697,2025-06-11,8,Downtown,Coffee,Cappuccino,medium,1,4.5,4.5,mobile,yes
ORD-52698,2025-06-11,9,Downtown,Food,Avocado toast,regular,1,9.5,9.5,cash,yes
ORD-52699,2025-06-11,9,Downtown,Coffee,Americano,large,1,4.25,4.25,card,no
ORD-52700,2025-06-11,10,Airport,Food,Granola bowl,regular,2,8.25,16.5,card,no
ORD-52701,2025-06-11,12,Airport,Coffee,Cold brew,large,1,6.5,6.5,cash,no
ORD-52702,2025-06-11,12,Downtown,Food,Avocado toast,regular,1,9.5,9.5,card,no
ORD-52703,2025-06-11,12,Downtown,Coffee,Cold brew,medium,1,5,5,card,yes
ORD-52704,2025-06-11,13,Airport,Food,Breakfast sandwich,regular,1,9.5,9.5,card,yes
ORD-52705,2025-06-11,13,Airport,Coffee,Americano,medium,1,4.25,4.25,card,yes
ORD-52706,2025-06-11,14,Downtown,Coffee,Cold brew,small,1,4.5,4.5,cash,no
ORD-52707,2025-06-11,14,Downtown,Food,Breakfast sandwich,regular,1,8.75,8.75,card,no
ORD-52708,2025-06-11,15,Downtown,Coffee,Cold brew,medium,1,5,5,card,yes
ORD-52709,2025-06-11,16,Riverside,Coffee,Flat white,large,1,5.25,5.25,mobile,yes
ORD-52710,2025-06-11,17,Airport,Coffee,Flat white,small,2,4.75,9.5,mobile,no
ORD-52711,2025-06-11,17,Airport,Coffee,Cappuccino,medium,2,5.25,10.5,mobile,no
ORD-52712,2025-06-11,17,Airport,Food,Granola bowl,regular,2,8.25,16.5,mobile,yes
ORD-52713,2025-06-12,7,Downtown,Coffee,Latte,small,1,4.25,4.25,mobile,no
ORD-52714,2025-06-12,7,Downtown,Coffee,Latte,large,2,5.5,11,card,yes
ORD-52715,2025-06-12,7,Downtown,Bakery,Cinnamon roll,regular,3,4.5,13.5,mobile,yes
ORD-52716,2025-06-12,7,Riverside,Tea,Matcha latte,large,3,6.25,18.75,mobile,no
ORD-52717,2025-06-12,7,Downtown,Tea,Chai latte,medium,1,4.75,4.75,card,yes
ORD-52718,2025-06-12,8,Downtown,Coffee,Cold brew,large,1,5.75,5.75,card,no
ORD-52719,2025-06-12,8,Airport,Bakery,Croissant,regular,2,4.5,9,card,no
ORD-52720,2025-06-12,8,Airport,Coffee,Flat white,medium,1,5.25,5.25,card,yes
ORD-52721,2025-06-12,8,Downtown,Bakery,Cinnamon roll,regular,1,4.5,4.5,card,no
ORD-52722,2025-06-12,9,Airport,Bakery,Banana bread,regular,1,4.75,4.75,card,yes
ORD-52723,2025-06-12,9,Riverside,Coffee,Americano,small,1,3,3,card,no
ORD-52724,2025-06-12,10,Downtown,Coffee,Espresso,medium,2,3,6,card,yes
ORD-52725,2025-06-12,10,Riverside,Tea,Chai latte,medium,1,4.75,4.75,card,no
ORD-52726,2025-06-12,13,Downtown,Coffee,Cappuccino,small,2,4,8,cash,no
ORD-52727,2025-06-12,15,Downtown,Coffee,Cappuccino,medium,1,4.5,4.5,card,yes
ORD-52728,2025-06-13,6,Airport,Tea,Chai latte,small,1,5,5,cash,yes
ORD-52729,2025-06-13,7,Downtown,Bakery,Banana bread,regular,1,4,4,mobile,no
ORD-52730,2025-06-13,8,Riverside,Coffee,Americano,medium,1,3.5,3.5,card,no
ORD-52731,2025-06-13,8,Riverside,Coffee,Latte,large,1,5.5,5.5,cash,no
ORD-52732,2025-06-13,8,Downtown,Coffee,Flat white,large,1,5.25,5.25,card,yes
ORD-52733,2025-06-13,8,Riverside,Coffee,Flat white,small,2,4,8,mobile,yes
ORD-52734,2025-06-13,8,Downtown,Coffee,Cappuccino,medium,1,4.5,4.5,card,yes
ORD-52735,2025-06-13,9,Downtown,Food,Avocado toast,regular,1,9.5,9.5,card,no
ORD-52736,2025-06-13,9,Downtown,Coffee,Flat white,large,1,5.25,5.25,card,yes
ORD-52737,2025-06-13,10,Riverside,Coffee,Latte,medium,1,4.75,4.75,card,no
ORD-52738,2025-06-13,10,Downtown,Coffee,Cappuccino,medium,1,4.5,4.5,card,yes
ORD-52739,2025-06-13,12,Riverside,Food,Granola bowl,regular,1,7.5,7.5,card,no
ORD-52740,2025-06-13,12,Downtown,Food,Avocado toast,regular,1,9.5,9.5,card,no
ORD-52741,2025-06-13,12,Downtown,Coffee,Flat white,medium,1,4.5,4.5,card,no
ORD-52742,2025-06-13,12,Airport,Coffee,Cappuccino,medium,1,5.25,5.25,mobile,no
ORD-52743,2025-06-13,12,Riverside,Coffee,Latte,small,1,4.25,4.25,card,no
ORD-52744,2025-06-13,13,Downtown,Coffee,Flat white,large,1,5.25,5.25,card,no
ORD-52745,2025-06-13,13,Downtown,Tea,Chai latte,small,1,4.25,4.25,mobile,yes
ORD-52746,2025-06-13,13,Riverside,Coffee,Cold brew,medium,1,5,5,mobile,no
ORD-52747,2025-06-13,15,Airport,Coffee,Cappuccino,medium,1,5.25,5.25,card,no
ORD-52748,2025-06-13,15,Downtown,Coffee,Latte,large,2,5.5,11,mobile,yes
ORD-52749,2025-06-13,15,Airport,Coffee,Americano,small,1,3.75,3.75,card,no
ORD-52750,2025-06-13,16,Downtown,Coffee,Flat white,medium,1,4.5,4.5,mobile,yes
ORD-52751,2025-06-13,17,Riverside,Coffee,Cold brew,small,1,4.5,4.5,mobile,no
ORD-52752,2025-06-14,6,Riverside,Tea,Earl grey,large,1,4,4,card,yes
ORD-52753,2025-06-14,7,Downtown,Food,Avocado toast,regular,1,9.5,9.5,card,yes
ORD-52754,2025-06-14,7,Airport,Coffee,Flat white,small,1,4.75,4.75,card,no
ORD-52755,2025-06-14,7,Downtown,Coffee,Cold brew,small,1,4.5,4.5,mobile,yes
ORD-52756,2025-06-14,7,Riverside,Coffee,Flat white,small,2,4,8,cash,yes
ORD-52757,2025-06-14,8,Downtown,Food,Breakfast sandwich,regular,1,8.75,8.75,card,yes
ORD-52758,2025-06-14,9,Downtown,Coffee,Cold brew,small,2,4.5,9,card,no
ORD-52759,2025-06-14,9,Downtown,Bakery,Croissant,regular,1,3.75,3.75,card,yes
ORD-52760,2025-06-14,9,Airport,Bakery,Cinnamon roll,regular,2,5.25,10.5,card,no
ORD-52761,2025-06-14,10,Airport,Bakery,Croissant,regular,1,4.5,4.5,card,no
ORD-52762,2025-06-14,10,Downtown,Coffee,Cappuccino,medium,1,4.5,4.5,card,yes
ORD-52763,2025-06-14,12,Downtown,Coffee,Latte,small,3,4.25,12.75,cash,no
ORD-52764,2025-06-14,14,Downtown,Coffee,Cappuccino,large,1,5.25,5.25,mobile,no
ORD-52765,2025-06-14,14,Downtown,Food,Breakfast sandwich,regular,1,8.75,8.75,card,no
ORD-52766,2025-06-14,15,Airport,Coffee,Espresso,small,1,3.25,3.25,mobile,yes
ORD-52767,2025-06-14,15,Airport,Coffee,Cappuccino,medium,1,5.25,5.25,cash,yes
ORD-52768,2025-06-14,17,Airport,Coffee,Flat white,large,1,6,6,card,no
ORD-52769,2025-06-14,18,Downtown,Bakery,Croissant,regular,1,3.75,3.75,card,yes
ORD-52770,2025-06-15,7,Airport,Coffee,Latte,medium,1,5.5,5.5,card,no
ORD-52771,2025-06-15,7,Downtown,Coffee,Latte,small,1,4.25,4.25,mobile,yes
ORD-52772,2025-06-15,7,Downtown,Coffee,Cappuccino,large,2,5.25,10.5,mobile,no
ORD-52773,2025-06-15,7,Downtown,Coffee,Cappuccino,small,1,4,4,card,no
ORD-52774,2025-06-15,7,Downtown,Tea,Matcha latte,large,1,6.25,6.25,mobile,yes
ORD-52775,2025-06-15,7,Downtown,Tea,Chai latte,medium,1,4.75,4.75,mobile,yes
ORD-52776,2025-06-15,7,Downtown,Food,Avocado toast,regular,2,9.5,19,card,no
ORD-52777,2025-06-15,7,Downtown,Coffee,Flat white,large,2,5.25,10.5,card,no
ORD-52778,2025-06-15,8,Airport,Coffee,Americano,large,1,5,5,mobile,no
ORD-52779,2025-06-15,9,Airport,Tea,Chai latte,medium,1,5.5,5.5,card,yes
ORD-52780,2025-06-15,9,Riverside,Coffee,Espresso,small,2,2.5,5,mobile,no
ORD-52781,2025-06-15,9,Airport,Coffee,Flat white,small,1,4.75,4.75,mobile,no
ORD-52782,2025-06-15,11,Downtown,Tea,Chai latte,medium,1,4.75,4.75,card,no
ORD-52783,2025-06-15,13,Riverside,Bakery,Croissant,regular,1,3.75,3.75,card,no
ORD-52784,2025-06-15,13,Airport,Coffee,Latte,small,3,5,15,card,no
ORD-52785,2025-06-15,15,Downtown,Tea,Matcha latte,small,1,5,5,mobile,yes
ORD-52786,2025-06-15,16,Riverside,Tea,Matcha latte,small,1,5,5,card,yes
ORD-52787,2025-06-15,16,Downtown,Coffee,Cold brew,small,2,4.5,9,card,no
ORD-52788,2025-06-15,17,Downtown,Bakery,Banana bread,regular,1,4,4,card,no
ORD-52789,2025-06-15,17,Riverside,Coffee,Americano,large,2,4.25,8.5,card,no
ORD-52790,2025-06-15,18,Airport,Coffee,Espresso,medium,1,3.75,3.75,card,no
ORD-52791,2025-06-16,7,Downtown,Tea,Matcha latte,small,1,5,5,mobile,no
ORD-52792,2025-06-16,7,Riverside,Coffee,Latte,medium,1,4.75,4.75,card,no
ORD-52793,2025-06-16,7,Downtown,Coffee,Cold brew,medium,3,5,15,mobile,yes
ORD-52794,2025-06-16,8,Airport,Bakery,Croissant,regular,1,4.5,4.5,card,no
ORD-52795,2025-06-16,8,Riverside,Bakery,Croissant,regular,1,3.75,3.75,card,no
ORD-52796,2025-06-16,8,Riverside,Coffee,Cold brew,medium,2,5,10,card,no
ORD-52797,2025-06-16,9,Downtown,Coffee,Latte,large,1,5.5,5.5,mobile,no
ORD-52798,2025-06-16,9,Airport,Food,Avocado toast,regular,1,10.25,10.25,mobile,no
ORD-52799,2025-06-16,9,Downtown,Coffee,Espresso,medium,1,3,3,card,no
ORD-52800,2025-06-16,9,Downtown,Bakery,Croissant,regular,2,3.75,7.5,mobile,no
ORD-52801,2025-06-16,10,Downtown,Coffee,Espresso,small,2,2.5,5,cash,no
ORD-52802,2025-06-16,10,Riverside,Coffee,Cold brew,large,1,5.75,5.75,mobile,no
ORD-52803,2025-06-16,12,Riverside,Food,Breakfast sandwich,regular,2,8.75,17.5,mobile,yes
ORD-52804,2025-06-16,13,Riverside,Coffee,Cappuccino,small,1,4,4,card,yes
ORD-52805,2025-06-16,13,Downtown,Food,Avocado toast,regular,1,9.5,9.5,card,yes
ORD-52806,2025-06-16,13,Airport,Bakery,Croissant,regular,2,4.5,9,cash,no
ORD-52807,2025-06-16,15,Airport,Coffee,Flat white,medium,1,5.25,5.25,card,no
ORD-52808,2025-06-16,15,Airport,Bakery,Banana bread,regular,1,4.75,4.75,cash,no
ORD-52809,2025-06-16,15,Downtown,Coffee,Americano,medium,2,3.5,7,card,yes
ORD-52810,2025-06-16,16,Downtown,Coffee,Latte,small,1,4.25,4.25,mobile,yes
ORD-52811,2025-06-17,6,Airport,Coffee,Latte,medium,2,5.5,11,card,no
ORD-52812,2025-06-17,7,Airport,Coffee,Cappuccino,large,1,6,6,cash,no
ORD-52813,2025-06-17,8,Downtown,Coffee,Flat white,medium,1,4.5,4.5,card,yes
ORD-52814,2025-06-17,8,Downtown,Bakery,Croissant,regular,2,3.75,7.5,mobile,no
ORD-52815,2025-06-17,8,Riverside,Bakery,Croissant,regular,2,3.75,7.5,mobile,yes
ORD-52816,2025-06-17,9,Downtown,Food,Avocado toast,regular,1,9.5,9.5,card,yes
ORD-52817,2025-06-17,9,Downtown,Coffee,Flat white,small,1,4,4,card,yes
ORD-52818,2025-06-17,9,Downtown,Coffee,Americano,medium,1,3.5,3.5,card,no
ORD-52819,2025-06-17,11,Downtown,Coffee,Americano,medium,3,3.5,10.5,card,yes
ORD-52820,2025-06-17,11,Airport,Coffee,Latte,small,1,5,5,card,no
ORD-52821,2025-06-17,11,Downtown,Coffee,Cold brew,small,1,4.5,4.5,card,yes
ORD-52822,2025-06-17,11,Riverside,Bakery,Banana bread,regular,1,4,4,card,yes
ORD-52823,2025-06-17,11,Riverside,Coffee,Flat white,large,1,5.25,5.25,mobile,yes
ORD-52824,2025-06-17,13,Downtown,Coffee,Flat white,medium,1,4.5,4.5,mobile,yes
ORD-52825,2025-06-17,13,Airport,Food,Breakfast sandwich,regular,1,9.5,9.5,card,yes
ORD-52826,2025-06-17,14,Downtown,Tea,Chai latte,medium,1,4.75,4.75,mobile,yes
ORD-52827,2025-06-17,14,Downtown,Food,Breakfast sandwich,regular,1,8.75,8.75,mobile,no
ORD-52828,2025-06-17,14,Airport,Bakery,Cinnamon roll,regular,1,5.25,5.25,card,yes
ORD-52829,2025-06-17,18,Downtown,Coffee,Cold brew,large,1,5.75,5.75,card,yes
ORD-52830,2025-06-18,6,Downtown,Coffee,Espresso,medium,2,3,6,mobile,yes
ORD-52831,2025-06-18,6,Airport,Coffee,Espresso,small,1,3.25,3.25,card,no
ORD-52832,2025-06-18,7,Airport,Coffee,Cold brew,medium,1,5.75,5.75,card,yes
ORD-52833,2025-06-18,8,Downtown,Bakery,Cinnamon roll,regular,3,4.5,13.5,cash,yes
ORD-52834,2025-06-18,8,Airport,Tea,Earl grey,small,1,3.5,3.5,cash,no
ORD-52835,2025-06-18,8,Riverside,Coffee,Cold brew,medium,1,5,5,card,no
ORD-52836,2025-06-18,8,Riverside,Bakery,Banana bread,regular,1,4,4,mobile,yes
ORD-52837,2025-06-18,8,Downtown,Food,Avocado toast,regular,1,9.5,9.5,card,no
ORD-52838,2025-06-18,8,Riverside,Coffee,Latte,medium,1,4.75,4.75,card,no
ORD-52839,2025-06-18,8,Downtown,Coffee,Cold brew,medium,1,5,5,card,no
ORD-52840,2025-06-18,8,Airport,Bakery,Croissant,regular,1,4.5,4.5,mobile,yes
ORD-52841,2025-06-18,9,Downtown,Bakery,Croissant,regular,1,3.75,3.75,card,yes
ORD-52842,2025-06-18,9,Riverside,Coffee,Flat white,medium,1,4.5,4.5,card,yes
ORD-52843,2025-06-18,10,Riverside,Coffee,Cappuccino,medium,1,4.5,4.5,card,yes
ORD-52844,2025-06-18,10,Riverside,Coffee,Cappuccino,medium,1,4.5,4.5,mobile,no
ORD-52845,2025-06-18,10,Riverside,Bakery,Banana bread,regular,1,4,4,card,yes
ORD-52846,2025-06-18,10,Riverside,Bakery,Cinnamon roll,regular,3,4.5,13.5,card,no
ORD-52847,2025-06-18,11,Downtown,Coffee,Cappuccino,small,1,4,4,card,no
ORD-52848,2025-06-18,11,Airport,Coffee,Cappuccino,medium,1,5.25,5.25,mobile,no
ORD-52849,2025-06-18,12,Downtown,Food,Breakfast sandwich,regular,1,8.75,8.75,mobile,yes
ORD-52850,2025-06-18,12,Riverside,Tea,Matcha latte,medium,1,5.5,5.5,card,no
ORD-52851,2025-06-18,13,Airport,Tea,Chai latte,medium,2,5.5,11,mobile,yes
ORD-52852,2025-06-18,14,Airport,Coffee,Flat white,medium,1,5.25,5.25,card,yes
ORD-52853,2025-06-18,14,Riverside,Tea,Matcha latte,medium,1,5.5,5.5,card,no
ORD-52854,2025-06-18,15,Riverside,Coffee,Flat white,small,2,4,8,card,no
ORD-52855,2025-06-19,6,Riverside,Coffee,Cappuccino,large,1,5.25,5.25,mobile,no
ORD-52856,2025-06-19,7,Airport,Tea,Matcha latte,medium,1,6.25,6.25,card,yes
ORD-52857,2025-06-19,7,Riverside,Coffee,Cold brew,medium,1,5,5,mobile,no
ORD-52858,2025-06-19,8,Downtown,Food,Breakfast sandwich,regular,2,8.75,17.5,card,yes
ORD-52859,2025-06-19,8,Downtown,Bakery,Cinnamon roll,regular,1,4.5,4.5,mobile,no
ORD-52860,2025-06-19,8,Riverside,Food,Granola bowl,regular,1,7.5,7.5,card,yes
ORD-52861,2025-06-19,8,Riverside,Coffee,Latte,medium,2,4.75,9.5,mobile,yes
ORD-52862,2025-06-19,8,Riverside,Coffee,Americano,medium,1,3.5,3.5,mobile,no
ORD-52863,2025-06-19,8,Airport,Coffee,Cappuccino,large,1,6,6,card,yes
ORD-52864,2025-06-19,9,Riverside,Coffee,Cappuccino,small,2,4,8,cash,yes
ORD-52865,2025-06-19,9,Riverside,Bakery,Cinnamon roll,regular,1,4.5,4.5,mobile,no
ORD-52866,2025-06-19,9,Downtown,Tea,Matcha latte,large,1,6.25,6.25,card,yes
ORD-52867,2025-06-19,9,Riverside,Bakery,Croissant,regular,1,3.75,3.75,mobile,yes
ORD-52868,2025-06-19,9,Airport,Tea,Earl grey,small,1,3.5,3.5,card,no
ORD-52869,2025-06-19,12,Riverside,Bakery,Banana bread,regular,1,4,4,mobile,no
ORD-52870,2025-06-19,12,Airport,Coffee,Espresso,medium,1,3.75,3.75,mobile,yes
ORD-52871,2025-06-19,12,Downtown,Bakery,Banana bread,regular,1,4,4,card,no
ORD-52872,2025-06-19,13,Riverside,Food,Breakfast sandwich,regular,1,8.75,8.75,cash,no
ORD-52873,2025-06-19,13,Riverside,Coffee,Americano,medium,2,3.5,7,card,no
ORD-52874,2025-06-19,14,Downtown,Coffee,Cappuccino,medium,1,4.5,4.5,card,yes
ORD-52875,2025-06-19,17,Downtown,Coffee,Cappuccino,small,1,4,4,mobile,no
ORD-52876,2025-06-20,6,Riverside,Coffee,Latte,small,1,4.25,4.25,cash,yes
ORD-52877,2025-06-20,7,Riverside,Food,Avocado toast,regular,1,9.5,9.5,card,yes
ORD-52878,2025-06-20,7,Downtown,Coffee,Cappuccino,medium,1,4.5,4.5,card,no
ORD-52879,2025-06-20,8,Riverside,Coffee,Cold brew,small,1,4.5,4.5,card,no
ORD-52880,2025-06-20,8,Airport,Tea,Matcha latte,small,3,5.75,17.25,mobile,no
ORD-52881,2025-06-20,8,Downtown,Coffee,Latte,small,1,4.25,4.25,mobile,no
ORD-52882,2025-06-20,9,Riverside,Coffee,Americano,large,1,4.25,4.25,mobile,no
ORD-52883,2025-06-20,9,Downtown,Bakery,Croissant,regular,1,3.75,3.75,mobile,no
ORD-52884,2025-06-20,10,Downtown,Coffee,Flat white,medium,1,4.5,4.5,card,yes
ORD-52885,2025-06-20,11,Downtown,Food,Granola bowl,regular,1,7.5,7.5,card,no
ORD-52886,2025-06-20,11,Riverside,Bakery,Cinnamon roll,regular,1,4.5,4.5,cash,no
ORD-52887,2025-06-20,12,Riverside,Coffee,Cappuccino,small,2,4,8,mobile,yes
ORD-52888,2025-06-20,12,Airport,Tea,Matcha latte,small,1,5.75,5.75,mobile,yes
ORD-52889,2025-06-20,12,Downtown,Food,Breakfast sandwich,regular,2,8.75,17.5,card,yes
ORD-52890,2025-06-20,14,Riverside,Coffee,Espresso,medium,1,3,3,card,yes
ORD-52891,2025-06-20,14,Downtown,Coffee,Americano,small,1,3,3,cash,no
ORD-52892,2025-06-20,14,Downtown,Food,Avocado toast,regular,2,9.5,19,mobile,no
ORD-52893,2025-06-20,15,Downtown,Coffee,Cappuccino,medium,1,4.5,4.5,card,no
ORD-52894,2025-06-20,15,Riverside,Bakery,Croissant,regular,1,3.75,3.75,mobile,yes
ORD-52895,2025-06-20,15,Downtown,Coffee,Flat white,medium,2,4.5,9,card,no
ORD-52896,2025-06-20,17,Riverside,Food,Breakfast sandwich,regular,1,8.75,8.75,cash,no
ORD-52897,2025-06-20,18,Downtown,Coffee,Flat white,medium,1,4.5,4.5,card,yes
ORD-52898,2025-06-21,7,Riverside,Food,Breakfast sandwich,regular,1,8.75,8.75,mobile,yes
ORD-52899,2025-06-21,8,Airport,Bakery,Croissant,regular,1,4.5,4.5,cash,no
ORD-52900,2025-06-21,8,Riverside,Food,Avocado toast,regular,1,9.5,9.5,card,yes
ORD-52901,2025-06-21,10,Airport,Coffee,Cold brew,medium,1,5.75,5.75,card,no
ORD-52902,2025-06-21,12,Airport,Coffee,Cold brew,small,1,5.25,5.25,card,no
ORD-52903,2025-06-21,13,Downtown,Tea,Earl grey,small,1,2.75,2.75,mobile,yes
ORD-52904,2025-06-21,13,Downtown,Bakery,Banana bread,regular,1,4,4,cash,no
ORD-52905,2025-06-21,13,Riverside,Food,Granola bowl,regular,1,7.5,7.5,card,yes
ORD-52906,2025-06-21,13,Downtown,Food,Breakfast sandwich,regular,1,8.75,8.75,cash,yes
ORD-52907,2025-06-21,14,Downtown,Coffee,Americano,medium,1,3.5,3.5,card,yes
ORD-52908,2025-06-21,14,Airport,Food,Breakfast sandwich,regular,1,9.5,9.5,mobile,no
ORD-52909,2025-06-21,14,Downtown,Coffee,Flat white,medium,1,4.5,4.5,card,no
ORD-52910,2025-06-21,14,Downtown,Bakery,Croissant,regular,2,3.75,7.5,card,yes
ORD-52911,2025-06-21,14,Airport,Food,Breakfast sandwich,regular,1,9.5,9.5,card,no
ORD-52912,2025-06-21,15,Riverside,Bakery,Croissant,regular,1,3.75,3.75,card,no
ORD-52913,2025-06-21,16,Downtown,Coffee,Flat white,large,1,5.25,5.25,card,yes
ORD-52914,2025-06-21,16,Riverside,Coffee,Cold brew,small,2,4.5,9,card,no
ORD-52915,2025-06-21,16,Airport,Tea,Matcha latte,medium,1,6.25,6.25,mobile,no
ORD-52916,2025-06-21,17,Downtown,Coffee,Flat white,medium,3,4.5,13.5,card,no
ORD-52917,2025-06-22,7,Riverside,Coffee,Latte,medium,2,4.75,9.5,card,yes
ORD-52918,2025-06-22,8,Downtown,Coffee,Cold brew,large,1,5.75,5.75,card,no
ORD-52919,2025-06-22,8,Downtown,Coffee,Cappuccino,medium,1,4.5,4.5,card,no
ORD-52920,2025-06-22,9,Downtown,Coffee,Cold brew,small,1,4.5,4.5,card,yes
ORD-52921,2025-06-22,9,Airport,Bakery,Croissant,regular,1,4.5,4.5,card,no
ORD-52922,2025-06-22,10,Downtown,Coffee,Flat white,small,1,4,4,mobile,no
ORD-52923,2025-06-22,10,Downtown,Coffee,Cappuccino,large,1,5.25,5.25,card,yes
ORD-52924,2025-06-22,10,Downtown,Tea,Chai latte,large,1,5.5,5.5,card,no
ORD-52925,2025-06-22,11,Downtown,Coffee,Cappuccino,small,1,4,4,card,yes
ORD-52926,2025-06-22,12,Riverside,Coffee,Flat white,small,1,4,4,card,no
ORD-52927,2025-06-22,14,Downtown,Coffee,Flat white,medium,2,4.5,9,card,yes
ORD-52928,2025-06-22,15,Riverside,Tea,Earl grey,medium,1,3.25,3.25,mobile,yes
ORD-52929,2025-06-23,6,Downtown,Coffee,Latte,medium,1,4.75,4.75,card,no
ORD-52930,2025-06-23,7,Downtown,Coffee,Latte,medium,1,4.75,4.75,card,no
ORD-52931,2025-06-23,7,Riverside,Bakery,Croissant,regular,1,3.75,3.75,mobile,no
ORD-52932,2025-06-23,8,Riverside,Coffee,Espresso,medium,1,3,3,card,yes
ORD-52933,2025-06-23,9,Downtown,Food,Granola bowl,regular,1,7.5,7.5,card,no
ORD-52934,2025-06-23,10,Airport,Tea,Chai latte,medium,1,5.5,5.5,mobile,no
ORD-52935,2025-06-23,10,Riverside,Coffee,Latte,large,3,5.5,16.5,mobile,yes
ORD-52936,2025-06-23,10,Riverside,Coffee,Espresso,small,1,2.5,2.5,mobile,yes
ORD-52937,2025-06-23,11,Downtown,Coffee,Latte,small,1,4.25,4.25,card,no
ORD-52938,2025-06-23,12,Downtown,Food,Breakfast sandwich,regular,2,8.75,17.5,cash,no
ORD-52939,2025-06-23,12,Downtown,Food,Breakfast sandwich,regular,1,8.75,8.75,mobile,yes
ORD-52940,2025-06-23,12,Airport,Bakery,Croissant,regular,1,4.5,4.5,mobile,no
ORD-52941,2025-06-23,12,Riverside,Coffee,Latte,small,1,4.25,4.25,mobile,yes
ORD-52942,2025-06-23,14,Riverside,Tea,Chai latte,small,1,4.25,4.25,card,no
ORD-52943,2025-06-23,14,Downtown,Coffee,Flat white,medium,2,4.5,9,card,no
ORD-52944,2025-06-24,7,Airport,Food,Granola bowl,regular,2,8.25,16.5,card,no
ORD-52945,2025-06-24,7,Downtown,Tea,Matcha latte,medium,1,5.5,5.5,card,no
ORD-52946,2025-06-24,8,Airport,Food,Breakfast sandwich,regular,1,9.5,9.5,card,yes
ORD-52947,2025-06-24,8,Riverside,Coffee,Latte,small,2,4.25,8.5,mobile,no
ORD-52948,2025-06-24,8,Downtown,Coffee,Cold brew,small,1,4.5,4.5,mobile,no
ORD-52949,2025-06-24,8,Riverside,Coffee,Latte,medium,1,4.75,4.75,card,no
ORD-52950,2025-06-24,9,Downtown,Coffee,Flat white,large,1,5.25,5.25,card,no
ORD-52951,2025-06-24,9,Riverside,Bakery,Banana bread,regular,1,4,4,card,yes
ORD-52952,2025-06-24,9,Riverside,Coffee,Americano,small,1,3,3,cash,no
ORD-52953,2025-06-24,9,Downtown,Food,Avocado toast,regular,1,9.5,9.5,card,no
ORD-52954,2025-06-24,9,Downtown,Bakery,Banana bread,regular,1,4,4,mobile,yes
ORD-52955,2025-06-24,10,Downtown,Tea,Matcha latte,medium,1,5.5,5.5,card,no
ORD-52956,2025-06-24,11,Airport,Coffee,Cold brew,large,1,6.5,6.5,card,no
ORD-52957,2025-06-24,11,Riverside,Coffee,Latte,medium,1,4.75,4.75,mobile,no
ORD-52958,2025-06-24,11,Airport,Food,Granola bowl,regular,1,8.25,8.25,card,yes
ORD-52959,2025-06-24,12,Downtown,Coffee,Latte,large,1,5.5,5.5,mobile,yes
ORD-52960,2025-06-24,13,Downtown,Food,Avocado toast,regular,2,9.5,19,mobile,no
ORD-52961,2025-06-24,13,Downtown,Food,Breakfast sandwich,regular,1,8.75,8.75,card,yes
ORD-52962,2025-06-24,16,Downtown,Bakery,Cinnamon roll,regular,1,4.5,4.5,card,no
ORD-52963,2025-06-25,6,Airport,Coffee,Americano,small,1,3.75,3.75,card,no
ORD-52964,2025-06-25,7,Downtown,Food,Granola bowl,regular,2,7.5,15,cash,no
ORD-52965,2025-06-25,7,Riverside,Food,Granola bowl,regular,1,7.5,7.5,mobile,yes
ORD-52966,2025-06-25,7,Downtown,Food,Breakfast sandwich,regular,1,8.75,8.75,mobile,yes
ORD-52967,2025-06-25,8,Downtown,Bakery,Croissant,regular,1,3.75,3.75,card,yes
ORD-52968,2025-06-25,8,Downtown,Tea,Earl grey,large,1,4,4,mobile,no
ORD-52969,2025-06-25,9,Airport,Coffee,Espresso,small,1,3.25,3.25,mobile,yes
ORD-52970,2025-06-25,9,Downtown,Coffee,Flat white,large,2,5.25,10.5,card,no
ORD-52971,2025-06-25,9,Airport,Tea,Chai latte,medium,1,5.5,5.5,card,yes
ORD-52972,2025-06-25,9,Airport,Coffee,Latte,medium,1,5.5,5.5,card,no
ORD-52973,2025-06-25,9,Airport,Tea,Matcha latte,medium,1,6.25,6.25,mobile,no
ORD-52974,2025-06-25,10,Airport,Food,Avocado toast,regular,1,10.25,10.25,card,no
ORD-52975,2025-06-25,11,Riverside,Food,Breakfast sandwich,regular,1,8.75,8.75,card,yes
ORD-52976,2025-06-25,11,Airport,Food,Breakfast sandwich,regular,1,9.5,9.5,cash,yes
ORD-52977,2025-06-25,11,Airport,Tea,Matcha latte,large,2,7,14,card,no
ORD-52978,2025-06-25,13,Airport,Coffee,Flat white,large,1,6,6,card,no
ORD-52979,2025-06-25,14,Downtown,Coffee,Cappuccino,large,1,5.25,5.25,card,no
ORD-52980,2025-06-25,14,Downtown,Coffee,Cold brew,small,1,4.5,4.5,card,no
ORD-52981,2025-06-25,17,Downtown,Food,Avocado toast,regular,1,9.5,9.5,card,no
ORD-52982,2025-06-26,6,Downtown,Coffee,Flat white,medium,1,4.5,4.5,card,no
ORD-52983,2025-06-26,7,Downtown,Coffee,Latte,medium,1,4.75,4.75,cash,yes
ORD-52984,2025-06-26,8,Downtown,Bakery,Cinnamon roll,regular,2,4.5,9,card,yes
ORD-52985,2025-06-26,8,Riverside,Coffee,Latte,medium,1,4.75,4.75,card,yes
ORD-52986,2025-06-26,8,Airport,Coffee,Cappuccino,small,1,4.75,4.75,card,no
ORD-52987,2025-06-26,8,Airport,Coffee,Americano,small,1,3.75,3.75,mobile,no
ORD-52988,2025-06-26,9,Riverside,Bakery,Banana bread,regular,1,4,4,card,yes
ORD-52989,2025-06-26,10,Airport,Food,Avocado toast,regular,2,10.25,20.5,card,no
ORD-52990,2025-06-26,11,Riverside,Coffee,Cold brew,medium,1,5,5,card,no
ORD-52991,2025-06-26,11,Downtown,Coffee,Flat white,medium,2,4.5,9,cash,yes
ORD-52992,2025-06-26,12,Riverside,Tea,Chai latte,medium,4,4.75,19,mobile,no
ORD-52993,2025-06-26,12,Riverside,Coffee,Espresso,medium,1,3,3,cash,no
ORD-52994,2025-06-26,12,Airport,Coffee,Americano,large,1,5,5,cash,no
ORD-52995,2025-06-26,12,Riverside,Coffee,Espresso,medium,1,3,3,card,no
ORD-52996,2025-06-26,13,Downtown,Coffee,Cappuccino,medium,1,4.5,4.5,card,yes
ORD-52997,2025-06-26,13,Airport,Bakery,Croissant,regular,1,4.5,4.5,card,yes
ORD-52998,2025-06-26,13,Riverside,Coffee,Cold brew,medium,1,5,5,card,no
ORD-52999,2025-06-26,14,Airport,Bakery,Banana bread,regular,1,4.75,4.75,mobile,no
ORD-53000,2025-06-26,15,Downtown,Coffee,Flat white,large,1,5.25,5.25,mobile,yes
ORD-53001,2025-06-26,17,Downtown,Bakery,Cinnamon roll,regular,2,4.5,9,card,no
ORD-53002,2025-06-26,17,Riverside,Coffee,Cappuccino,large,1,5.25,5.25,card,yes
ORD-53003,2025-06-26,18,Downtown,Tea,Matcha latte,medium,1,5.5,5.5,card,no
ORD-53004,2025-06-27,7,Riverside,Coffee,Cappuccino,medium,1,4.5,4.5,card,no
ORD-53005,2025-06-27,8,Downtown,Coffee,Americano,small,1,3,3,cash,no
ORD-53006,2025-06-27,8,Downtown,Tea,Chai latte,large,1,5.5,5.5,mobile,no
ORD-53007,2025-06-27,8,Riverside,Coffee,Cappuccino,small,1,4,4,card,no
ORD-53008,2025-06-27,8,Downtown,Coffee,Latte,small,1,4.25,4.25,card,yes
ORD-53009,2025-06-27,9,Riverside,Coffee,Americano,large,1,4.25,4.25,card,yes
ORD-53010,2025-06-27,9,Downtown,Coffee,Cold brew,medium,1,5,5,card,yes
ORD-53011,2025-06-27,9,Riverside,Tea,Matcha latte,small,1,5,5,card,yes
ORD-53012,2025-06-27,14,Airport,Coffee,Latte,medium,1,5.5,5.5,card,yes
ORD-53013,2025-06-27,14,Downtown,Coffee,Cold brew,medium,1,5,5,card,no
ORD-53014,2025-06-27,14,Riverside,Coffee,Flat white,medium,1,4.5,4.5,card,yes
ORD-53015,2025-06-27,16,Riverside,Coffee,Cappuccino,large,1,5.25,5.25,mobile,no
ORD-53016,2025-06-27,16,Riverside,Coffee,Americano,small,1,3,3,card,no
ORD-53017,2025-06-27,16,Downtown,Coffee,Americano,large,1,4.25,4.25,card,no
ORD-53018,2025-06-28,7,Downtown,Bakery,Croissant,regular,1,3.75,3.75,mobile,yes
ORD-53019,2025-06-28,7,Downtown,Coffee,Cappuccino,medium,1,4.5,4.5,card,yes
ORD-53020,2025-06-28,7,Downtown,Food,Breakfast sandwich,regular,1,8.75,8.75,cash,yes
ORD-53021,2025-06-28,7,Airport,Bakery,Cinnamon roll,regular,2,5.25,10.5,card,no
ORD-53022,2025-06-28,7,Downtown,Coffee,Flat white,small,1,4,4,card,no
ORD-53023,2025-06-28,7,Downtown,Tea,Earl grey,large,4,4,16,card,no
ORD-53024,2025-06-28,8,Downtown,Coffee,Cold brew,small,1,4.5,4.5,mobile,yes
ORD-53025,2025-06-28,8,Downtown,Coffee,Flat white,small,1,4,4,card,yes
ORD-53026,2025-06-28,9,Downtown,Tea,Matcha latte,medium,1,5.5,5.5,mobile,no
ORD-53027,2025-06-28,9,Airport,Coffee,Cold brew,medium,3,5.75,17.25,mobile,no
ORD-53028,2025-06-28,9,Riverside,Food,Breakfast sandwich,regular,1,8.75,8.75,card,yes
ORD-53029,2025-06-28,9,Downtown,Bakery,Cinnamon roll,regular,1,4.5,4.5,card,no
ORD-53030,2025-06-28,9,Downtown,Bakery,Cinnamon roll,regular,1,4.5,4.5,card,no
ORD-53031,2025-06-28,9,Riverside,Tea,Earl grey,medium,1,3.25,3.25,card,yes
ORD-53032,2025-06-28,10,Riverside,Bakery,Croissant,regular,1,3.75,3.75,card,no
ORD-53033,2025-06-28,10,Riverside,Coffee,Americano,small,2,3,6,card,no
ORD-53034,2025-06-28,10,Downtown,Tea,Matcha latte,medium,1,5.5,5.5,card,yes
ORD-53035,2025-06-28,11,Airport,Coffee,Flat white,large,1,6,6,card,yes
ORD-53036,2025-06-28,12,Downtown,Coffee,Latte,large,2,5.5,11,card,no
ORD-53037,2025-06-28,15,Airport,Coffee,Americano,medium,1,4.25,4.25,mobile,no
ORD-53038,2025-06-29,6,Downtown,Coffee,Latte,small,1,4.25,4.25,card,yes
ORD-53039,2025-06-29,7,Riverside,Coffee,Cappuccino,large,1,5.25,5.25,card,yes
ORD-53040,2025-06-29,7,Riverside,Coffee,Flat white,medium,1,4.5,4.5,card,no
ORD-53041,2025-06-29,7,Downtown,Tea,Earl grey,small,1,2.75,2.75,cash,yes
ORD-53042,2025-06-29,7,Downtown,Tea,Matcha latte,medium,1,5.5,5.5,card,yes
ORD-53043,2025-06-29,8,Airport,Tea,Matcha latte,small,1,5.75,5.75,mobile,no
ORD-53044,2025-06-29,9,Downtown,Coffee,Espresso,small,1,2.5,2.5,cash,yes
ORD-53045,2025-06-29,9,Riverside,Coffee,Latte,small,1,4.25,4.25,mobile,no
ORD-53046,2025-06-29,9,Downtown,Coffee,Americano,medium,2,3.5,7,mobile,no
ORD-53047,2025-06-29,9,Airport,Bakery,Croissant,regular,1,4.5,4.5,card,no
ORD-53048,2025-06-29,10,Downtown,Coffee,Cappuccino,large,1,5.25,5.25,mobile,no
ORD-53049,2025-06-29,13,Downtown,Coffee,Latte,small,1,4.25,4.25,card,yes
ORD-53050,2025-06-29,15,Airport,Coffee,Cold brew,medium,1,5.75,5.75,cash,no
ORD-53051,2025-06-29,16,Downtown,Bakery,Cinnamon roll,regular,2,4.5,9,mobile,no
ORD-53052,2025-06-29,16,Downtown,Tea,Earl grey,small,2,2.75,5.5,card,no
ORD-53053,2025-06-29,17,Airport,Bakery,Croissant,regular,1,4.5,4.5,card,no
ORD-53054,2025-06-29,18,Riverside,Bakery,Croissant,regular,1,3.75,3.75,card,yes
ORD-53055,2025-06-30,6,Airport,Tea,Chai latte,small,1,5,5,card,no
ORD-53056,2025-06-30,6,Downtown,Bakery,Cinnamon roll,regular,1,4.5,4.5,card,no
ORD-53057,2025-06-30,7,Downtown,Bakery,Croissant,regular,2,3.75,7.5,card,yes
ORD-53058,2025-06-30,7,Riverside,Coffee,Americano,medium,1,3.5,3.5,card,no
ORD-53059,2025-06-30,8,Downtown,Bakery,Croissant,regular,2,3.75,7.5,mobile,no
ORD-53060,2025-06-30,9,Airport,Tea,Chai latte,small,1,5,5,card,yes
ORD-53061,2025-06-30,9,Riverside,Bakery,Croissant,regular,1,3.75,3.75,card,yes
ORD-53062,2025-06-30,9,Downtown,Tea,Chai latte,medium,1,4.75,4.75,card,no
ORD-53063,2025-06-30,9,Airport,Tea,Chai latte,small,1,5,5,card,no
ORD-53064,2025-06-30,9,Airport,Bakery,Cinnamon roll,regular,1,5.25,5.25,card,no
ORD-53065,2025-06-30,9,Airport,Food,Avocado toast,regular,1,10.25,10.25,cash,no
ORD-53066,2025-06-30,11,Airport,Tea,Chai latte,medium,1,5.5,5.5,card,yes
ORD-53067,2025-06-30,12,Airport,Coffee,Flat white,medium,1,5.25,5.25,mobile,no
ORD-53068,2025-06-30,15,Downtown,Food,Granola bowl,regular,2,7.5,15,cash,no
ORD-53069,2025-07-01,6,Downtown,Food,Avocado toast,regular,2,9.5,19,card,no
ORD-53070,2025-07-01,8,Airport,Coffee,Latte,large,2,6.25,12.5,card,no
ORD-53071,2025-07-01,8,Downtown,Coffee,Americano,medium,1,3.5,3.5,card,no
ORD-53072,2025-07-01,9,Airport,Coffee,Americano,large,2,5,10,card,no
ORD-53073,2025-07-01,13,Downtown,Coffee,Latte,small,1,4.25,4.25,card,no
ORD-53074,2025-07-01,13,Downtown,Coffee,Flat white,medium,1,4.5,4.5,cash,yes
ORD-53075,2025-07-01,14,Downtown,Coffee,Cold brew,medium,1,5,5,card,no
ORD-53076,2025-07-01,15,Riverside,Tea,Matcha latte,medium,1,5.5,5.5,card,yes
ORD-53077,2025-07-01,16,Airport,Coffee,Espresso,medium,1,3.75,3.75,cash,yes
ORD-53078,2025-07-01,18,Riverside,Coffee,Flat white,large,2,5.25,10.5,mobile,no
ORD-53079,2025-07-02,7,Downtown,Food,Breakfast sandwich,regular,1,8.75,8.75,cash,no
ORD-53080,2025-07-02,8,Downtown,Coffee,Cappuccino,small,1,4,4,card,no
ORD-53081,2025-07-02,8,Downtown,Coffee,Cold brew,medium,1,5,5,card,no
ORD-53082,2025-07-02,8,Downtown,Coffee,Cold brew,medium,1,5,5,card,no
ORD-53083,2025-07-02,8,Airport,Tea,Chai latte,large,1,6.25,6.25,card,no
ORD-53084,2025-07-02,8,Downtown,Tea,Chai latte,medium,1,4.75,4.75,mobile,yes
ORD-53085,2025-07-02,8,Airport,Coffee,Cappuccino,medium,1,5.25,5.25,mobile,yes
ORD-53086,2025-07-02,9,Downtown,Food,Breakfast sandwich,regular,1,8.75,8.75,cash,no
ORD-53087,2025-07-02,9,Airport,Food,Breakfast sandwich,regular,2,9.5,19,card,yes
ORD-53088,2025-07-02,10,Downtown,Coffee,Cappuccino,medium,2,4.5,9,card,yes
ORD-53089,2025-07-02,10,Riverside,Bakery,Banana bread,regular,4,4,16,card,no
ORD-53090,2025-07-02,10,Airport,Coffee,Americano,large,1,5,5,card,yes
ORD-53091,2025-07-02,11,Downtown,Tea,Chai latte,small,1,4.25,4.25,mobile,yes
ORD-53092,2025-07-02,11,Riverside,Coffee,Flat white,medium,1,4.5,4.5,mobile,yes
ORD-53093,2025-07-02,11,Downtown,Coffee,Latte,large,1,5.5,5.5,card,no
ORD-53094,2025-07-02,12,Riverside,Coffee,Espresso,small,2,2.5,5,mobile,no
ORD-53095,2025-07-02,12,Downtown,Food,Granola bowl,regular,1,7.5,7.5,card,no
ORD-53096,2025-07-02,12,Riverside,Coffee,Flat white,medium,1,4.5,4.5,card,no
ORD-53097,2025-07-02,12,Airport,Tea,Matcha latte,large,1,7,7,card,yes
ORD-53098,2025-07-02,13,Riverside,Food,Granola bowl,regular,1,7.5,7.5,card,yes
ORD-53099,2025-07-02,13,Airport,Tea,Matcha latte,small,2,5.75,11.5,card,yes
ORD-53100,2025-07-02,13,Airport,Food,Breakfast sandwich,regular,1,9.5,9.5,cash,no
ORD-53101,2025-07-02,13,Riverside,Food,Avocado toast,regular,1,9.5,9.5,mobile,no
ORD-53102,2025-07-02,14,Riverside,Food,Granola bowl,regular,1,7.5,7.5,mobile,no
ORD-53103,2025-07-02,15,Downtown,Tea,Matcha latte,large,2,6.25,12.5,mobile,no
ORD-53104,2025-07-02,16,Riverside,Coffee,Espresso,large,1,3.75,3.75,card,yes
ORD-53105,2025-07-02,17,Downtown,Tea,Matcha latte,medium,2,5.5,11,card,yes
ORD-53106,2025-07-03,8,Riverside,Food,Granola bowl,regular,1,7.5,7.5,card,no
ORD-53107,2025-07-03,8,Downtown,Coffee,Cappuccino,large,1,5.25,5.25,card,no
ORD-53108,2025-07-03,8,Downtown,Tea,Earl grey,small,2,2.75,5.5,mobile,no
ORD-53109,2025-07-03,8,Downtown,Food,Granola bowl,regular,1,7.5,7.5,card,yes
ORD-53110,2025-07-03,9,Downtown,Bakery,Banana bread,regular,1,4,4,card,no
ORD-53111,2025-07-03,9,Downtown,Food,Avocado toast,regular,1,9.5,9.5,card,no
ORD-53112,2025-07-03,10,Downtown,Tea,Chai latte,small,1,4.25,4.25,card,yes
ORD-53113,2025-07-03,10,Riverside,Coffee,Espresso,medium,2,3,6,cash,no
ORD-53114,2025-07-03,10,Airport,Coffee,Americano,medium,1,4.25,4.25,cash,no
ORD-53115,2025-07-03,10,Downtown,Coffee,Flat white,medium,1,4.5,4.5,card,no
ORD-53116,2025-07-03,10,Downtown,Coffee,Espresso,medium,3,3,9,cash,no
ORD-53117,2025-07-03,11,Downtown,Tea,Chai latte,small,1,4.25,4.25,mobile,no
ORD-53118,2025-07-03,11,Downtown,Coffee,Espresso,medium,1,3,3,mobile,no
ORD-53119,2025-07-03,12,Downtown,Food,Breakfast sandwich,regular,1,8.75,8.75,card,yes
ORD-53120,2025-07-03,12,Airport,Bakery,Cinnamon roll,regular,1,5.25,5.25,card,yes
ORD-53121,2025-07-03,12,Downtown,Tea,Chai latte,medium,1,4.75,4.75,mobile,yes
ORD-53122,2025-07-03,13,Downtown,Coffee,Flat white,large,1,5.25,5.25,card,yes
ORD-53123,2025-07-03,14,Downtown,Coffee,Latte,medium,1,4.75,4.75,cash,no
ORD-53124,2025-07-03,14,Airport,Coffee,Cold brew,small,1,5.25,5.25,card,no
ORD-53125,2025-07-03,18,Downtown,Food,Avocado toast,regular,1,9.5,9.5,cash,yes
ORD-53126,2025-07-03,18,Downtown,Coffee,Latte,large,1,5.5,5.5,cash,no
ORD-53127,2025-07-03,18,Riverside,Tea,Matcha latte,medium,1,5.5,5.5,card,yes
ORD-53128,2025-07-04,6,Riverside,Coffee,Cappuccino,small,2,4,8,card,yes
ORD-53129,2025-07-04,7,Airport,Coffee,Cappuccino,medium,1,5.25,5.25,card,yes
ORD-53130,2025-07-04,8,Airport,Coffee,Latte,medium,3,5.5,16.5,card,yes
ORD-53131,2025-07-04,8,Airport,Coffee,Latte,medium,3,5.5,16.5,card,yes
ORD-53132,2025-07-04,8,Airport,Food,Breakfast sandwich,regular,2,9.5,19,cash,yes
ORD-53133,2025-07-04,9,Downtown,Food,Avocado toast,regular,1,9.5,9.5,card,yes
ORD-53134,2025-07-04,9,Riverside,Coffee,Cappuccino,medium,1,4.5,4.5,card,no
ORD-53135,2025-07-04,9,Downtown,Coffee,Latte,small,1,4.25,4.25,mobile,yes
ORD-53136,2025-07-04,10,Airport,Coffee,Espresso,medium,1,3.75,3.75,card,no
ORD-53137,2025-07-04,10,Riverside,Coffee,Cold brew,large,1,5.75,5.75,card,no
ORD-53138,2025-07-04,12,Riverside,Coffee,Americano,large,1,4.25,4.25,mobile,no
ORD-53139,2025-07-04,12,Riverside,Food,Avocado toast,regular,1,9.5,9.5,card,yes
ORD-53140,2025-07-04,13,Riverside,Food,Breakfast sandwich,regular,2,8.75,17.5,card,no
ORD-53141,2025-07-04,14,Downtown,Coffee,Americano,large,2,4.25,8.5,card,no
ORD-53142,2025-07-04,14,Riverside,Coffee,Latte,medium,2,4.75,9.5,card,yes
ORD-53143,2025-07-04,14,Downtown,Coffee,Americano,small,2,3,6,mobile,no
ORD-53144,2025-07-04,14,Riverside,Food,Breakfast sandwich,regular,1,8.75,8.75,card,yes
ORD-53145,2025-07-04,16,Riverside,Coffee,Latte,large,1,5.5,5.5,card,no
ORD-53146,2025-07-05,7,Riverside,Coffee,Cappuccino,medium,1,4.5,4.5,card,yes
ORD-53147,2025-07-05,7,Riverside,Coffee,Cappuccino,medium,1,4.5,4.5,card,no
ORD-53148,2025-07-05,7,Downtown,Bakery,Cinnamon roll,regular,2,4.5,9,card,yes
ORD-53149,2025-07-05,7,Downtown,Coffee,Cappuccino,medium,1,4.5,4.5,mobile,no
ORD-53150,2025-07-05,7,Downtown,Food,Avocado toast,regular,1,9.5,9.5,card,no
ORD-53151,2025-07-05,7,Airport,Coffee,Espresso,large,3,4.5,13.5,card,no
ORD-53152,2025-07-05,8,Riverside,Food,Avocado toast,regular,1,9.5,9.5,card,yes
ORD-53153,2025-07-05,8,Riverside,Bakery,Croissant,regular,1,3.75,3.75,card,yes
ORD-53154,2025-07-05,10,Riverside,Bakery,Croissant,regular,1,3.75,3.75,mobile,yes
ORD-53155,2025-07-05,10,Riverside,Coffee,Latte,small,1,4.25,4.25,card,no
ORD-53156,2025-07-05,10,Riverside,Food,Breakfast sandwich,regular,2,8.75,17.5,card,no
ORD-53157,2025-07-05,11,Riverside,Coffee,Americano,medium,1,3.5,3.5,card,no
ORD-53158,2025-07-05,11,Downtown,Bakery,Banana bread,regular,2,4,8,mobile,no
ORD-53159,2025-07-05,12,Downtown,Coffee,Americano,medium,1,3.5,3.5,cash,no
ORD-53160,2025-07-05,13,Riverside,Food,Breakfast sandwich,regular,1,8.75,8.75,card,no
ORD-53161,2025-07-05,15,Riverside,Coffee,Latte,large,1,5.5,5.5,cash,no
ORD-53162,2025-07-05,15,Downtown,Bakery,Croissant,regular,3,3.75,11.25,card,no
ORD-53163,2025-07-05,15,Downtown,Coffee,Cold brew,medium,1,5,5,card,yes
ORD-53164,2025-07-06,6,Downtown,Coffee,Americano,small,4,3,12,card,no
ORD-53165,2025-07-06,7,Downtown,Coffee,Cappuccino,large,3,5.25,15.75,card,yes
ORD-53166,2025-07-06,7,Downtown,Coffee,Americano,large,1,4.25,4.25,cash,no
ORD-53167,2025-07-06,7,Downtown,Food,Breakfast sandwich,regular,3,8.75,26.25,card,yes
ORD-53168,2025-07-06,8,Downtown,Coffee,Latte,medium,1,4.75,4.75,mobile,no
ORD-53169,2025-07-06,9,Airport,Tea,Matcha latte,small,1,5.75,5.75,card,no
ORD-53170,2025-07-06,10,Downtown,Coffee,Flat white,small,1,4,4,card,no
ORD-53171,2025-07-06,10,Riverside,Coffee,Latte,medium,1,4.75,4.75,card,yes
ORD-53172,2025-07-06,10,Riverside,Coffee,Americano,small,1,3,3,card,yes
ORD-53173,2025-07-06,11,Riverside,Coffee,Cappuccino,medium,1,4.5,4.5,card,no
ORD-53174,2025-07-06,11,Riverside,Coffee,Flat white,small,1,4,4,card,no
ORD-53175,2025-07-06,12,Airport,Coffee,Latte,medium,2,5.5,11,card,no
ORD-53176,2025-07-06,13,Downtown,Food,Avocado toast,regular,1,9.5,9.5,card,yes
ORD-53177,2025-07-06,13,Downtown,Tea,Matcha latte,large,1,6.25,6.25,card,no
ORD-53178,2025-07-06,13,Airport,Food,Breakfast sandwich,regular,1,9.5,9.5,card,no
ORD-53179,2025-07-06,15,Riverside,Coffee,Cappuccino,medium,1,4.5,4.5,card,yes
ORD-53180,2025-07-06,17,Riverside,Coffee,Flat white,large,1,5.25,5.25,mobile,no
ORD-53181,2025-07-06,18,Riverside,Tea,Chai latte,large,1,5.5,5.5,card,no
ORD-53182,2025-07-07,7,Airport,Coffee,Flat white,medium,1,5.25,5.25,card,yes
ORD-53183,2025-07-07,8,Downtown,Food,Avocado toast,regular,1,9.5,9.5,mobile,no
ORD-53184,2025-07-07,8,Airport,Coffee,Flat white,small,1,4.75,4.75,card,no
ORD-53185,2025-07-07,8,Airport,Tea,Matcha latte,medium,1,6.25,6.25,cash,no
ORD-53186,2025-07-07,10,Downtown,Food,Avocado toast,regular,1,9.5,9.5,mobile,no
ORD-53187,2025-07-07,11,Downtown,Bakery,Banana bread,regular,1,4,4,cash,no
ORD-53188,2025-07-07,11,Riverside,Food,Breakfast sandwich,regular,1,8.75,8.75,card,no
ORD-53189,2025-07-07,11,Riverside,Coffee,Latte,medium,1,4.75,4.75,card,no
ORD-53190,2025-07-07,12,Downtown,Food,Breakfast sandwich,regular,1,8.75,8.75,mobile,no
ORD-53191,2025-07-07,12,Downtown,Food,Breakfast sandwich,regular,1,8.75,8.75,cash,no
ORD-53192,2025-07-07,12,Airport,Tea,Matcha latte,large,1,7,7,cash,yes
ORD-53193,2025-07-07,12,Airport,Coffee,Espresso,large,2,4.5,9,card,yes
ORD-53194,2025-07-07,12,Airport,Food,Breakfast sandwich,regular,2,9.5,19,card,yes
ORD-53195,2025-07-07,12,Airport,Bakery,Cinnamon roll,regular,1,5.25,5.25,mobile,no
ORD-53196,2025-07-07,13,Airport,Coffee,Flat white,medium,1,5.25,5.25,card,yes
ORD-53197,2025-07-07,13,Airport,Tea,Chai latte,medium,2,5.5,11,card,no
ORD-53198,2025-07-07,13,Riverside,Coffee,Latte,medium,1,4.75,4.75,card,yes
ORD-53199,2025-07-07,14,Downtown,Coffee,Flat white,small,1,4,4,card,no
ORD-53200,2025-07-07,14,Downtown,Coffee,Cappuccino,medium,1,4.5,4.5,mobile,no
ORD-53201,2025-07-07,15,Riverside,Coffee,Cold brew,medium,1,5,5,mobile,yes
ORD-53202,2025-07-07,15,Downtown,Coffee,Latte,small,1,4.25,4.25,card,yes
ORD-53203,2025-07-07,15,Downtown,Tea,Matcha latte,small,2,5,10,mobile,no
ORD-53204,2025-07-07,15,Downtown,Coffee,Cold brew,medium,1,5,5,card,yes
ORD-53205,2025-07-07,16,Riverside,Coffee,Espresso,medium,2,3,6,card,no
ORD-53206,2025-07-08,7,Downtown,Food,Avocado toast,regular,1,9.5,9.5,card,yes
ORD-53207,2025-07-08,7,Riverside,Coffee,Americano,medium,1,3.5,3.5,mobile,no
ORD-53208,2025-07-08,7,Airport,Bakery,Banana bread,regular,2,4.75,9.5,card,yes
ORD-53209,2025-07-08,8,Riverside,Coffee,Flat white,medium,1,4.5,4.5,card,no
ORD-53210,2025-07-08,9,Riverside,Coffee,Latte,small,1,4.25,4.25,card,no
ORD-53211,2025-07-08,9,Riverside,Coffee,Latte,medium,2,4.75,9.5,cash,no
ORD-53212,2025-07-08,11,Riverside,Tea,Matcha latte,medium,1,5.5,5.5,mobile,yes
ORD-53213,2025-07-08,13,Riverside,Coffee,Latte,small,2,4.25,8.5,mobile,no
ORD-53214,2025-07-08,14,Riverside,Coffee,Flat white,medium,1,4.5,4.5,cash,no
ORD-53215,2025-07-08,14,Riverside,Food,Granola bowl,regular,1,7.5,7.5,mobile,yes
ORD-53216,2025-07-08,15,Airport,Tea,Chai latte,large,2,6.25,12.5,card,yes
ORD-53217,2025-07-08,15,Downtown,Food,Breakfast sandwich,regular,1,8.75,8.75,mobile,no
ORD-53218,2025-07-08,16,Riverside,Tea,Chai latte,medium,1,4.75,4.75,card,no
ORD-53219,2025-07-08,16,Riverside,Coffee,Cold brew,large,2,5.75,11.5,card,yes
ORD-53220,2025-07-08,17,Airport,Coffee,Cappuccino,medium,1,5.25,5.25,card,no
ORD-53221,2025-07-09,7,Downtown,Coffee,Flat white,small,2,4,8,cash,no
ORD-53222,2025-07-09,7,Downtown,Food,Avocado toast,regular,1,9.5,9.5,card,no
ORD-53223,2025-07-09,7,Riverside,Bakery,Banana bread,regular,1,4,4,card,no
ORD-53224,2025-07-09,7,Riverside,Coffee,Cappuccino,medium,2,4.5,9,mobile,yes
ORD-53225,2025-07-09,8,Riverside,Food,Avocado toast,regular,2,9.5,19,card,no
ORD-53226,2025-07-09,9,Downtown,Bakery,Cinnamon roll,regular,1,4.5,4.5,card,yes
ORD-53227,2025-07-09,9,Downtown,Coffee,Latte,small,1,4.25,4.25,card,no
ORD-53228,2025-07-09,9,Downtown,Coffee,Latte,large,1,5.5,5.5,card,no
ORD-53229,2025-07-09,14,Downtown,Coffee,Latte,large,1,5.5,5.5,card,no
ORD-53230,2025-07-09,14,Airport,Food,Avocado toast,regular,2,10.25,20.5,mobile,no
ORD-53231,2025-07-09,16,Riverside,Tea,Chai latte,medium,1,4.75,4.75,card,no
ORD-53232,2025-07-09,16,Riverside,Tea,Chai latte,large,1,5.5,5.5,card,yes
ORD-53233,2025-07-10,6,Riverside,Coffee,Espresso,large,1,3.75,3.75,mobile,no
ORD-53234,2025-07-10,7,Riverside,Tea,Chai latte,medium,1,4.75,4.75,cash,no
ORD-53235,2025-07-10,8,Airport,Coffee,Americano,medium,1,4.25,4.25,mobile,no
ORD-53236,2025-07-10,8,Downtown,Bakery,Croissant,regular,3,3.75,11.25,card,no
ORD-53237,2025-07-10,8,Downtown,Coffee,Americano,large,1,4.25,4.25,card,no
ORD-53238,2025-07-10,8,Riverside,Tea,Chai latte,large,1,5.5,5.5,card,no
ORD-53239,2025-07-10,8,Downtown,Tea,Chai latte,large,1,5.5,5.5,card,no
ORD-53240,2025-07-10,9,Downtown,Bakery,Cinnamon roll,regular,1,4.5,4.5,card,no
ORD-53241,2025-07-10,9,Airport,Coffee,Americano,large,1,5,5,card,yes
ORD-53242,2025-07-10,9,Airport,Tea,Chai latte,large,2,6.25,12.5,card,no
ORD-53243,2025-07-10,10,Downtown,Bakery,Banana bread,regular,1,4,4,card,no
ORD-53244,2025-07-10,10,Airport,Coffee,Americano,medium,1,4.25,4.25,mobile,no
ORD-53245,2025-07-10,11,Airport,Coffee,Latte,large,1,6.25,6.25,mobile,no
ORD-53246,2025-07-10,12,Downtown,Coffee,Latte,medium,1,4.75,4.75,cash,no
ORD-53247,2025-07-10,12,Downtown,Coffee,Latte,medium,2,4.75,9.5,card,yes
ORD-53248,2025-07-10,12,Downtown,Coffee,Latte,medium,2,4.75,9.5,card,no
ORD-53249,2025-07-10,13,Downtown,Food,Breakfast sandwich,regular,1,8.75,8.75,card,no
ORD-53250,2025-07-10,14,Downtown,Coffee,Cappuccino,medium,1,4.5,4.5,mobile,yes
ORD-53251,2025-07-10,16,Downtown,Coffee,Cappuccino,medium,1,4.5,4.5,card,yes
ORD-53252,2025-07-10,18,Riverside,Coffee,Cappuccino,small,1,4,4,mobile,yes
ORD-53253,2025-07-11,6,Downtown,Coffee,Americano,medium,1,3.5,3.5,card,no
ORD-53254,2025-07-11,7,Airport,Coffee,Flat white,large,1,6,6,card,no
ORD-53255,2025-07-11,7,Riverside,Coffee,Espresso,small,1,2.5,2.5,mobile,yes
ORD-53256,2025-07-11,8,Riverside,Coffee,Latte,medium,1,4.75,4.75,card,yes
ORD-53257,2025-07-11,8,Riverside,Coffee,Cold brew,small,2,4.5,9,card,no
ORD-53258,2025-07-11,8,Downtown,Bakery,Croissant,regular,1,3.75,3.75,card,yes
ORD-53259,2025-07-11,8,Downtown,Bakery,Croissant,regular,1,3.75,3.75,mobile,yes
ORD-53260,2025-07-11,8,Downtown,Bakery,Cinnamon roll,regular,1,4.5,4.5,card,no
ORD-53261,2025-07-11,8,Airport,Coffee,Flat white,small,1,4.75,4.75,cash,no
ORD-53262,2025-07-11,8,Downtown,Coffee,Latte,medium,1,4.75,4.75,card,yes
ORD-53263,2025-07-11,9,Airport,Coffee,Cappuccino,large,1,6,6,cash,yes
ORD-53264,2025-07-11,10,Airport,Food,Granola bowl,regular,2,8.25,16.5,mobile,no
ORD-53265,2025-07-11,10,Downtown,Coffee,Cappuccino,small,1,4,4,mobile,no
ORD-53266,2025-07-11,10,Downtown,Bakery,Croissant,regular,1,3.75,3.75,card,no
ORD-53267,2025-07-11,11,Downtown,Coffee,Cappuccino,small,2,4,8,card,no
ORD-53268,2025-07-11,11,Downtown,Coffee,Cappuccino,small,1,4,4,card,yes
ORD-53269,2025-07-11,11,Riverside,Food,Avocado toast,regular,1,9.5,9.5,card,yes
ORD-53270,2025-07-11,12,Downtown,Bakery,Croissant,regular,1,3.75,3.75,card,no
ORD-53271,2025-07-11,12,Downtown,Coffee,Cold brew,small,2,4.5,9,card,yes
ORD-53272,2025-07-11,14,Riverside,Coffee,Latte,small,1,4.25,4.25,card,no
ORD-53273,2025-07-11,15,Riverside,Coffee,Flat white,medium,1,4.5,4.5,card,yes
ORD-53274,2025-07-11,15,Downtown,Tea,Matcha latte,medium,1,5.5,5.5,card,no
ORD-53275,2025-07-11,16,Downtown,Bakery,Croissant,regular,2,3.75,7.5,card,no
ORD-53276,2025-07-12,7,Riverside,Bakery,Banana bread,regular,3,4,12,card,no
ORD-53277,2025-07-12,7,Downtown,Coffee,Espresso,large,1,3.75,3.75,card,yes
ORD-53278,2025-07-12,7,Downtown,Food,Breakfast sandwich,regular,1,8.75,8.75,mobile,no
ORD-53279,2025-07-12,7,Downtown,Coffee,Flat white,small,1,4,4,card,no
ORD-53280,2025-07-12,8,Downtown,Coffee,Latte,small,1,4.25,4.25,mobile,yes
ORD-53281,2025-07-12,8,Riverside,Coffee,Cold brew,large,1,5.75,5.75,card,no
ORD-53282,2025-07-12,8,Riverside,Tea,Matcha latte,large,1,6.25,6.25,card,yes
ORD-53283,2025-07-12,9,Riverside,Bakery,Croissant,regular,1,3.75,3.75,card,no
ORD-53284,2025-07-12,9,Riverside,Coffee,Cold brew,small,1,4.5,4.5,card,yes
ORD-53285,2025-07-12,10,Riverside,Coffee,Cold brew,medium,1,5,5,card,yes
ORD-53286,2025-07-12,10,Downtown,Coffee,Latte,large,1,5.5,5.5,card,no
ORD-53287,2025-07-12,12,Downtown,Coffee,Americano,small,2,3,6,card,yes
ORD-53288,2025-07-12,13,Airport,Bakery,Croissant,regular,1,4.5,4.5,card,yes
ORD-53289,2025-07-12,13,Riverside,Bakery,Banana bread,regular,1,4,4,card,yes
ORD-53290,2025-07-12,13,Airport,Coffee,Latte,medium,2,5.5,11,mobile,no
ORD-53291,2025-07-12,14,Riverside,Coffee,Espresso,medium,1,3,3,card,no
ORD-53292,2025-07-12,15,Downtown,Coffee,Latte,small,1,4.25,4.25,card,yes
ORD-53293,2025-07-12,15,Airport,Bakery,Croissant,regular,1,4.5,4.5,card,no
ORD-53294,2025-07-13,6,Downtown,Coffee,Flat white,small,2,4,8,card,no
ORD-53295,2025-07-13,6,Downtown,Tea,Chai latte,small,2,4.25,8.5,card,no
ORD-53296,2025-07-13,6,Downtown,Coffee,Flat white,small,1,4,4,card,yes
ORD-53297,2025-07-13,7,Downtown,Coffee,Americano,large,1,4.25,4.25,mobile,no
ORD-53298,2025-07-13,7,Riverside,Bakery,Croissant,regular,1,3.75,3.75,card,no
ORD-53299,2025-07-13,7,Airport,Coffee,Latte,medium,1,5.5,5.5,card,no
ORD-53300,2025-07-13,8,Downtown,Tea,Chai latte,medium,2,4.75,9.5,mobile,yes
ORD-53301,2025-07-13,8,Airport,Tea,Chai latte,large,1,6.25,6.25,card,no
ORD-53302,2025-07-13,9,Downtown,Coffee,Flat white,small,1,4,4,card,yes
ORD-53303,2025-07-13,9,Downtown,Bakery,Croissant,regular,1,3.75,3.75,card,no
ORD-53304,2025-07-13,10,Airport,Coffee,Latte,medium,2,5.5,11,card,yes
ORD-53305,2025-07-13,11,Airport,Coffee,Latte,small,1,5,5,card,yes
ORD-53306,2025-07-13,11,Downtown,Food,Breakfast sandwich,regular,1,8.75,8.75,card,yes
ORD-53307,2025-07-13,11,Downtown,Tea,Matcha latte,medium,1,5.5,5.5,mobile,no
ORD-53308,2025-07-13,13,Downtown,Tea,Chai latte,small,1,4.25,4.25,card,yes
ORD-53309,2025-07-13,13,Downtown,Food,Avocado toast,regular,2,9.5,19,card,no
ORD-53310,2025-07-13,14,Downtown,Bakery,Croissant,regular,1,3.75,3.75,mobile,yes
ORD-53311,2025-07-13,16,Airport,Coffee,Americano,large,1,5,5,card,no
ORD-53312,2025-07-13,16,Downtown,Bakery,Cinnamon roll,regular,1,4.5,4.5,card,yes
ORD-53313,2025-07-13,16,Downtown,Coffee,Flat white,small,1,4,4,card,no
ORD-53314,2025-07-13,16,Riverside,Coffee,Americano,medium,1,3.5,3.5,card,no
ORD-53315,2025-07-14,7,Downtown,Coffee,Cold brew,small,1,4.5,4.5,card,no
ORD-53316,2025-07-14,8,Downtown,Bakery,Cinnamon roll,regular,1,4.5,4.5,mobile,no
ORD-53317,2025-07-14,8,Riverside,Bakery,Croissant,regular,3,3.75,11.25,cash,no
ORD-53318,2025-07-14,8,Airport,Coffee,Espresso,small,1,3.25,3.25,card,no
ORD-53319,2025-07-14,8,Airport,Coffee,Cappuccino,medium,1,5.25,5.25,card,no
ORD-53320,2025-07-14,9,Airport,Coffee,Cappuccino,medium,1,5.25,5.25,mobile,no
ORD-53321,2025-07-14,9,Downtown,Coffee,Espresso,small,1,2.5,2.5,card,no
ORD-53322,2025-07-14,9,Downtown,Coffee,Flat white,medium,1,4.5,4.5,card,yes
ORD-53323,2025-07-14,10,Riverside,Food,Avocado toast,regular,1,9.5,9.5,card,no
ORD-53324,2025-07-14,14,Downtown,Coffee,Latte,small,1,4.25,4.25,card,no
ORD-53325,2025-07-14,15,Downtown,Coffee,Cold brew,medium,1,5,5,card,yes
ORD-53326,2025-07-14,16,Airport,Coffee,Americano,medium,1,4.25,4.25,mobile,no
ORD-53327,2025-07-14,17,Downtown,Coffee,Americano,medium,2,3.5,7,card,yes
ORD-53328,2025-07-14,18,Airport,Coffee,Americano,small,1,3.75,3.75,cash,yes
ORD-53329,2025-07-15,7,Riverside,Tea,Chai latte,medium,1,4.75,4.75,card,yes
ORD-53330,2025-07-15,7,Riverside,Coffee,Espresso,small,1,2.5,2.5,mobile,no
ORD-53331,2025-07-15,8,Riverside,Coffee,Latte,medium,1,4.75,4.75,mobile,no
ORD-53332,2025-07-15,8,Riverside,Food,Breakfast sandwich,regular,1,8.75,8.75,mobile,no
ORD-53333,2025-07-15,8,Airport,Coffee,Espresso,medium,1,3.75,3.75,card,no
ORD-53334,2025-07-15,11,Downtown,Bakery,Banana bread,regular,1,4,4,card,yes
ORD-53335,2025-07-15,12,Downtown,Food,Avocado toast,regular,1,9.5,9.5,card,yes
ORD-53336,2025-07-15,12,Riverside,Coffee,Latte,large,1,5.5,5.5,mobile,no
ORD-53337,2025-07-15,13,Downtown,Coffee,Cappuccino,medium,2,4.5,9,card,yes
ORD-53338,2025-07-15,14,Airport,Bakery,Croissant,regular,3,4.5,13.5,mobile,no
ORD-53339,2025-07-16,6,Riverside,Coffee,Americano,small,2,3,6,card,no
ORD-53340,2025-07-16,6,Airport,Coffee,Americano,medium,1,4.25,4.25,mobile,yes
ORD-53341,2025-07-16,7,Airport,Bakery,Croissant,regular,1,4.5,4.5,card,yes
ORD-53342,2025-07-16,7,Riverside,Coffee,Flat white,medium,1,4.5,4.5,card,no
ORD-53343,2025-07-16,9,Downtown,Food,Breakfast sandwich,regular,2,8.75,17.5,cash,yes
ORD-53344,2025-07-16,9,Airport,Bakery,Croissant,regular,1,4.5,4.5,card,no
ORD-53345,2025-07-16,10,Downtown,Coffee,Cappuccino,large,2,5.25,10.5,card,no
ORD-53346,2025-07-16,10,Airport,Coffee,Latte,small,1,5,5,card,no
ORD-53347,2025-07-16,11,Riverside,Coffee,Cappuccino,medium,1,4.5,4.5,card,no
ORD-53348,2025-07-16,12,Downtown,Food,Avocado toast,regular,1,9.5,9.5,card,yes
ORD-53349,2025-07-16,12,Riverside,Coffee,Cappuccino,small,1,4,4,mobile,no
ORD-53350,2025-07-16,12,Airport,Coffee,Latte,large,1,6.25,6.25,mobile,yes
ORD-53351,2025-07-16,12,Downtown,Coffee,Flat white,medium,1,4.5,4.5,card,no
ORD-53352,2025-07-16,15,Airport,Coffee,Espresso,small,1,3.25,3.25,card,yes
ORD-53353,2025-07-16,18,Downtown,Coffee,Espresso,large,1,3.75,3.75,mobile,no
ORD-53354,2025-07-17,6,Downtown,Coffee,Flat white,medium,1,4.5,4.5,cash,no
ORD-53355,2025-07-17,7,Downtown,Coffee,Americano,medium,1,3.5,3.5,card,no
ORD-53356,2025-07-17,7,Downtown,Coffee,Americano,large,1,4.25,4.25,card,no
ORD-53357,2025-07-17,7,Riverside,Food,Avocado toast,regular,1,9.5,9.5,card,no
ORD-53358,2025-07-17,8,Downtown,Bakery,Banana bread,regular,1,4,4,mobile,no
ORD-53359,2025-07-17,8,Downtown,Coffee,Latte,large,2,5.5,11,mobile,no
ORD-53360,2025-07-17,8,Riverside,Food,Breakfast sandwich,regular,1,8.75,8.75,card,yes
ORD-53361,2025-07-17,8,Riverside,Coffee,Espresso,small,1,2.5,2.5,card,yes
ORD-53362,2025-07-17,8,Downtown,Bakery,Banana bread,regular,1,4,4,card,no
ORD-53363,2025-07-17,8,Airport,Coffee,Latte,medium,1,5.5,5.5,mobile,yes
ORD-53364,2025-07-17,9,Downtown,Bakery,Cinnamon roll,regular,2,4.5,9,card,yes
ORD-53365,2025-07-17,9,Airport,Food,Avocado toast,regular,1,10.25,10.25,card,no
ORD-53366,2025-07-17,12,Riverside,Coffee,Americano,small,2,3,6,card,yes
ORD-53367,2025-07-17,13,Downtown,Coffee,Latte,large,1,5.5,5.5,card,yes
ORD-53368,2025-07-17,13,Downtown,Coffee,Americano,medium,1,3.5,3.5,card,no
ORD-53369,2025-07-17,13,Riverside,Food,Avocado toast,regular,1,9.5,9.5,cash,yes
ORD-53370,2025-07-17,13,Riverside,Food,Breakfast sandwich,regular,3,8.75,26.25,card,no
ORD-53371,2025-07-17,14,Riverside,Coffee,Latte,large,1,5.5,5.5,card,no
ORD-53372,2025-07-17,14,Downtown,Coffee,Latte,large,1,5.5,5.5,card,no
ORD-53373,2025-07-17,15,Riverside,Bakery,Banana bread,regular,1,4,4,mobile,no
ORD-53374,2025-07-17,15,Riverside,Coffee,Americano,medium,1,3.5,3.5,card,yes
ORD-53375,2025-07-17,15,Airport,Coffee,Flat white,medium,1,5.25,5.25,card,yes
ORD-53376,2025-07-17,15,Downtown,Coffee,Cold brew,large,1,5.75,5.75,mobile,no
ORD-53377,2025-07-17,16,Downtown,Coffee,Cold brew,medium,2,5,10,card,yes
ORD-53378,2025-07-18,7,Riverside,Coffee,Cappuccino,medium,1,4.5,4.5,mobile,yes
ORD-53379,2025-07-18,7,Riverside,Coffee,Americano,medium,1,3.5,3.5,card,no
ORD-53380,2025-07-18,7,Downtown,Coffee,Americano,medium,2,3.5,7,card,yes
ORD-53381,2025-07-18,8,Airport,Bakery,Croissant,regular,1,4.5,4.5,mobile,no
ORD-53382,2025-07-18,8,Downtown,Coffee,Flat white,large,1,5.25,5.25,card,yes
ORD-53383,2025-07-18,8,Airport,Bakery,Cinnamon roll,regular,1,5.25,5.25,mobile,no
ORD-53384,2025-07-18,8,Downtown,Coffee,Latte,large,1,5.5,5.5,cash,no
ORD-53385,2025-07-18,9,Downtown,Bakery,Banana bread,regular,1,4,4,card,no
ORD-53386,2025-07-18,9,Downtown,Bakery,Banana bread,regular,1,4,4,card,yes
ORD-53387,2025-07-18,10,Airport,Coffee,Latte,medium,2,5.5,11,card,no
ORD-53388,2025-07-18,10,Downtown,Tea,Matcha latte,small,2,5,10,mobile,no
ORD-53389,2025-07-18,12,Airport,Coffee,Espresso,medium,1,3.75,3.75,mobile,no
ORD-53390,2025-07-18,12,Downtown,Bakery,Croissant,regular,1,3.75,3.75,card,yes
ORD-53391,2025-07-18,12,Riverside,Tea,Chai latte,small,1,4.25,4.25,card,no
ORD-53392,2025-07-18,13,Downtown,Coffee,Espresso,large,1,3.75,3.75,mobile,yes
ORD-53393,2025-07-18,14,Riverside,Coffee,Cold brew,small,1,4.5,4.5,cash,no
ORD-53394,2025-07-18,14,Downtown,Coffee,Cold brew,small,1,4.5,4.5,card,yes
ORD-53395,2025-07-18,15,Downtown,Food,Breakfast sandwich,regular,1,8.75,8.75,card,yes
ORD-53396,2025-07-18,15,Airport,Coffee,Latte,medium,1,5.5,5.5,card,no
ORD-53397,2025-07-18,17,Downtown,Food,Granola bowl,regular,1,7.5,7.5,card,no
ORD-53398,2025-07-19,6,Downtown,Coffee,Espresso,small,1,2.5,2.5,cash,yes
ORD-53399,2025-07-19,6,Downtown,Coffee,Flat white,medium,1,4.5,4.5,card,yes
ORD-53400,2025-07-19,7,Downtown,Food,Granola bowl,regular,1,7.5,7.5,card,yes
ORD-53401,2025-07-19,7,Riverside,Coffee,Americano,large,1,4.25,4.25,mobile,no
ORD-53402,2025-07-19,8,Riverside,Coffee,Latte,medium,2,4.75,9.5,card,no
ORD-53403,2025-07-19,8,Riverside,Bakery,Croissant,regular,2,3.75,7.5,card,no
ORD-53404,2025-07-19,8,Riverside,Food,Granola bowl,regular,1,7.5,7.5,card,no
ORD-53405,2025-07-19,8,Downtown,Coffee,Espresso,large,3,3.75,11.25,card,no
ORD-53406,2025-07-19,9,Riverside,Coffee,Americano,medium,1,3.5,3.5,cash,no
ORD-53407,2025-07-19,9,Downtown,Coffee,Cappuccino,medium,1,4.5,4.5,card,yes
ORD-53408,2025-07-19,9,Downtown,Coffee,Flat white,large,1,5.25,5.25,mobile,yes
ORD-53409,2025-07-19,9,Airport,Tea,Chai latte,small,1,5,5,mobile,no
ORD-53410,2025-07-19,9,Downtown,Coffee,Cappuccino,medium,1,4.5,4.5,mobile,yes
ORD-53411,2025-07-19,10,Downtown,Coffee,Cappuccino,medium,2,4.5,9,card,yes
ORD-53412,2025-07-19,11,Airport,Food,Breakfast sandwich,regular,3,9.5,28.5,card,yes
ORD-53413,2025-07-19,12,Downtown,Coffee,Espresso,medium,2,3,6,card,no
ORD-53414,2025-07-19,13,Downtown,Coffee,Flat white,medium,2,4.5,9,mobile,no
ORD-53415,2025-07-19,14,Riverside,Coffee,Cold brew,medium,1,5,5,card,no
ORD-53416,2025-07-19,15,Airport,Coffee,Espresso,small,1,3.25,3.25,mobile,no
ORD-53417,2025-07-20,7,Riverside,Coffee,Cappuccino,large,1,5.25,5.25,mobile,yes
ORD-53418,2025-07-20,7,Downtown,Coffee,Cappuccino,medium,3,4.5,13.5,mobile,no
ORD-53419,2025-07-20,7,Downtown,Food,Breakfast sandwich,regular,1,8.75,8.75,mobile,yes
ORD-53420,2025-07-20,8,Downtown,Coffee,Flat white,large,2,5.25,10.5,cash,yes
ORD-53421,2025-07-20,8,Riverside,Coffee,Cappuccino,large,4,5.25,21,mobile,yes
ORD-53422,2025-07-20,8,Riverside,Bakery,Cinnamon roll,regular,2,4.5,9,card,yes
ORD-53423,2025-07-20,9,Riverside,Coffee,Cappuccino,large,1,5.25,5.25,mobile,no
ORD-53424,2025-07-20,9,Riverside,Coffee,Espresso,large,1,3.75,3.75,card,yes
ORD-53425,2025-07-20,9,Airport,Coffee,Latte,medium,1,5.5,5.5,card,yes
ORD-53426,2025-07-20,10,Downtown,Coffee,Cappuccino,small,1,4,4,card,yes
ORD-53427,2025-07-20,10,Downtown,Coffee,Flat white,small,1,4,4,mobile,no
ORD-53428,2025-07-20,10,Riverside,Coffee,Flat white,medium,1,4.5,4.5,card,yes
ORD-53429,2025-07-20,11,Downtown,Food,Breakfast sandwich,regular,1,8.75,8.75,card,no
ORD-53430,2025-07-20,11,Downtown,Coffee,Cappuccino,small,1,4,4,card,no
ORD-53431,2025-07-20,11,Riverside,Coffee,Latte,large,1,5.5,5.5,card,yes
ORD-53432,2025-07-20,12,Riverside,Food,Breakfast sandwich,regular,1,8.75,8.75,mobile,no
ORD-53433,2025-07-20,12,Airport,Food,Avocado toast,regular,2,10.25,20.5,card,yes
ORD-53434,2025-07-20,13,Downtown,Bakery,Croissant,regular,1,3.75,3.75,card,no
ORD-53435,2025-07-20,14,Downtown,Food,Granola bowl,regular,1,7.5,7.5,card,yes
ORD-53436,2025-07-20,15,Riverside,Coffee,Latte,medium,1,4.75,4.75,mobile,yes
ORD-53437,2025-07-21,6,Airport,Coffee,Cappuccino,large,3,6,18,cash,yes
ORD-53438,2025-07-21,6,Airport,Coffee,Cold brew,medium,1,5.75,5.75,mobile,no
ORD-53439,2025-07-21,8,Airport,Tea,Chai latte,large,1,6.25,6.25,mobile,yes
ORD-53440,2025-07-21,8,Downtown,Bakery,Croissant,regular,1,3.75,3.75,cash,yes
ORD-53441,2025-07-21,8,Downtown,Tea,Matcha latte,small,1,5,5,card,no
ORD-53442,2025-07-21,8,Riverside,Coffee,Cappuccino,medium,1,4.5,4.5,card,no
ORD-53443,2025-07-21,9,Downtown,Coffee,Americano,medium,1,3.5,3.5,mobile,yes
ORD-53444,2025-07-21,9,Downtown,Coffee,Americano,medium,1,3.5,3.5,mobile,no
ORD-53445,2025-07-21,10,Downtown,Coffee,Flat white,large,1,5.25,5.25,mobile,no
ORD-53446,2025-07-21,10,Downtown,Bakery,Banana bread,regular,2,4,8,mobile,yes
ORD-53447,2025-07-21,10,Downtown,Food,Breakfast sandwich,regular,2,8.75,17.5,mobile,no
ORD-53448,2025-07-21,10,Riverside,Food,Avocado toast,regular,1,9.5,9.5,cash,yes
ORD-53449,2025-07-21,11,Riverside,Tea,Chai latte,medium,1,4.75,4.75,card,yes
ORD-53450,2025-07-21,11,Downtown,Coffee,Cold brew,medium,1,5,5,card,yes
ORD-53451,2025-07-21,11,Riverside,Coffee,Espresso,small,1,2.5,2.5,card,no
ORD-53452,2025-07-21,11,Downtown,Coffee,Cold brew,large,2,5.75,11.5,card,no
ORD-53453,2025-07-21,11,Riverside,Food,Granola bowl,regular,1,7.5,7.5,card,yes
ORD-53454,2025-07-21,12,Airport,Coffee,Espresso,medium,1,3.75,3.75,card,no
ORD-53455,2025-07-21,13,Airport,Food,Avocado toast,regular,1,10.25,10.25,cash,no
ORD-53456,2025-07-21,13,Downtown,Bakery,Croissant,regular,1,3.75,3.75,mobile,no
ORD-53457,2025-07-21,14,Airport,Bakery,Banana bread,regular,1,4.75,4.75,cash,no
ORD-53458,2025-07-22,7,Downtown,Coffee,Flat white,medium,1,4.5,4.5,card,no
ORD-53459,2025-07-22,7,Downtown,Coffee,Flat white,medium,1,4.5,4.5,mobile,no
ORD-53460,2025-07-22,7,Riverside,Coffee,Latte,small,2,4.25,8.5,card,no
ORD-53461,2025-07-22,7,Riverside,Coffee,Flat white,large,1,5.25,5.25,card,no
ORD-53462,2025-07-22,7,Riverside,Bakery,Banana bread,regular,1,4,4,card,no
ORD-53463,2025-07-22,8,Downtown,Food,Breakfast sandwich,regular,1,8.75,8.75,mobile,no
ORD-53464,2025-07-22,8,Downtown,Bakery,Croissant,regular,1,3.75,3.75,card,no
ORD-53465,2025-07-22,8,Airport,Tea,Earl grey,small,1,3.5,3.5,cash,no
ORD-53466,2025-07-22,9,Airport,Coffee,Latte,large,1,6.25,6.25,card,no
ORD-53467,2025-07-22,9,Riverside,Coffee,Latte,medium,1,4.75,4.75,card,yes
ORD-53468,2025-07-22,9,Downtown,Food,Breakfast sandwich,regular,1,8.75,8.75,card,yes
ORD-53469,2025-07-22,10,Downtown,Tea,Chai latte,medium,1,4.75,4.75,card,no
ORD-53470,2025-07-22,10,Riverside,Coffee,Cappuccino,medium,1,4.5,4.5,mobile,yes
ORD-53471,2025-07-22,12,Downtown,Bakery,Banana bread,regular,1,4,4,mobile,no
ORD-53472,2025-07-22,13,Airport,Bakery,Cinnamon roll,regular,1,5.25,5.25,card,no
ORD-53473,2025-07-22,13,Airport,Coffee,Flat white,medium,1,5.25,5.25,cash,no
ORD-53474,2025-07-22,14,Airport,Coffee,Espresso,medium,2,3.75,7.5,card,yes
ORD-53475,2025-07-22,14,Riverside,Tea,Chai latte,medium,1,4.75,4.75,card,no
ORD-53476,2025-07-22,16,Riverside,Coffee,Americano,medium,1,3.5,3.5,card,no
ORD-53477,2025-07-23,6,Downtown,Bakery,Cinnamon roll,regular,1,4.5,4.5,card,no
ORD-53478,2025-07-23,7,Downtown,Bakery,Croissant,regular,1,3.75,3.75,card,no
ORD-53479,2025-07-23,7,Downtown,Food,Breakfast sandwich,regular,1,8.75,8.75,mobile,yes
ORD-53480,2025-07-23,7,Downtown,Coffee,Cold brew,small,2,4.5,9,card,no
ORD-53481,2025-07-23,7,Airport,Coffee,Flat white,medium,1,5.25,5.25,card,no
ORD-53482,2025-07-23,8,Riverside,Tea,Matcha latte,small,2,5,10,mobile,yes
ORD-53483,2025-07-23,8,Riverside,Coffee,Flat white,medium,2,4.5,9,card,yes
ORD-53484,2025-07-23,9,Airport,Coffee,Espresso,medium,3,3.75,11.25,card,no
ORD-53485,2025-07-23,9,Airport,Coffee,Latte,medium,1,5.5,5.5,card,no
ORD-53486,2025-07-23,9,Riverside,Coffee,Latte,medium,1,4.75,4.75,card,no
ORD-53487,2025-07-23,10,Downtown,Tea,Chai latte,large,1,5.5,5.5,mobile,no
ORD-53488,2025-07-23,11,Airport,Food,Avocado toast,regular,1,10.25,10.25,card,no
ORD-53489,2025-07-23,11,Riverside,Food,Breakfast sandwich,regular,2,8.75,17.5,mobile,yes
ORD-53490,2025-07-23,12,Downtown,Food,Breakfast sandwich,regular,1,8.75,8.75,card,yes
ORD-53491,2025-07-23,12,Riverside,Coffee,Americano,large,1,4.25,4.25,card,no
ORD-53492,2025-07-23,12,Downtown,Food,Avocado toast,regular,1,9.5,9.5,card,yes
ORD-53493,2025-07-23,12,Downtown,Tea,Matcha latte,large,1,6.25,6.25,cash,no
ORD-53494,2025-07-23,13,Downtown,Coffee,Americano,medium,1,3.5,3.5,card,no
ORD-53495,2025-07-23,13,Airport,Coffee,Latte,large,1,6.25,6.25,mobile,no
ORD-53496,2025-07-23,13,Downtown,Coffee,Flat white,small,1,4,4,card,no
ORD-53497,2025-07-23,13,Downtown,Coffee,Espresso,large,1,3.75,3.75,card,yes
ORD-53498,2025-07-23,14,Downtown,Bakery,Croissant,regular,1,3.75,3.75,card,no
ORD-53499,2025-07-23,15,Downtown,Bakery,Banana bread,regular,1,4,4,cash,no
ORD-53500,2025-07-23,16,Riverside,Bakery,Cinnamon roll,regular,1,4.5,4.5,mobile,yes
ORD-53501,2025-07-23,17,Downtown,Coffee,Latte,medium,1,4.75,4.75,cash,no
ORD-53502,2025-07-23,17,Airport,Coffee,Latte,small,1,5,5,card,no
ORD-53503,2025-07-23,18,Riverside,Food,Avocado toast,regular,1,9.5,9.5,mobile,no
ORD-53504,2025-07-23,18,Downtown,Bakery,Croissant,regular,1,3.75,3.75,mobile,yes
ORD-53505,2025-07-24,7,Riverside,Coffee,Flat white,small,1,4,4,card,yes
ORD-53506,2025-07-24,7,Downtown,Coffee,Latte,medium,1,4.75,4.75,card,yes
ORD-53507,2025-07-24,7,Downtown,Food,Granola bowl,regular,1,7.5,7.5,card,no
ORD-53508,2025-07-24,7,Downtown,Coffee,Americano,small,1,3,3,card,no
ORD-53509,2025-07-24,7,Airport,Bakery,Cinnamon roll,regular,1,5.25,5.25,card,no
ORD-53510,2025-07-24,8,Riverside,Bakery,Banana bread,regular,1,4,4,card,no
ORD-53511,2025-07-24,8,Downtown,Coffee,Latte,medium,1,4.75,4.75,card,yes
ORD-53512,2025-07-24,8,Downtown,Coffee,Flat white,small,1,4,4,mobile,yes
ORD-53513,2025-07-24,9,Airport,Tea,Matcha latte,small,1,5.75,5.75,card,no
ORD-53514,2025-07-24,10,Riverside,Tea,Matcha latte,small,2,5,10,mobile,no
ORD-53515,2025-07-24,11,Riverside,Coffee,Americano,medium,1,3.5,3.5,card,yes
ORD-53516,2025-07-24,11,Riverside,Food,Granola bowl,regular,1,7.5,7.5,mobile,no
ORD-53517,2025-07-24,11,Downtown,Coffee,Flat white,small,1,4,4,card,no
ORD-53518,2025-07-24,11,Downtown,Food,Breakfast sandwich,regular,1,8.75,8.75,card,yes
ORD-53519,2025-07-24,14,Downtown,Coffee,Americano,medium,1,3.5,3.5,card,yes
ORD-53520,2025-07-24,15,Downtown,Tea,Chai latte,medium,2,4.75,9.5,mobile,no
ORD-53521,2025-07-24,15,Downtown,Coffee,Americano,medium,2,3.5,7,card,no
ORD-53522,2025-07-24,17,Downtown,Food,Breakfast sandwich,regular,1,8.75,8.75,card,no
ORD-53523,2025-07-25,7,Downtown,Food,Avocado toast,regular,2,9.5,19,mobile,no
ORD-53524,2025-07-25,7,Downtown,Coffee,Flat white,medium,1,4.5,4.5,cash,no
ORD-53525,2025-07-25,8,Downtown,Food,Breakfast sandwich,regular,1,8.75,8.75,cash,no
ORD-53526,2025-07-25,8,Downtown,Coffee,Americano,small,1,3,3,card,yes
ORD-53527,2025-07-25,8,Downtown,Bakery,Banana bread,regular,1,4,4,card,yes
ORD-53528,2025-07-25,9,Downtown,Coffee,Flat white,medium,1,4.5,4.5,card,no
ORD-53529,2025-07-25,9,Airport,Food,Breakfast sandwich,regular,1,9.5,9.5,card,no
ORD-53530,2025-07-25,9,Airport,Coffee,Latte,medium,1,5.5,5.5,card,no
ORD-53531,2025-07-25,10,Airport,Coffee,Americano,small,1,3.75,3.75,card,yes
ORD-53532,2025-07-25,12,Downtown,Coffee,Latte,small,2,4.25,8.5,card,no
ORD-53533,2025-07-25,12,Downtown,Food,Breakfast sandwich,regular,1,8.75,8.75,card,yes
ORD-53534,2025-07-25,12,Downtown,Coffee,Cappuccino,medium,1,4.5,4.5,card,no
ORD-53535,2025-07-25,13,Airport,Coffee,Flat white,medium,1,5.25,5.25,mobile,no
ORD-53536,2025-07-25,14,Downtown,Bakery,Croissant,regular,1,3.75,3.75,card,no
ORD-53537,2025-07-25,14,Downtown,Tea,Chai latte,small,2,4.25,8.5,card,no
ORD-53538,2025-07-25,14,Riverside,Tea,Earl grey,medium,1,3.25,3.25,card,yes
ORD-53539,2025-07-25,14,Riverside,Food,Breakfast sandwich,regular,1,8.75,8.75,card,no
ORD-53540,2025-07-25,15,Downtown,Coffee,Cappuccino,medium,2,4.5,9,card,no
ORD-53541,2025-07-25,16,Riverside,Coffee,Americano,small,1,3,3,card,no
ORD-53542,2025-07-26,6,Airport,Tea,Chai latte,medium,1,5.5,5.5,card,yes
ORD-53543,2025-07-26,7,Riverside,Coffee,Americano,medium,2,3.5,7,card,no
ORD-53544,2025-07-26,7,Riverside,Coffee,Latte,medium,1,4.75,4.75,mobile,yes
ORD-53545,2025-07-26,8,Downtown,Bakery,Croissant,regular,1,3.75,3.75,card,yes
ORD-53546,2025-07-26,8,Downtown,Food,Granola bowl,regular,1,7.5,7.5,mobile,no
ORD-53547,2025-07-26,8,Airport,Bakery,Croissant,regular,2,4.5,9,mobile,no
ORD-53548,2025-07-26,8,Riverside,Food,Breakfast sandwich,regular,1,8.75,8.75,card,no
ORD-53549,2025-07-26,8,Riverside,Food,Avocado toast,regular,2,9.5,19,card,yes
ORD-53550,2025-07-26,9,Downtown,Coffee,Espresso,medium,1,3,3,card,no
ORD-53551,2025-07-26,10,Airport,Coffee,Americano,medium,2,4.25,8.5,card,no
ORD-53552,2025-07-26,11,Airport,Food,Granola bowl,regular,1,8.25,8.25,cash,no
ORD-53553,2025-07-26,12,Downtown,Tea,Earl grey,large,1,4,4,card,no
ORD-53554,2025-07-26,12,Airport,Coffee,Americano,small,1,3.75,3.75,card,yes
ORD-53555,2025-07-26,12,Downtown,Coffee,Espresso,large,1,3.75,3.75,mobile,no
ORD-53556,2025-07-26,12,Downtown,Coffee,Latte,large,1,5.5,5.5,mobile,no
ORD-53557,2025-07-26,13,Riverside,Food,Breakfast sandwich,regular,1,8.75,8.75,card,no
ORD-53558,2025-07-26,15,Riverside,Bakery,Cinnamon roll,regular,1,4.5,4.5,card,no
ORD-53559,2025-07-26,16,Airport,Coffee,Americano,medium,1,4.25,4.25,card,no
ORD-53560,2025-07-27,6,Downtown,Coffee,Latte,large,1,5.5,5.5,cash,no
ORD-53561,2025-07-27,7,Airport,Food,Granola bowl,regular,1,8.25,8.25,mobile,yes
ORD-53562,2025-07-27,9,Riverside,Coffee,Espresso,medium,1,3,3,cash,yes
ORD-53563,2025-07-27,9,Riverside,Food,Breakfast sandwich,regular,3,8.75,26.25,card,no
ORD-53564,2025-07-27,9,Downtown,Coffee,Latte,small,2,4.25,8.5,card,no
ORD-53565,2025-07-27,10,Riverside,Tea,Chai latte,large,1,5.5,5.5,card,yes
ORD-53566,2025-07-27,10,Downtown,Coffee,Latte,medium,1,4.75,4.75,card,no
ORD-53567,2025-07-27,10,Riverside,Bakery,Croissant,regular,1,3.75,3.75,card,yes
ORD-53568,2025-07-27,12,Riverside,Coffee,Cold brew,medium,1,5,5,card,no
ORD-53569,2025-07-27,12,Downtown,Bakery,Croissant,regular,2,3.75,7.5,card,yes
ORD-53570,2025-07-27,13,Airport,Coffee,Flat white,medium,1,5.25,5.25,card,no
ORD-53571,2025-07-27,15,Riverside,Bakery,Cinnamon roll,regular,1,4.5,4.5,mobile,no
ORD-53572,2025-07-27,15,Downtown,Tea,Chai latte,large,1,5.5,5.5,card,no
ORD-53573,2025-07-27,16,Downtown,Coffee,Latte,medium,1,4.75,4.75,mobile,yes
ORD-53574,2025-07-27,16,Riverside,Coffee,Cold brew,medium,1,5,5,card,no
ORD-53575,2025-07-28,6,Airport,Coffee,Cold brew,medium,1,5.75,5.75,card,no
ORD-53576,2025-07-28,7,Downtown,Coffee,Americano,small,1,3,3,card,yes
ORD-53577,2025-07-28,8,Riverside,Coffee,Latte,medium,1,4.75,4.75,card,no
ORD-53578,2025-07-28,8,Airport,Coffee,Latte,large,2,6.25,12.5,card,no
ORD-53579,2025-07-28,8,Downtown,Coffee,Americano,large,1,4.25,4.25,mobile,yes
ORD-53580,2025-07-28,10,Riverside,Coffee,Flat white,large,1,5.25,5.25,card,yes
ORD-53581,2025-07-28,11,Downtown,Coffee,Latte,small,1,4.25,4.25,card,yes
ORD-53582,2025-07-28,11,Airport,Coffee,Latte,medium,1,5.5,5.5,mobile,yes
ORD-53583,2025-07-28,11,Airport,Coffee,Cappuccino,large,1,6,6,mobile,no
ORD-53584,2025-07-28,11,Riverside,Coffee,Cappuccino,small,2,4,8,mobile,no
ORD-53585,2025-07-28,13,Downtown,Coffee,Flat white,small,1,4,4,card,no
ORD-53586,2025-07-28,14,Downtown,Tea,Matcha latte,medium,1,5.5,5.5,card,no
ORD-53587,2025-07-28,16,Downtown,Bakery,Cinnamon roll,regular,1,4.5,4.5,mobile,no
ORD-53588,2025-07-28,17,Downtown,Food,Breakfast sandwich,regular,1,8.75,8.75,mobile,no
ORD-53589,2025-07-28,17,Airport,Coffee,Flat white,medium,2,5.25,10.5,mobile,no
ORD-53590,2025-07-28,18,Airport,Food,Breakfast sandwich,regular,1,9.5,9.5,cash,yes
ORD-53591,2025-07-29,7,Downtown,Coffee,Espresso,small,1,2.5,2.5,mobile,no
ORD-53592,2025-07-29,7,Downtown,Coffee,Americano,medium,1,3.5,3.5,mobile,no
ORD-53593,2025-07-29,7,Downtown,Coffee,Latte,large,1,5.5,5.5,card,no
ORD-53594,2025-07-29,8,Riverside,Coffee,Americano,small,2,3,6,card,yes
ORD-53595,2025-07-29,8,Downtown,Coffee,Flat white,large,1,5.25,5.25,card,yes
ORD-53596,2025-07-29,9,Riverside,Coffee,Flat white,large,1,5.25,5.25,card,no
ORD-53597,2025-07-29,9,Downtown,Coffee,Espresso,small,1,2.5,2.5,card,yes
ORD-53598,2025-07-29,9,Airport,Coffee,Cold brew,large,1,6.5,6.5,card,no
ORD-53599,2025-07-29,9,Airport,Coffee,Latte,medium,1,5.5,5.5,card,yes
ORD-53600,2025-07-29,10,Downtown,Coffee,Cappuccino,medium,1,4.5,4.5,card,yes
ORD-53601,2025-07-29,10,Downtown,Bakery,Banana bread,regular,1,4,4,cash,no
ORD-53602,2025-07-29,12,Downtown,Coffee,Americano,large,1,4.25,4.25,card,no
ORD-53603,2025-07-29,13,Airport,Coffee,Cappuccino,large,1,6,6,card,no
ORD-53604,2025-07-29,13,Downtown,Food,Breakfast sandwich,regular,1,8.75,8.75,card,yes
ORD-53605,2025-07-29,14,Downtown,Coffee,Cold brew,medium,1,5,5,card,no
ORD-53606,2025-07-29,14,Riverside,Coffee,Latte,medium,1,4.75,4.75,card,no
ORD-53607,2025-07-29,14,Airport,Food,Granola bowl,regular,1,8.25,8.25,card,yes
ORD-53608,2025-07-29,15,Downtown,Coffee,Cappuccino,medium,1,4.5,4.5,mobile,no
ORD-53609,2025-07-29,16,Airport,Coffee,Latte,small,1,5,5,card,no
ORD-53610,2025-07-29,17,Riverside,Tea,Chai latte,medium,1,4.75,4.75,card,yes
ORD-53611,2025-07-29,17,Downtown,Tea,Earl grey,large,1,4,4,card,no
ORD-53612,2025-07-30,7,Airport,Coffee,Cappuccino,large,1,6,6,card,no
ORD-53613,2025-07-30,8,Riverside,Tea,Matcha latte,medium,1,5.5,5.5,card,no
ORD-53614,2025-07-30,8,Riverside,Coffee,Flat white,medium,1,4.5,4.5,card,yes
ORD-53615,2025-07-30,9,Downtown,Coffee,Flat white,small,1,4,4,card,yes
ORD-53616,2025-07-30,9,Riverside,Food,Breakfast sandwich,regular,2,8.75,17.5,card,yes
ORD-53617,2025-07-30,9,Downtown,Bakery,Croissant,regular,1,3.75,3.75,card,yes
ORD-53618,2025-07-30,12,Downtown,Tea,Matcha latte,medium,3,5.5,16.5,card,no
ORD-53619,2025-07-30,12,Airport,Food,Breakfast sandwich,regular,1,9.5,9.5,card,no
ORD-53620,2025-07-30,14,Downtown,Bakery,Banana bread,regular,2,4,8,card,no
ORD-53621,2025-07-30,14,Downtown,Coffee,Flat white,large,1,5.25,5.25,card,yes
ORD-53622,2025-07-30,14,Airport,Food,Granola bowl,regular,1,8.25,8.25,mobile,no
ORD-53623,2025-07-30,14,Downtown,Food,Breakfast sandwich,regular,1,8.75,8.75,card,no
ORD-53624,2025-07-30,16,Downtown,Coffee,Latte,large,1,5.5,5.5,card,yes
ORD-53625,2025-07-31,7,Riverside,Coffee,Cold brew,small,1,4.5,4.5,card,yes
ORD-53626,2025-07-31,7,Riverside,Coffee,Flat white,large,1,5.25,5.25,card,no
ORD-53627,2025-07-31,7,Downtown,Coffee,Latte,small,2,4.25,8.5,card,yes
ORD-53628,2025-07-31,8,Downtown,Coffee,Flat white,medium,2,4.5,9,card,no
ORD-53629,2025-07-31,8,Downtown,Bakery,Cinnamon roll,regular,1,4.5,4.5,card,no
ORD-53630,2025-07-31,8,Airport,Coffee,Latte,medium,1,5.5,5.5,card,yes
ORD-53631,2025-07-31,8,Downtown,Coffee,Americano,medium,3,3.5,10.5,mobile,no
ORD-53632,2025-07-31,9,Riverside,Coffee,Cold brew,large,2,5.75,11.5,cash,no
ORD-53633,2025-07-31,9,Airport,Coffee,Flat white,medium,1,5.25,5.25,card,no
ORD-53634,2025-07-31,11,Downtown,Coffee,Cold brew,medium,1,5,5,card,no
ORD-53635,2025-07-31,11,Downtown,Tea,Chai latte,large,1,5.5,5.5,card,no
ORD-53636,2025-07-31,11,Downtown,Coffee,Flat white,medium,3,4.5,13.5,card,yes
ORD-53637,2025-07-31,12,Airport,Coffee,Cold brew,medium,1,5.75,5.75,mobile,no
ORD-53638,2025-07-31,12,Downtown,Coffee,Cold brew,small,1,4.5,4.5,card,yes
ORD-53639,2025-07-31,13,Downtown,Coffee,Americano,small,2,3,6,cash,no
ORD-53640,2025-07-31,15,Airport,Coffee,Latte,medium,1,5.5,5.5,cash,no
ORD-53641,2025-07-31,15,Downtown,Coffee,Flat white,medium,3,4.5,13.5,card,no
ORD-53642,2025-07-31,18,Downtown,Tea,Earl grey,small,1,2.75,2.75,card,no
ORD-53643,2025-08-01,6,Riverside,Coffee,Latte,large,1,5.5,5.5,mobile,no
ORD-53644,2025-08-01,7,Airport,Bakery,Cinnamon roll,regular,1,5.25,5.25,mobile,no
ORD-53645,2025-08-01,7,Riverside,Coffee,Americano,large,1,4.25,4.25,card,no
ORD-53646,2025-08-01,8,Airport,Bakery,Croissant,regular,1,4.5,4.5,card,no
ORD-53647,2025-08-01,8,Downtown,Bakery,Cinnamon roll,regular,1,4.5,4.5,card,yes
ORD-53648,2025-08-01,9,Airport,Coffee,Cold brew,small,3,5.25,15.75,card,no
ORD-53649,2025-08-01,9,Downtown,Bakery,Cinnamon roll,regular,1,4.5,4.5,card,no
ORD-53650,2025-08-01,9,Downtown,Food,Breakfast sandwich,regular,3,8.75,26.25,card,no
ORD-53651,2025-08-01,9,Riverside,Food,Breakfast sandwich,regular,1,8.75,8.75,card,no
ORD-53652,2025-08-01,10,Downtown,Food,Breakfast sandwich,regular,1,8.75,8.75,card,no
ORD-53653,2025-08-01,10,Riverside,Bakery,Croissant,regular,1,3.75,3.75,card,no
ORD-53654,2025-08-01,11,Riverside,Coffee,Americano,medium,1,3.5,3.5,card,yes
ORD-53655,2025-08-01,12,Airport,Coffee,Cold brew,medium,3,5.75,17.25,card,yes
ORD-53656,2025-08-01,12,Downtown,Coffee,Flat white,medium,2,4.5,9,mobile,no
ORD-53657,2025-08-01,13,Airport,Coffee,Flat white,small,1,4.75,4.75,card,yes
ORD-53658,2025-08-01,14,Downtown,Coffee,Flat white,medium,2,4.5,9,card,no
ORD-53659,2025-08-01,17,Riverside,Bakery,Croissant,regular,2,3.75,7.5,cash,yes
ORD-53660,2025-08-01,17,Airport,Food,Avocado toast,regular,1,10.25,10.25,card,yes
ORD-53661,2025-08-02,6,Riverside,Coffee,Cappuccino,medium,1,4.5,4.5,card,yes
ORD-53662,2025-08-02,6,Downtown,Coffee,Latte,medium,1,4.75,4.75,card,no
ORD-53663,2025-08-02,7,Downtown,Coffee,Cold brew,large,1,5.75,5.75,card,no
ORD-53664,2025-08-02,8,Airport,Food,Granola bowl,regular,1,8.25,8.25,card,yes
ORD-53665,2025-08-02,8,Downtown,Coffee,Americano,medium,1,3.5,3.5,card,yes
ORD-53666,2025-08-02,9,Downtown,Coffee,Americano,medium,1,3.5,3.5,mobile,no
ORD-53667,2025-08-02,9,Riverside,Tea,Chai latte,medium,1,4.75,4.75,card,yes
ORD-53668,2025-08-02,9,Downtown,Coffee,Cold brew,medium,2,5,10,card,yes
ORD-53669,2025-08-02,9,Downtown,Coffee,Cold brew,medium,1,5,5,mobile,no
ORD-53670,2025-08-02,9,Airport,Coffee,Americano,large,1,5,5,mobile,no
ORD-53671,2025-08-02,9,Downtown,Coffee,Cappuccino,large,1,5.25,5.25,mobile,yes
ORD-53672,2025-08-02,10,Airport,Food,Breakfast sandwich,regular,2,9.5,19,card,yes
ORD-53673,2025-08-02,11,Downtown,Food,Granola bowl,regular,2,7.5,15,card,no
ORD-53674,2025-08-02,11,Downtown,Bakery,Croissant,regular,2,3.75,7.5,card,yes
ORD-53675,2025-08-02,11,Riverside,Tea,Chai latte,small,1,4.25,4.25,card,no
ORD-53676,2025-08-02,12,Airport,Food,Breakfast sandwich,regular,1,9.5,9.5,cash,yes
ORD-53677,2025-08-02,12,Airport,Coffee,Latte,small,1,5,5,card,no
ORD-53678,2025-08-02,12,Airport,Food,Avocado toast,regular,1,10.25,10.25,card,no
ORD-53679,2025-08-02,13,Riverside,Coffee,Latte,medium,1,4.75,4.75,card,yes
ORD-53680,2025-08-02,13,Airport,Coffee,Cold brew,large,3,6.5,19.5,card,no
ORD-53681,2025-08-02,14,Downtown,Coffee,Espresso,medium,1,3,3,card,no
ORD-53682,2025-08-02,14,Downtown,Bakery,Banana bread,regular,1,4,4,card,no
ORD-53683,2025-08-02,15,Downtown,Tea,Matcha latte,small,1,5,5,mobile,no
ORD-53684,2025-08-02,17,Airport,Coffee,Americano,small,1,3.75,3.75,card,yes
ORD-53685,2025-08-02,18,Downtown,Coffee,Cold brew,small,1,4.5,4.5,mobile,yes
ORD-53686,2025-08-03,6,Riverside,Bakery,Banana bread,regular,1,4,4,mobile,no
ORD-53687,2025-08-03,6,Airport,Food,Granola bowl,regular,1,8.25,8.25,card,no
ORD-53688,2025-08-03,6,Riverside,Coffee,Espresso,medium,1,3,3,card,no
ORD-53689,2025-08-03,7,Airport,Coffee,Cold brew,large,1,6.5,6.5,card,no
ORD-53690,2025-08-03,7,Riverside,Coffee,Latte,medium,1,4.75,4.75,mobile,no
ORD-53691,2025-08-03,8,Downtown,Coffee,Cappuccino,small,1,4,4,cash,yes
ORD-53692,2025-08-03,8,Downtown,Coffee,Flat white,small,1,4,4,card,yes
ORD-53693,2025-08-03,8,Airport,Coffee,Espresso,small,1,3.25,3.25,mobile,no
ORD-53694,2025-08-03,8,Airport,Coffee,Cappuccino,medium,1,5.25,5.25,card,no
ORD-53695,2025-08-03,9,Downtown,Coffee,Latte,medium,2,4.75,9.5,card,no
ORD-53696,2025-08-03,9,Riverside,Coffee,Cappuccino,small,1,4,4,card,yes
ORD-53697,2025-08-03,10,Riverside,Bakery,Cinnamon roll,regular,1,4.5,4.5,cash,no
ORD-53698,2025-08-03,10,Downtown,Food,Breakfast sandwich,regular,2,8.75,17.5,card,no
ORD-53699,2025-08-03,10,Downtown,Coffee,Cappuccino,medium,1,4.5,4.5,card,no
ORD-53700,2025-08-03,11,Downtown,Tea,Chai latte,medium,2,4.75,9.5,mobile,yes
ORD-53701,2025-08-03,12,Riverside,Coffee,Latte,medium,1,4.75,4.75,card,yes
ORD-53702,2025-08-03,13,Downtown,Coffee,Latte,medium,1,4.75,4.75,mobile,yes
ORD-53703,2025-08-03,13,Airport,Coffee,Latte,medium,1,5.5,5.5,card,no
ORD-53704,2025-08-03,13,Riverside,Food,Granola bowl,regular,1,7.5,7.5,mobile,no
ORD-53705,2025-08-03,13,Riverside,Coffee,Americano,large,2,4.25,8.5,mobile,no
ORD-53706,2025-08-03,14,Downtown,Bakery,Cinnamon roll,regular,1,4.5,4.5,mobile,no
ORD-53707,2025-08-03,15,Riverside,Coffee,Flat white,large,1,5.25,5.25,card,no
ORD-53708,2025-08-03,16,Downtown,Coffee,Cold brew,small,1,4.5,4.5,mobile,no
ORD-53709,2025-08-03,17,Riverside,Tea,Earl grey,medium,1,3.25,3.25,cash,no
ORD-53710,2025-08-04,6,Downtown,Bakery,Banana bread,regular,1,4,4,mobile,no
ORD-53711,2025-08-04,7,Riverside,Food,Avocado toast,regular,1,9.5,9.5,card,yes
ORD-53712,2025-08-04,7,Downtown,Coffee,Flat white,medium,1,4.5,4.5,mobile,no
ORD-53713,2025-08-04,7,Riverside,Coffee,Cold brew,medium,1,5,5,card,no
ORD-53714,2025-08-04,8,Downtown,Tea,Matcha latte,small,1,5,5,card,yes
ORD-53715,2025-08-04,8,Riverside,Tea,Chai latte,medium,1,4.75,4.75,card,yes
ORD-53716,2025-08-04,9,Airport,Coffee,Espresso,large,1,4.5,4.5,card,yes
ORD-53717,2025-08-04,10,Riverside,Coffee,Latte,small,1,4.25,4.25,card,yes
ORD-53718,2025-08-04,10,Downtown,Bakery,Croissant,regular,1,3.75,3.75,card,no
ORD-53719,2025-08-04,11,Downtown,Food,Avocado toast,regular,1,9.5,9.5,card,yes
ORD-53720,2025-08-04,12,Airport,Tea,Matcha latte,medium,1,6.25,6.25,cash,yes
ORD-53721,2025-08-04,12,Downtown,Coffee,Flat white,medium,1,4.5,4.5,card,no
ORD-53722,2025-08-04,13,Airport,Coffee,Latte,small,1,5,5,card,no
ORD-53723,2025-08-04,13,Riverside,Coffee,Flat white,small,1,4,4,card,no
ORD-53724,2025-08-04,13,Airport,Food,Breakfast sandwich,regular,1,9.5,9.5,card,no
ORD-53725,2025-08-04,13,Downtown,Coffee,Cappuccino,small,2,4,8,mobile,yes
ORD-53726,2025-08-04,13,Downtown,Food,Avocado toast,regular,2,9.5,19,card,yes
ORD-53727,2025-08-04,14,Riverside,Coffee,Americano,medium,1,3.5,3.5,card,yes
ORD-53728,2025-08-04,17,Downtown,Food,Breakfast sandwich,regular,1,8.75,8.75,card,no
ORD-53729,2025-08-05,6,Downtown,Coffee,Cappuccino,medium,1,4.5,4.5,card,yes
ORD-53730,2025-08-05,7,Airport,Coffee,Cold brew,large,1,6.5,6.5,card,no
ORD-53731,2025-08-05,9,Riverside,Coffee,Espresso,medium,1,3,3,card,yes
ORD-53732,2025-08-05,9,Downtown,Coffee,Cold brew,medium,2,5,10,mobile,no
ORD-53733,2025-08-05,10,Riverside,Coffee,Flat white,large,1,5.25,5.25,mobile,no
ORD-53734,2025-08-05,11,Riverside,Coffee,Flat white,medium,1,4.5,4.5,card,no
ORD-53735,2025-08-05,11,Downtown,Coffee,Flat white,small,1,4,4,card,no
ORD-53736,2025-08-05,11,Downtown,Coffee,Americano,small,1,3,3,mobile,no
ORD-53737,2025-08-05,11,Downtown,Coffee,Latte,medium,1,4.75,4.75,cash,no
ORD-53738,2025-08-05,11,Airport,Coffee,Latte,medium,1,5.5,5.5,card,yes
ORD-53739,2025-08-05,15,Airport,Coffee,Cappuccino,medium,1,5.25,5.25,card,no
ORD-53740,2025-08-05,16,Downtown,Coffee,Flat white,large,1,5.25,5.25,card,yes
ORD-53741,2025-08-06,6,Airport,Coffee,Espresso,small,1,3.25,3.25,card,yes
ORD-53742,2025-08-06,7,Riverside,Coffee,Latte,small,1,4.25,4.25,card,yes
ORD-53743,2025-08-06,7,Airport,Coffee,Cappuccino,small,2,4.75,9.5,card,no
ORD-53744,2025-08-06,7,Riverside,Coffee,Flat white,large,1,5.25,5.25,cash,no
ORD-53745,2025-08-06,8,Downtown,Bakery,Banana bread,regular,1,4,4,cash,no
ORD-53746,2025-08-06,8,Riverside,Coffee,Cold brew,large,1,5.75,5.75,card,yes
ORD-53747,2025-08-06,8,Riverside,Food,Breakfast sandwich,regular,1,8.75,8.75,card,no
ORD-53748,2025-08-06,9,Airport,Tea,Matcha latte,large,1,7,7,mobile,no
ORD-53749,2025-08-06,10,Riverside,Coffee,Cold brew,large,1,5.75,5.75,card,yes
ORD-53750,2025-08-06,11,Downtown,Coffee,Latte,medium,1,4.75,4.75,card,no
ORD-53751,2025-08-06,11,Downtown,Food,Granola bowl,regular,1,7.5,7.5,mobile,no
ORD-53752,2025-08-06,11,Airport,Coffee,Americano,small,1,3.75,3.75,mobile,no
ORD-53753,2025-08-06,11,Downtown,Coffee,Espresso,medium,1,3,3,card,no
ORD-53754,2025-08-06,12,Downtown,Coffee,Cold brew,small,1,4.5,4.5,mobile,no
ORD-53755,2025-08-06,12,Airport,Food,Breakfast sandwich,regular,1,9.5,9.5,card,no
ORD-53756,2025-08-06,13,Downtown,Coffee,Espresso,large,1,3.75,3.75,cash,no
ORD-53757,2025-08-06,13,Downtown,Coffee,Americano,medium,1,3.5,3.5,mobile,yes
ORD-53758,2025-08-06,13,Airport,Food,Breakfast sandwich,regular,1,9.5,9.5,card,no
ORD-53759,2025-08-06,14,Airport,Coffee,Flat white,large,1,6,6,card,no
ORD-53760,2025-08-06,14,Riverside,Coffee,Cappuccino,large,1,5.25,5.25,mobile,no
ORD-53761,2025-08-06,14,Airport,Bakery,Croissant,regular,1,4.5,4.5,card,no
ORD-53762,2025-08-06,15,Downtown,Coffee,Latte,medium,1,4.75,4.75,card,no
ORD-53763,2025-08-07,6,Airport,Coffee,Cappuccino,small,1,4.75,4.75,card,no
ORD-53764,2025-08-07,7,Riverside,Bakery,Banana bread,regular,1,4,4,mobile,no
ORD-53765,2025-08-07,7,Riverside,Coffee,Cold brew,large,2,5.75,11.5,mobile,yes
ORD-53766,2025-08-07,8,Riverside,Coffee,Latte,medium,1,4.75,4.75,card,no
ORD-53767,2025-08-07,9,Riverside,Bakery,Cinnamon roll,regular,1,4.5,4.5,card,yes
ORD-53768,2025-08-07,9,Riverside,Coffee,Americano,medium,1,3.5,3.5,card,yes
ORD-53769,2025-08-07,10,Riverside,Coffee,Espresso,large,1,3.75,3.75,cash,no
ORD-53770,2025-08-07,10,Downtown,Coffee,Latte,medium,1,4.75,4.75,card,yes
ORD-53771,2025-08-07,10,Airport,Coffee,Cold brew,medium,1,5.75,5.75,mobile,yes
ORD-53772,2025-08-07,10,Riverside,Bakery,Croissant,regular,1,3.75,3.75,mobile,no
ORD-53773,2025-08-07,10,Downtown,Bakery,Croissant,regular,1,3.75,3.75,card,no
ORD-53774,2025-08-07,11,Downtown,Bakery,Croissant,regular,1,3.75,3.75,card,yes
ORD-53775,2025-08-07,11,Downtown,Coffee,Cold brew,large,1,5.75,5.75,card,no
ORD-53776,2025-08-07,12,Riverside,Coffee,Latte,medium,2,4.75,9.5,card,no
ORD-53777,2025-08-07,13,Riverside,Food,Avocado toast,regular,1,9.5,9.5,card,no
ORD-53778,2025-08-07,13,Riverside,Coffee,Cappuccino,large,1,5.25,5.25,mobile,yes
ORD-53779,2025-08-07,13,Downtown,Food,Avocado toast,regular,1,9.5,9.5,card,no
ORD-53780,2025-08-07,15,Riverside,Coffee,Flat white,medium,1,4.5,4.5,mobile,yes
ORD-53781,2025-08-07,15,Downtown,Coffee,Flat white,medium,1,4.5,4.5,card,yes
ORD-53782,2025-08-07,15,Downtown,Tea,Earl grey,large,1,4,4,card,no
ORD-53783,2025-08-07,15,Downtown,Bakery,Cinnamon roll,regular,1,4.5,4.5,mobile,no
ORD-53784,2025-08-07,15,Downtown,Food,Avocado toast,regular,1,9.5,9.5,mobile,yes
ORD-53785,2025-08-07,17,Airport,Coffee,Americano,medium,1,4.25,4.25,card,no
ORD-53786,2025-08-07,17,Downtown,Coffee,Cappuccino,large,1,5.25,5.25,card,yes
ORD-53787,2025-08-08,7,Airport,Bakery,Croissant,regular,1,4.5,4.5,card,no
ORD-53788,2025-08-08,7,Riverside,Bakery,Croissant,regular,1,3.75,3.75,card,no
ORD-53789,2025-08-08,8,Downtown,Coffee,Flat white,large,2,5.25,10.5,card,yes
ORD-53790,2025-08-08,8,Riverside,Coffee,Flat white,small,1,4,4,card,no
ORD-53791,2025-08-08,8,Riverside,Food,Breakfast sandwich,regular,1,8.75,8.75,mobile,no
ORD-53792,2025-08-08,8,Airport,Bakery,Croissant,regular,1,4.5,4.5,cash,no
ORD-53793,2025-08-08,8,Riverside,Coffee,Americano,medium,4,3.5,14,mobile,yes
ORD-53794,2025-08-08,8,Airport,Coffee,Cold brew,medium,1,5.75,5.75,card,yes
ORD-53795,2025-08-08,8,Airport,Bakery,Banana bread,regular,2,4.75,9.5,card,no
ORD-53796,2025-08-08,9,Downtown,Coffee,Espresso,medium,1,3,3,mobile,no
ORD-53797,2025-08-08,9,Airport,Bakery,Banana bread,regular,1,4.75,4.75,mobile,yes
ORD-53798,2025-08-08,9,Riverside,Food,Breakfast sandwich,regular,1,8.75,8.75,card,no
ORD-53799,2025-08-08,9,Downtown,Food,Granola bowl,regular,1,7.5,7.5,mobile,yes
ORD-53800,2025-08-08,9,Riverside,Coffee,Americano,large,1,4.25,4.25,card,yes
ORD-53801,2025-08-08,9,Downtown,Bakery,Croissant,regular,1,3.75,3.75,card,yes
ORD-53802,2025-08-08,10,Riverside,Coffee,Cappuccino,medium,1,4.5,4.5,card,no
ORD-53803,2025-08-08,10,Downtown,Tea,Chai latte,medium,1,4.75,4.75,card,no
ORD-53804,2025-08-08,10,Riverside,Coffee,Americano,medium,3,3.5,10.5,card,no
ORD-53805,2025-08-08,10,Riverside,Tea,Chai latte,large,1,5.5,5.5,mobile,no
ORD-53806,2025-08-08,10,Downtown,Coffee,Espresso,small,1,2.5,2.5,mobile,no
ORD-53807,2025-08-08,11,Downtown,Food,Granola bowl,regular,2,7.5,15,card,no
ORD-53808,2025-08-08,11,Downtown,Tea,Chai latte,large,1,5.5,5.5,cash,yes
ORD-53809,2025-08-08,11,Downtown,Coffee,Latte,medium,1,4.75,4.75,mobile,yes
ORD-53810,2025-08-08,12,Airport,Food,Avocado toast,regular,1,10.25,10.25,card,yes
ORD-53811,2025-08-08,12,Airport,Coffee,Cappuccino,large,1,6,6,card,no
ORD-53812,2025-08-08,12,Airport,Coffee,Cappuccino,medium,1,5.25,5.25,mobile,yes
ORD-53813,2025-08-08,13,Downtown,Bakery,Cinnamon roll,regular,1,4.5,4.5,card,yes
ORD-53814,2025-08-08,13,Riverside,Coffee,Americano,small,1,3,3,mobile,no
ORD-53815,2025-08-08,13,Airport,Coffee,Latte,large,1,6.25,6.25,card,yes
ORD-53816,2025-08-08,13,Riverside,Food,Breakfast sandwich,regular,1,8.75,8.75,card,yes
ORD-53817,2025-08-08,13,Airport,Bakery,Croissant,regular,1,4.5,4.5,card,no
ORD-53818,2025-08-08,13,Airport,Food,Avocado toast,regular,2,10.25,20.5,mobile,no
ORD-53819,2025-08-08,14,Downtown,Coffee,Cold brew,medium,1,5,5,card,yes
ORD-53820,2025-08-08,16,Downtown,Bakery,Cinnamon roll,regular,1,4.5,4.5,mobile,no
ORD-53821,2025-08-08,17,Riverside,Food,Granola bowl,regular,2,7.5,15,card,yes
ORD-53822,2025-08-09,6,Airport,Tea,Chai latte,medium,2,5.5,11,card,yes
ORD-53823,2025-08-09,7,Downtown,Coffee,Americano,small,1,3,3,card,yes
ORD-53824,2025-08-09,8,Airport,Coffee,Espresso,small,1,3.25,3.25,card,yes
ORD-53825,2025-08-09,8,Airport,Bakery,Cinnamon roll,regular,2,5.25,10.5,card,no
ORD-53826,2025-08-09,8,Downtown,Tea,Matcha latte,large,1,6.25,6.25,card,yes
ORD-53827,2025-08-09,11,Airport,Coffee,Latte,medium,1,5.5,5.5,card,no
ORD-53828,2025-08-09,12,Downtown,Food,Avocado toast,regular,2,9.5,19,mobile,yes
ORD-53829,2025-08-09,12,Riverside,Tea,Earl grey,large,1,4,4,card,yes
ORD-53830,2025-08-09,13,Airport,Food,Avocado toast,regular,1,10.25,10.25,mobile,yes
ORD-53831,2025-08-09,14,Downtown,Coffee,Flat white,medium,1,4.5,4.5,card,no
ORD-53832,2025-08-09,15,Downtown,Tea,Earl grey,medium,1,3.25,3.25,mobile,no
ORD-53833,2025-08-09,16,Downtown,Coffee,Cold brew,small,1,4.5,4.5,card,yes
ORD-53834,2025-08-09,16,Riverside,Tea,Matcha latte,small,1,5,5,mobile,no
ORD-53835,2025-08-09,17,Airport,Bakery,Cinnamon roll,regular,1,5.25,5.25,card,no
ORD-53836,2025-08-09,17,Airport,Coffee,Flat white,small,2,4.75,9.5,card,no
ORD-53837,2025-08-10,6,Downtown,Bakery,Croissant,regular,1,3.75,3.75,card,yes
ORD-53838,2025-08-10,7,Riverside,Coffee,Latte,large,1,5.5,5.5,card,no
ORD-53839,2025-08-10,8,Riverside,Coffee,Cappuccino,large,2,5.25,10.5,card,no
ORD-53840,2025-08-10,8,Downtown,Coffee,Latte,small,1,4.25,4.25,mobile,yes
ORD-53841,2025-08-10,9,Riverside,Tea,Matcha latte,medium,1,5.5,5.5,card,no
ORD-53842,2025-08-10,9,Airport,Food,Granola bowl,regular,1,8.25,8.25,card,yes
ORD-53843,2025-08-10,10,Riverside,Coffee,Latte,large,1,5.5,5.5,mobile,no
ORD-53844,2025-08-10,10,Riverside,Coffee,Latte,small,2,4.25,8.5,mobile,no
ORD-53845,2025-08-10,10,Riverside,Food,Granola bowl,regular,1,7.5,7.5,card,no
ORD-53846,2025-08-10,12,Riverside,Coffee,Latte,large,1,5.5,5.5,card,no
ORD-53847,2025-08-10,13,Riverside,Coffee,Cappuccino,medium,1,4.5,4.5,card,yes
ORD-53848,2025-08-10,13,Downtown,Coffee,Cappuccino,medium,2,4.5,9,card,no
ORD-53849,2025-08-10,13,Airport,Food,Breakfast sandwich,regular,1,9.5,9.5,card,yes
ORD-53850,2025-08-10,13,Airport,Coffee,Latte,large,2,6.25,12.5,mobile,no
ORD-53851,2025-08-10,14,Riverside,Coffee,Latte,small,2,4.25,8.5,mobile,no
ORD-53852,2025-08-10,14,Downtown,Coffee,Latte,large,2,5.5,11,mobile,yes
ORD-53853,2025-08-10,15,Airport,Tea,Chai latte,small,1,5,5,card,no
ORD-53854,2025-08-10,17,Downtown,Tea,Chai latte,medium,2,4.75,9.5,card,no
ORD-53855,2025-08-11,7,Airport,Bakery,Banana bread,regular,1,4.75,4.75,card,no
ORD-53856,2025-08-11,7,Riverside,Coffee,Espresso,small,1,2.5,2.5,card,no
ORD-53857,2025-08-11,7,Downtown,Coffee,Latte,medium,2,4.75,9.5,card,no
ORD-53858,2025-08-11,7,Downtown,Coffee,Espresso,medium,1,3,3,mobile,yes
ORD-53859,2025-08-11,8,Riverside,Coffee,Americano,medium,1,3.5,3.5,cash,no
ORD-53860,2025-08-11,8,Riverside,Coffee,Cappuccino,medium,2,4.5,9,card,no
ORD-53861,2025-08-11,8,Airport,Coffee,Cappuccino,medium,1,5.25,5.25,card,no
ORD-53862,2025-08-11,9,Airport,Coffee,Latte,large,2,6.25,12.5,mobile,yes
ORD-53863,2025-08-11,9,Downtown,Bakery,Croissant,regular,2,3.75,7.5,mobile,no
ORD-53864,2025-08-11,10,Riverside,Food,Avocado toast,regular,2,9.5,19,card,yes
ORD-53865,2025-08-11,10,Riverside,Bakery,Banana bread,regular,1,4,4,card,no
ORD-53866,2025-08-11,10,Airport,Coffee,Espresso,small,1,3.25,3.25,mobile,no
ORD-53867,2025-08-11,11,Downtown,Food,Granola bowl,regular,1,7.5,7.5,mobile,no
ORD-53868,2025-08-11,11,Riverside,Coffee,Cold brew,small,1,4.5,4.5,card,no
ORD-53869,2025-08-11,12,Downtown,Coffee,Latte,medium,1,4.75,4.75,cash,no
ORD-53870,2025-08-11,13,Downtown,Tea,Chai latte,medium,1,4.75,4.75,mobile,yes
ORD-53871,2025-08-11,15,Airport,Tea,Matcha latte,medium,2,6.25,12.5,mobile,no
ORD-53872,2025-08-11,15,Riverside,Coffee,Americano,small,1,3,3,card,no
ORD-53873,2025-08-11,16,Downtown,Coffee,Latte,small,2,4.25,8.5,card,yes
ORD-53874,2025-08-12,6,Riverside,Coffee,Latte,small,2,4.25,8.5,card,yes
ORD-53875,2025-08-12,7,Riverside,Coffee,Latte,small,1,4.25,4.25,card,no
ORD-53876,2025-08-12,7,Airport,Food,Avocado toast,regular,1,10.25,10.25,cash,yes
ORD-53877,2025-08-12,7,Downtown,Coffee,Cappuccino,medium,1,4.5,4.5,card,no
ORD-53878,2025-08-12,8,Downtown,Bakery,Cinnamon roll,regular,1,4.5,4.5,card,yes
ORD-53879,2025-08-12,8,Downtown,Coffee,Cappuccino,small,1,4,4,mobile,no
ORD-53880,2025-08-12,8,Riverside,Food,Avocado toast,regular,2,9.5,19,card,no
ORD-53881,2025-08-12,8,Downtown,Coffee,Cappuccino,small,1,4,4,card,no
ORD-53882,2025-08-12,9,Downtown,Tea,Chai latte,medium,1,4.75,4.75,card,no
ORD-53883,2025-08-12,10,Downtown,Food,Breakfast sandwich,regular,1,8.75,8.75,card,no
ORD-53884,2025-08-12,10,Riverside,Food,Breakfast sandwich,regular,1,8.75,8.75,mobile,yes
ORD-53885,2025-08-12,10,Downtown,Bakery,Banana bread,regular,1,4,4,card,no
ORD-53886,2025-08-12,11,Riverside,Coffee,Cappuccino,medium,1,4.5,4.5,card,no
ORD-53887,2025-08-12,11,Downtown,Food,Breakfast sandwich,regular,1,8.75,8.75,cash,no
ORD-53888,2025-08-12,12,Airport,Coffee,Flat white,small,1,4.75,4.75,card,no
ORD-53889,2025-08-12,13,Downtown,Coffee,Americano,medium,1,3.5,3.5,mobile,no
ORD-53890,2025-08-12,13,Airport,Food,Avocado toast,regular,1,10.25,10.25,card,no
ORD-53891,2025-08-12,13,Riverside,Food,Granola bowl,regular,2,7.5,15,card,yes
ORD-53892,2025-08-12,14,Riverside,Tea,Earl grey,large,1,4,4,card,no
ORD-53893,2025-08-12,14,Airport,Coffee,Espresso,medium,1,3.75,3.75,card,yes
ORD-53894,2025-08-12,15,Riverside,Coffee,Latte,medium,1,4.75,4.75,card,yes
ORD-53895,2025-08-12,15,Downtown,Coffee,Latte,small,1,4.25,4.25,card,no
ORD-53896,2025-08-12,16,Riverside,Coffee,Cold brew,medium,1,5,5,card,no
ORD-53897,2025-08-12,16,Airport,Coffee,Cappuccino,medium,1,5.25,5.25,mobile,no
ORD-53898,2025-08-12,17,Riverside,Coffee,Americano,medium,1,3.5,3.5,mobile,no
ORD-53899,2025-08-13,6,Airport,Bakery,Banana bread,regular,1,4.75,4.75,card,no
ORD-53900,2025-08-13,7,Downtown,Tea,Earl grey,medium,3,3.25,9.75,mobile,yes
ORD-53901,2025-08-13,7,Downtown,Coffee,Latte,large,1,5.5,5.5,card,yes
ORD-53902,2025-08-13,7,Downtown,Coffee,Flat white,medium,1,4.5,4.5,card,no
ORD-53903,2025-08-13,7,Downtown,Coffee,Cold brew,medium,1,5,5,card,yes
ORD-53904,2025-08-13,8,Airport,Food,Breakfast sandwich,regular,1,9.5,9.5,cash,yes
ORD-53905,2025-08-13,9,Riverside,Coffee,Latte,small,2,4.25,8.5,card,no
ORD-53906,2025-08-13,9,Downtown,Coffee,Cappuccino,large,1,5.25,5.25,cash,yes
ORD-53907,2025-08-13,9,Downtown,Coffee,Latte,small,1,4.25,4.25,card,yes
ORD-53908,2025-08-13,9,Downtown,Coffee,Latte,medium,2,4.75,9.5,mobile,yes
ORD-53909,2025-08-13,10,Riverside,Food,Breakfast sandwich,regular,1,8.75,8.75,card,yes
ORD-53910,2025-08-13,10,Riverside,Bakery,Banana bread,regular,2,4,8,card,yes
ORD-53911,2025-08-13,10,Downtown,Coffee,Americano,medium,1,3.5,3.5,mobile,no
ORD-53912,2025-08-13,11,Airport,Food,Avocado toast,regular,1,10.25,10.25,card,yes
ORD-53913,2025-08-13,11,Downtown,Bakery,Croissant,regular,1,3.75,3.75,card,no
ORD-53914,2025-08-13,12,Riverside,Coffee,Flat white,large,1,5.25,5.25,card,yes
ORD-53915,2025-08-13,12,Downtown,Coffee,Latte,medium,1,4.75,4.75,card,yes
ORD-53916,2025-08-13,13,Airport,Food,Avocado toast,regular,2,10.25,20.5,mobile,yes
ORD-53917,2025-08-13,14,Riverside,Coffee,Latte,medium,1,4.75,4.75,mobile,no
ORD-53918,2025-08-13,14,Riverside,Coffee,Cold brew,medium,1,5,5,card,no
ORD-53919,2025-08-13,14,Downtown,Bakery,Cinnamon roll,regular,1,4.5,4.5,card,no
ORD-53920,2025-08-13,14,Airport,Coffee,Cold brew,medium,1,5.75,5.75,card,no
ORD-53921,2025-08-13,15,Riverside,Bakery,Croissant,regular,1,3.75,3.75,mobile,no
ORD-53922,2025-08-13,17,Downtown,Coffee,Latte,small,1,4.25,4.25,mobile,no
ORD-53923,2025-08-14,7,Airport,Bakery,Cinnamon roll,regular,2,5.25,10.5,card,no
ORD-53924,2025-08-14,7,Downtown,Coffee,Cappuccino,medium,1,4.5,4.5,card,yes
ORD-53925,2025-08-14,8,Riverside,Bakery,Croissant,regular,1,3.75,3.75,card,yes
ORD-53926,2025-08-14,8,Riverside,Coffee,Latte,medium,1,4.75,4.75,card,yes
ORD-53927,2025-08-14,9,Riverside,Coffee,Espresso,medium,1,3,3,mobile,no
ORD-53928,2025-08-14,10,Riverside,Coffee,Cappuccino,small,2,4,8,card,yes
ORD-53929,2025-08-14,11,Downtown,Coffee,Cappuccino,small,1,4,4,mobile,no
ORD-53930,2025-08-14,11,Riverside,Coffee,Cappuccino,large,1,5.25,5.25,card,no
ORD-53931,2025-08-14,11,Downtown,Coffee,Americano,medium,1,3.5,3.5,card,yes
ORD-53932,2025-08-14,11,Downtown,Coffee,Cappuccino,medium,1,4.5,4.5,mobile,yes
ORD-53933,2025-08-14,11,Airport,Coffee,Cappuccino,small,1,4.75,4.75,card,yes
ORD-53934,2025-08-14,11,Riverside,Coffee,Latte,large,1,5.5,5.5,mobile,no
ORD-53935,2025-08-14,12,Airport,Bakery,Croissant,regular,1,4.5,4.5,card,no
ORD-53936,2025-08-14,13,Airport,Coffee,Cappuccino,small,2,4.75,9.5,mobile,yes
ORD-53937,2025-08-14,13,Downtown,Bakery,Croissant,regular,1,3.75,3.75,card,no
ORD-53938,2025-08-14,13,Downtown,Coffee,Cappuccino,medium,1,4.5,4.5,cash,no
ORD-53939,2025-08-14,13,Downtown,Tea,Matcha latte,small,1,5,5,cash,no
ORD-53940,2025-08-14,13,Downtown,Tea,Chai latte,medium,1,4.75,4.75,card,yes
ORD-53941,2025-08-14,13,Downtown,Coffee,Flat white,small,1,4,4,mobile,yes
ORD-53942,2025-08-14,14,Airport,Tea,Matcha latte,small,1,5.75,5.75,card,yes
ORD-53943,2025-08-14,14,Downtown,Bakery,Croissant,regular,1,3.75,3.75,card,no
ORD-53944,2025-08-14,14,Airport,Tea,Matcha latte,medium,2,6.25,12.5,card,no
ORD-53945,2025-08-14,14,Downtown,Bakery,Banana bread,regular,3,4,12,card,yes
ORD-53946,2025-08-14,15,Airport,Bakery,Croissant,regular,1,4.5,4.5,card,yes
ORD-53947,2025-08-14,15,Riverside,Coffee,Espresso,medium,1,3,3,card,no
ORD-53948,2025-08-14,15,Riverside,Tea,Chai latte,medium,1,4.75,4.75,mobile,no
ORD-53949,2025-08-14,16,Downtown,Bakery,Croissant,regular,1,3.75,3.75,card,yes
ORD-53950,2025-08-14,16,Downtown,Coffee,Americano,medium,2,3.5,7,card,no
ORD-53951,2025-08-15,6,Riverside,Coffee,Cappuccino,large,1,5.25,5.25,card,no
ORD-53952,2025-08-15,7,Riverside,Coffee,Flat white,small,1,4,4,mobile,no
ORD-53953,2025-08-15,7,Airport,Coffee,Latte,large,1,6.25,6.25,mobile,no
ORD-53954,2025-08-15,8,Riverside,Coffee,Americano,large,1,4.25,4.25,card,no
ORD-53955,2025-08-15,8,Downtown,Coffee,Latte,medium,1,4.75,4.75,card,no
ORD-53956,2025-08-15,9,Airport,Coffee,Americano,small,2,3.75,7.5,card,no
ORD-53957,2025-08-15,9,Downtown,Coffee,Cappuccino,large,1,5.25,5.25,mobile,no
ORD-53958,2025-08-15,9,Downtown,Tea,Matcha latte,small,1,5,5,mobile,yes
ORD-53959,2025-08-15,10,Riverside,Coffee,Latte,large,1,5.5,5.5,cash,yes
ORD-53960,2025-08-15,10,Riverside,Bakery,Cinnamon roll,regular,1,4.5,4.5,mobile,no
ORD-53961,2025-08-15,11,Downtown,Coffee,Latte,small,1,4.25,4.25,card,no
ORD-53962,2025-08-15,13,Downtown,Food,Granola bowl,regular,1,7.5,7.5,card,yes
ORD-53963,2025-08-15,13,Downtown,Bakery,Banana bread,regular,3,4,12,mobile,no
ORD-53964,2025-08-15,13,Airport,Coffee,Cappuccino,large,1,6,6,cash,no
ORD-53965,2025-08-15,13,Downtown,Coffee,Americano,medium,1,3.5,3.5,cash,yes
ORD-53966,2025-08-15,14,Riverside,Coffee,Latte,medium,1,4.75,4.75,card,no
ORD-53967,2025-08-15,15,Riverside,Food,Granola bowl,regular,1,7.5,7.5,card,no
ORD-53968,2025-08-15,15,Riverside,Food,Breakfast sandwich,regular,1,8.75,8.75,mobile,yes
ORD-53969,2025-08-15,15,Riverside,Tea,Matcha latte,small,1,5,5,card,no
ORD-53970,2025-08-15,18,Riverside,Bakery,Banana bread,regular,4,4,16,cash,yes
ORD-53971,2025-08-16,7,Riverside,Coffee,Flat white,medium,1,4.5,4.5,mobile,no
ORD-53972,2025-08-16,7,Downtown,Bakery,Banana bread,regular,2,4,8,card,yes
ORD-53973,2025-08-16,8,Riverside,Coffee,Espresso,large,1,3.75,3.75,card,no
ORD-53974,2025-08-16,8,Downtown,Tea,Chai latte,medium,2,4.75,9.5,card,no
ORD-53975,2025-08-16,8,Airport,Coffee,Cappuccino,small,1,4.75,4.75,cash,no
ORD-53976,2025-08-16,9,Downtown,Coffee,Cappuccino,large,3,5.25,15.75,card,yes
ORD-53977,2025-08-16,9,Airport,Coffee,Flat white,small,1,4.75,4.75,card,no
ORD-53978,2025-08-16,9,Riverside,Coffee,Cappuccino,medium,1,4.5,4.5,card,no
ORD-53979,2025-08-16,9,Airport,Coffee,Flat white,medium,1,5.25,5.25,card,yes
ORD-53980,2025-08-16,10,Downtown,Tea,Matcha latte,medium,1,5.5,5.5,card,no
ORD-53981,2025-08-16,12,Riverside,Coffee,Latte,medium,2,4.75,9.5,card,no
ORD-53982,2025-08-16,12,Downtown,Coffee,Americano,large,2,4.25,8.5,card,no
ORD-53983,2025-08-16,13,Downtown,Coffee,Flat white,medium,1,4.5,4.5,card,no
ORD-53984,2025-08-16,13,Downtown,Coffee,Cold brew,small,1,4.5,4.5,card,no
ORD-53985,2025-08-16,15,Airport,Tea,Matcha latte,small,1,5.75,5.75,card,no
ORD-53986,2025-08-16,15,Downtown,Bakery,Cinnamon roll,regular,1,4.5,4.5,card,yes
ORD-53987,2025-08-16,16,Riverside,Coffee,Latte,medium,1,4.75,4.75,card,no
ORD-53988,2025-08-16,18,Downtown,Food,Breakfast sandwich,regular,1,8.75,8.75,mobile,no
ORD-53989,2025-08-17,6,Riverside,Food,Breakfast sandwich,regular,1,8.75,8.75,card,no
ORD-53990,2025-08-17,7,Downtown,Coffee,Latte,small,2,4.25,8.5,mobile,no
ORD-53991,2025-08-17,7,Downtown,Tea,Earl grey,large,2,4,8,card,no
ORD-53992,2025-08-17,7,Riverside,Tea,Matcha latte,small,1,5,5,card,no
ORD-53993,2025-08-17,8,Downtown,Coffee,Espresso,medium,1,3,3,card,yes
ORD-53994,2025-08-17,8,Riverside,Coffee,Latte,medium,1,4.75,4.75,card,no
ORD-53995,2025-08-17,8,Airport,Coffee,Cold brew,large,1,6.5,6.5,card,no
ORD-53996,2025-08-17,8,Riverside,Coffee,Latte,large,1,5.5,5.5,card,no
ORD-53997,2025-08-17,8,Riverside,Coffee,Latte,medium,1,4.75,4.75,card,no
ORD-53998,2025-08-17,10,Airport,Coffee,Americano,medium,1,4.25,4.25,card,yes
ORD-53999,2025-08-17,10,Airport,Tea,Chai latte,medium,1,5.5,5.5,mobile,no
ORD-54000,2025-08-17,10,Riverside,Food,Breakfast sandwich,regular,1,8.75,8.75,card,yes
ORD-54001,2025-08-17,11,Airport,Bakery,Croissant,regular,2,4.5,9,mobile,no
ORD-54002,2025-08-17,11,Downtown,Bakery,Croissant,regular,1,3.75,3.75,card,no
ORD-54003,2025-08-17,12,Downtown,Bakery,Banana bread,regular,2,4,8,mobile,no
ORD-54004,2025-08-17,12,Downtown,Coffee,Flat white,small,1,4,4,card,yes
ORD-54005,2025-08-17,15,Downtown,Coffee,Cold brew,small,1,4.5,4.5,mobile,no
ORD-54006,2025-08-17,17,Riverside,Bakery,Cinnamon roll,regular,2,4.5,9,card,no
ORD-54007,2025-08-17,17,Downtown,Bakery,Croissant,regular,2,3.75,7.5,mobile,no
ORD-54008,2025-08-17,17,Airport,Coffee,Flat white,medium,1,5.25,5.25,card,no
ORD-54009,2025-08-18,7,Riverside,Coffee,Cold brew,medium,2,5,10,mobile,yes
ORD-54010,2025-08-18,7,Riverside,Bakery,Croissant,regular,1,3.75,3.75,mobile,yes
ORD-54011,2025-08-18,9,Downtown,Coffee,Latte,medium,1,4.75,4.75,card,no
ORD-54012,2025-08-18,9,Airport,Bakery,Croissant,regular,2,4.5,9,card,yes
ORD-54013,2025-08-18,10,Riverside,Bakery,Cinnamon roll,regular,1,4.5,4.5,card,no
ORD-54014,2025-08-18,10,Airport,Coffee,Cappuccino,medium,1,5.25,5.25,card,no
ORD-54015,2025-08-18,11,Downtown,Coffee,Americano,small,2,3,6,card,no
ORD-54016,2025-08-18,12,Downtown,Food,Avocado toast,regular,1,9.5,9.5,card,no
ORD-54017,2025-08-18,12,Riverside,Coffee,Americano,small,1,3,3,card,no
ORD-54018,2025-08-18,12,Airport,Coffee,Espresso,medium,2,3.75,7.5,cash,no
ORD-54019,2025-08-18,12,Riverside,Food,Breakfast sandwich,regular,1,8.75,8.75,card,yes
ORD-54020,2025-08-18,13,Downtown,Tea,Chai latte,small,1,4.25,4.25,mobile,no
ORD-54021,2025-08-18,13,Riverside,Bakery,Banana bread,regular,1,4,4,card,no
ORD-54022,2025-08-18,14,Riverside,Food,Breakfast sandwich,regular,2,8.75,17.5,card,yes
ORD-54023,2025-08-18,17,Downtown,Food,Breakfast sandwich,regular,1,8.75,8.75,mobile,no
ORD-54024,2025-08-18,18,Downtown,Bakery,Banana bread,regular,1,4,4,cash,no
ORD-54025,2025-08-18,18,Downtown,Food,Breakfast sandwich,regular,1,8.75,8.75,card,yes
ORD-54026,2025-08-19,6,Downtown,Food,Breakfast sandwich,regular,1,8.75,8.75,mobile,no
ORD-54027,2025-08-19,6,Airport,Coffee,Flat white,large,1,6,6,card,no
ORD-54028,2025-08-19,7,Downtown,Coffee,Cold brew,small,1,4.5,4.5,card,yes
ORD-54029,2025-08-19,9,Airport,Coffee,Flat white,medium,1,5.25,5.25,card,no
ORD-54030,2025-08-19,9,Downtown,Coffee,Cold brew,medium,1,5,5,card,no
ORD-54031,2025-08-19,9,Downtown,Coffee,Cappuccino,small,1,4,4,mobile,no
ORD-54032,2025-08-19,9,Riverside,Coffee,Latte,small,1,4.25,4.25,card,no
ORD-54033,2025-08-19,9,Airport,Coffee,Flat white,large,3,6,18,card,no
ORD-54034,2025-08-19,9,Riverside,Coffee,Cappuccino,small,1,4,4,mobile,no
ORD-54035,2025-08-19,10,Downtown,Bakery,Banana bread,regular,2,4,8,mobile,no
ORD-54036,2025-08-19,10,Airport,Coffee,Latte,medium,1,5.5,5.5,mobile,no
ORD-54037,2025-08-19,10,Downtown,Food,Avocado toast,regular,1,9.5,9.5,card,no
ORD-54038,2025-08-19,10,Downtown,Coffee,Cold brew,small,2,4.5,9,card,yes
ORD-54039,2025-08-19,11,Airport,Coffee,Espresso,small,1,3.25,3.25,card,yes
ORD-54040,2025-08-19,11,Riverside,Coffee,Espresso,medium,1,3,3,card,yes
ORD-54041,2025-08-19,12,Airport,Tea,Chai latte,small,1,5,5,cash,no
ORD-54042,2025-08-19,13,Riverside,Food,Granola bowl,regular,1,7.5,7.5,card,no
ORD-54043,2025-08-19,13,Downtown,Food,Breakfast sandwich,regular,3,8.75,26.25,mobile,yes
ORD-54044,2025-08-19,14,Airport,Coffee,Espresso,medium,1,3.75,3.75,mobile,no
ORD-54045,2025-08-19,14,Downtown,Coffee,Americano,medium,1,3.5,3.5,mobile,no
ORD-54046,2025-08-19,14,Riverside,Food,Avocado toast,regular,1,9.5,9.5,card,yes
ORD-54047,2025-08-19,17,Riverside,Tea,Matcha latte,large,1,6.25,6.25,card,no
ORD-54048,2025-08-20,6,Riverside,Coffee,Flat white,large,1,5.25,5.25,cash,no
ORD-54049,2025-08-20,6,Riverside,Bakery,Cinnamon roll,regular,1,4.5,4.5,card,no
ORD-54050,2025-08-20,7,Riverside,Bakery,Croissant,regular,2,3.75,7.5,card,no
ORD-54051,2025-08-20,7,Downtown,Coffee,Cold brew,medium,1,5,5,card,yes
ORD-54052,2025-08-20,8,Riverside,Bakery,Croissant,regular,1,3.75,3.75,card,no
ORD-54053,2025-08-20,8,Airport,Coffee,Flat white,small,1,4.75,4.75,card,yes
ORD-54054,2025-08-20,8,Downtown,Tea,Chai latte,large,1,5.5,5.5,card,no
ORD-54055,2025-08-20,9,Airport,Tea,Matcha latte,medium,1,6.25,6.25,mobile,yes
ORD-54056,2025-08-20,9,Downtown,Bakery,Cinnamon roll,regular,2,4.5,9,mobile,yes
ORD-54057,2025-08-20,9,Downtown,Food,Avocado toast,regular,1,9.5,9.5,card,no
ORD-54058,2025-08-20,9,Downtown,Tea,Matcha latte,small,1,5,5,mobile,no
ORD-54059,2025-08-20,11,Airport,Bakery,Croissant,regular,1,4.5,4.5,mobile,no
ORD-54060,2025-08-20,11,Airport,Food,Avocado toast,regular,1,10.25,10.25,card,no
ORD-54061,2025-08-20,11,Riverside,Food,Breakfast sandwich,regular,1,8.75,8.75,mobile,no
ORD-54062,2025-08-20,12,Riverside,Food,Granola bowl,regular,3,7.5,22.5,mobile,no
ORD-54063,2025-08-20,13,Riverside,Bakery,Banana bread,regular,1,4,4,card,no
ORD-54064,2025-08-20,13,Riverside,Food,Breakfast sandwich,regular,1,8.75,8.75,mobile,no
ORD-54065,2025-08-21,7,Airport,Coffee,Flat white,small,1,4.75,4.75,card,no
ORD-54066,2025-08-21,7,Riverside,Bakery,Cinnamon roll,regular,1,4.5,4.5,card,yes
ORD-54067,2025-08-21,7,Downtown,Coffee,Flat white,medium,2,4.5,9,card,yes
ORD-54068,2025-08-21,7,Downtown,Coffee,Latte,medium,1,4.75,4.75,card,yes
ORD-54069,2025-08-21,8,Riverside,Bakery,Croissant,regular,1,3.75,3.75,mobile,no
ORD-54070,2025-08-21,8,Riverside,Coffee,Latte,large,1,5.5,5.5,cash,yes
ORD-54071,2025-08-21,8,Downtown,Bakery,Croissant,regular,2,3.75,7.5,mobile,no
ORD-54072,2025-08-21,9,Riverside,Coffee,Cappuccino,medium,1,4.5,4.5,mobile,no
ORD-54073,2025-08-21,10,Downtown,Coffee,Cold brew,small,1,4.5,4.5,card,yes
ORD-54074,2025-08-21,12,Downtown,Bakery,Cinnamon roll,regular,2,4.5,9,card,yes
ORD-54075,2025-08-21,14,Downtown,Bakery,Croissant,regular,1,3.75,3.75,card,yes
ORD-54076,2025-08-21,15,Riverside,Coffee,Latte,medium,1,4.75,4.75,card,yes
ORD-54077,2025-08-22,6,Downtown,Coffee,Cold brew,large,1,5.75,5.75,mobile,no
ORD-54078,2025-08-22,7,Airport,Bakery,Cinnamon roll,regular,1,5.25,5.25,card,no
ORD-54079,2025-08-22,8,Riverside,Coffee,Flat white,small,1,4,4,card,no
ORD-54080,2025-08-22,8,Riverside,Bakery,Croissant,regular,1,3.75,3.75,card,yes
ORD-54081,2025-08-22,9,Downtown,Coffee,Cappuccino,small,1,4,4,card,no
ORD-54082,2025-08-22,9,Downtown,Tea,Earl grey,large,1,4,4,card,no
ORD-54083,2025-08-22,10,Downtown,Coffee,Cappuccino,medium,1,4.5,4.5,card,no
ORD-54084,2025-08-22,11,Downtown,Food,Granola bowl,regular,1,7.5,7.5,mobile,yes
ORD-54085,2025-08-22,11,Downtown,Coffee,Latte,large,1,5.5,5.5,card,yes
ORD-54086,2025-08-22,12,Downtown,Coffee,Cold brew,small,1,4.5,4.5,card,no
ORD-54087,2025-08-22,12,Airport,Coffee,Espresso,large,1,4.5,4.5,card,yes
ORD-54088,2025-08-22,12,Riverside,Food,Avocado toast,regular,1,9.5,9.5,mobile,no
ORD-54089,2025-08-22,12,Downtown,Coffee,Latte,medium,1,4.75,4.75,card,no
ORD-54090,2025-08-22,13,Downtown,Coffee,Latte,medium,1,4.75,4.75,mobile,no
ORD-54091,2025-08-22,14,Downtown,Food,Avocado toast,regular,1,9.5,9.5,card,yes
ORD-54092,2025-08-22,15,Airport,Coffee,Latte,medium,1,5.5,5.5,cash,yes
ORD-54093,2025-08-23,7,Downtown,Tea,Chai latte,medium,1,4.75,4.75,card,yes
ORD-54094,2025-08-23,7,Riverside,Coffee,Espresso,large,2,3.75,7.5,mobile,no
ORD-54095,2025-08-23,7,Riverside,Coffee,Cappuccino,large,1,5.25,5.25,mobile,no
ORD-54096,2025-08-23,8,Downtown,Tea,Chai latte,small,1,4.25,4.25,mobile,no
ORD-54097,2025-08-23,8,Riverside,Coffee,Latte,medium,1,4.75,4.75,card,no
ORD-54098,2025-08-23,9,Downtown,Coffee,Flat white,small,1,4,4,mobile,no
ORD-54099,2025-08-23,10,Riverside,Coffee,Cold brew,small,1,4.5,4.5,card,yes
ORD-54100,2025-08-23,10,Riverside,Coffee,Americano,medium,3,3.5,10.5,mobile,no
ORD-54101,2025-08-23,12,Riverside,Coffee,Latte,medium,1,4.75,4.75,mobile,no
ORD-54102,2025-08-23,12,Riverside,Food,Granola bowl,regular,1,7.5,7.5,card,no
ORD-54103,2025-08-23,12,Downtown,Coffee,Cappuccino,medium,1,4.5,4.5,cash,no
ORD-54104,2025-08-23,12,Downtown,Coffee,Americano,large,1,4.25,4.25,mobile,yes
ORD-54105,2025-08-23,13,Riverside,Food,Breakfast sandwich,regular,1,8.75,8.75,mobile,yes
ORD-54106,2025-08-23,13,Downtown,Bakery,Croissant,regular,1,3.75,3.75,cash,no
ORD-54107,2025-08-23,14,Downtown,Bakery,Banana bread,regular,1,4,4,card,no
ORD-54108,2025-08-23,14,Riverside,Coffee,Flat white,medium,1,4.5,4.5,card,no
ORD-54109,2025-08-23,14,Airport,Coffee,Latte,large,1,6.25,6.25,card,yes
ORD-54110,2025-08-23,14,Downtown,Coffee,Americano,large,2,4.25,8.5,mobile,no
ORD-54111,2025-08-23,16,Downtown,Coffee,Espresso,small,1,2.5,2.5,mobile,yes
ORD-54112,2025-08-23,16,Downtown,Bakery,Cinnamon roll,regular,1,4.5,4.5,card,no
ORD-54113,2025-08-23,16,Downtown,Tea,Matcha latte,large,1,6.25,6.25,card,yes
ORD-54114,2025-08-24,6,Downtown,Bakery,Cinnamon roll,regular,1,4.5,4.5,card,yes
ORD-54115,2025-08-24,7,Riverside,Coffee,Americano,medium,1,3.5,3.5,card,yes
ORD-54116,2025-08-24,8,Downtown,Tea,Matcha latte,medium,1,5.5,5.5,card,no
ORD-54117,2025-08-24,8,Downtown,Coffee,Cappuccino,small,3,4,12,mobile,no
ORD-54118,2025-08-24,8,Airport,Tea,Chai latte,medium,1,5.5,5.5,mobile,no
ORD-54119,2025-08-24,8,Riverside,Coffee,Latte,small,1,4.25,4.25,mobile,no
ORD-54120,2025-08-24,9,Airport,Food,Granola bowl,regular,1,8.25,8.25,card,yes
ORD-54121,2025-08-24,9,Riverside,Coffee,Cappuccino,large,1,5.25,5.25,card,yes
ORD-54122,2025-08-24,9,Riverside,Tea,Chai latte,medium,1,4.75,4.75,card,yes
ORD-54123,2025-08-24,9,Riverside,Tea,Chai latte,medium,1,4.75,4.75,card,yes
ORD-54124,2025-08-24,10,Downtown,Food,Avocado toast,regular,1,9.5,9.5,card,yes
ORD-54125,2025-08-24,13,Airport,Food,Avocado toast,regular,1,10.25,10.25,mobile,no
ORD-54126,2025-08-24,13,Riverside,Coffee,Espresso,small,1,2.5,2.5,card,no
ORD-54127,2025-08-24,13,Riverside,Coffee,Latte,small,1,4.25,4.25,card,no
ORD-54128,2025-08-24,14,Riverside,Bakery,Croissant,regular,2,3.75,7.5,card,no
ORD-54129,2025-08-24,14,Downtown,Bakery,Croissant,regular,1,3.75,3.75,mobile,yes
ORD-54130,2025-08-24,15,Downtown,Bakery,Cinnamon roll,regular,1,4.5,4.5,mobile,no
ORD-54131,2025-08-24,15,Downtown,Food,Avocado toast,regular,1,9.5,9.5,mobile,no
ORD-54132,2025-08-24,17,Riverside,Coffee,Latte,medium,1,4.75,4.75,cash,yes
ORD-54133,2025-08-24,18,Downtown,Coffee,Latte,medium,2,4.75,9.5,mobile,no
ORD-54134,2025-08-25,6,Downtown,Bakery,Banana bread,regular,1,4,4,card,no
ORD-54135,2025-08-25,7,Downtown,Bakery,Cinnamon roll,regular,1,4.5,4.5,card,no
ORD-54136,2025-08-25,7,Airport,Coffee,Americano,medium,1,4.25,4.25,card,yes
ORD-54137,2025-08-25,7,Downtown,Coffee,Latte,small,2,4.25,8.5,mobile,no
ORD-54138,2025-08-25,7,Downtown,Coffee,Americano,large,2,4.25,8.5,card,no
ORD-54139,2025-08-25,7,Downtown,Coffee,Latte,large,1,5.5,5.5,card,no
ORD-54140,2025-08-25,7,Riverside,Coffee,Cappuccino,small,2,4,8,card,yes
ORD-54141,2025-08-25,8,Downtown,Food,Breakfast sandwich,regular,1,8.75,8.75,card,no
ORD-54142,2025-08-25,8,Riverside,Tea,Chai latte,large,3,5.5,16.5,mobile,no
ORD-54143,2025-08-25,9,Riverside,Coffee,Flat white,large,1,5.25,5.25,card,yes
ORD-54144,2025-08-25,9,Riverside,Coffee,Flat white,medium,2,4.5,9,mobile,no
ORD-54145,2025-08-25,9,Downtown,Bakery,Croissant,regular,1,3.75,3.75,card,no
ORD-54146,2025-08-25,11,Downtown,Bakery,Cinnamon roll,regular,1,4.5,4.5,card,yes
ORD-54147,2025-08-25,12,Riverside,Tea,Matcha latte,large,2,6.25,12.5,card,no
ORD-54148,2025-08-25,12,Riverside,Coffee,Flat white,small,1,4,4,card,no
ORD-54149,2025-08-25,13,Riverside,Coffee,Latte,small,1,4.25,4.25,card,no
ORD-54150,2025-08-25,14,Riverside,Coffee,Espresso,small,2,2.5,5,cash,yes
ORD-54151,2025-08-25,15,Downtown,Coffee,Cold brew,large,2,5.75,11.5,mobile,no
ORD-54152,2025-08-25,16,Riverside,Bakery,Banana bread,regular,1,4,4,mobile,yes
ORD-54153,2025-08-25,16,Downtown,Tea,Earl grey,large,1,4,4,mobile,no
ORD-54154,2025-08-26,6,Downtown,Coffee,Espresso,medium,2,3,6,card,no
ORD-54155,2025-08-26,6,Airport,Coffee,Cappuccino,medium,2,5.25,10.5,card,no
ORD-54156,2025-08-26,7,Downtown,Food,Granola bowl,regular,1,7.5,7.5,card,no
ORD-54157,2025-08-26,7,Riverside,Bakery,Croissant,regular,1,3.75,3.75,card,yes
ORD-54158,2025-08-26,8,Airport,Coffee,Latte,small,4,5,20,card,yes
ORD-54159,2025-08-26,8,Riverside,Coffee,Latte,large,1,5.5,5.5,card,no
ORD-54160,2025-08-26,9,Downtown,Food,Avocado toast,regular,1,9.5,9.5,card,yes
ORD-54161,2025-08-26,9,Airport,Coffee,Cappuccino,small,2,4.75,9.5,mobile,no
ORD-54162,2025-08-26,9,Riverside,Bakery,Croissant,regular,2,3.75,7.5,card,yes
ORD-54163,2025-08-26,9,Airport,Coffee,Cappuccino,large,3,6,18,card,no
ORD-54164,2025-08-26,10,Riverside,Coffee,Americano,medium,2,3.5,7,card,no
ORD-54165,2025-08-26,10,Downtown,Coffee,Flat white,small,1,4,4,mobile,no
ORD-54166,2025-08-26,10,Riverside,Coffee,Latte,medium,3,4.75,14.25,cash,no
ORD-54167,2025-08-26,12,Riverside,Bakery,Banana bread,regular,1,4,4,mobile,yes
ORD-54168,2025-08-26,14,Riverside,Coffee,Latte,medium,1,4.75,4.75,mobile,no
ORD-54169,2025-08-26,15,Downtown,Coffee,Cappuccino,small,2,4,8,mobile,no
ORD-54170,2025-08-26,15,Riverside,Coffee,Espresso,large,3,3.75,11.25,card,no
ORD-54171,2025-08-26,15,Downtown,Coffee,Latte,small,1,4.25,4.25,card,yes
ORD-54172,2025-08-27,7,Downtown,Coffee,Americano,large,1,4.25,4.25,card,no
ORD-54173,2025-08-27,7,Riverside,Coffee,Cappuccino,large,1,5.25,5.25,card,yes
ORD-54174,2025-08-27,7,Riverside,Bakery,Cinnamon roll,regular,1,4.5,4.5,card,no
ORD-54175,2025-08-27,8,Downtown,Bakery,Cinnamon roll,regular,1,4.5,4.5,cash,yes
ORD-54176,2025-08-27,8,Airport,Coffee,Cappuccino,small,1,4.75,4.75,card,yes
ORD-54177,2025-08-27,8,Downtown,Bakery,Banana bread,regular,1,4,4,card,yes
ORD-54178,2025-08-27,8,Downtown,Food,Avocado toast,regular,1,9.5,9.5,card,yes
ORD-54179,2025-08-27,9,Downtown,Coffee,Cold brew,medium,2,5,10,card,no
ORD-54180,2025-08-27,10,Downtown,Coffee,Flat white,small,1,4,4,mobile,yes
ORD-54181,2025-08-27,10,Downtown,Tea,Matcha latte,medium,1,5.5,5.5,card,no
ORD-54182,2025-08-27,11,Riverside,Food,Granola bowl,regular,1,7.5,7.5,mobile,yes
ORD-54183,2025-08-27,11,Riverside,Tea,Chai latte,medium,1,4.75,4.75,card,no
ORD-54184,2025-08-27,12,Riverside,Tea,Matcha latte,large,1,6.25,6.25,card,no
ORD-54185,2025-08-27,13,Riverside,Coffee,Flat white,small,2,4,8,card,no
ORD-54186,2025-08-27,15,Riverside,Coffee,Latte,large,1,5.5,5.5,card,no
ORD-54187,2025-08-27,16,Riverside,Coffee,Latte,medium,1,4.75,4.75,card,yes
ORD-54188,2025-08-27,16,Downtown,Bakery,Croissant,regular,2,3.75,7.5,card,no
ORD-54189,2025-08-27,18,Airport,Coffee,Cold brew,small,1,5.25,5.25,mobile,no
ORD-54190,2025-08-28,7,Airport,Coffee,Americano,medium,1,4.25,4.25,card,no
ORD-54191,2025-08-28,7,Downtown,Coffee,Latte,medium,2,4.75,9.5,card,no
ORD-54192,2025-08-28,7,Riverside,Bakery,Croissant,regular,1,3.75,3.75,mobile,yes
ORD-54193,2025-08-28,7,Downtown,Food,Avocado toast,regular,2,9.5,19,card,yes
ORD-54194,2025-08-28,8,Riverside,Bakery,Cinnamon roll,regular,1,4.5,4.5,card,no
ORD-54195,2025-08-28,8,Downtown,Coffee,Latte,medium,1,4.75,4.75,card,no
ORD-54196,2025-08-28,8,Airport,Food,Granola bowl,regular,1,8.25,8.25,card,no
ORD-54197,2025-08-28,10,Riverside,Coffee,Flat white,medium,2,4.5,9,mobile,no
ORD-54198,2025-08-28,13,Downtown,Food,Granola bowl,regular,1,7.5,7.5,mobile,no
ORD-54199,2025-08-28,14,Airport,Coffee,Latte,medium,1,5.5,5.5,card,yes
ORD-54200,2025-08-28,15,Downtown,Coffee,Flat white,medium,1,4.5,4.5,cash,no
ORD-54201,2025-08-28,17,Riverside,Coffee,Flat white,small,1,4,4,card,no
ORD-54202,2025-08-29,7,Downtown,Coffee,Espresso,medium,1,3,3,mobile,no
ORD-54203,2025-08-29,7,Riverside,Coffee,Flat white,large,1,5.25,5.25,cash,yes
ORD-54204,2025-08-29,8,Riverside,Coffee,Cappuccino,small,1,4,4,card,no
ORD-54205,2025-08-29,8,Downtown,Food,Breakfast sandwich,regular,1,8.75,8.75,card,yes
ORD-54206,2025-08-29,8,Downtown,Bakery,Cinnamon roll,regular,2,4.5,9,card,no
ORD-54207,2025-08-29,8,Downtown,Tea,Matcha latte,small,1,5,5,mobile,no
ORD-54208,2025-08-29,9,Riverside,Coffee,Flat white,small,1,4,4,mobile,no
ORD-54209,2025-08-29,10,Downtown,Coffee,Americano,medium,2,3.5,7,card,no
ORD-54210,2025-08-29,11,Airport,Coffee,Latte,medium,2,5.5,11,cash,no
ORD-54211,2025-08-29,12,Riverside,Food,Avocado toast,regular,1,9.5,9.5,mobile,yes
ORD-54212,2025-08-29,12,Downtown,Coffee,Espresso,medium,1,3,3,mobile,no
ORD-54213,2025-08-29,12,Downtown,Tea,Earl grey,small,1,2.75,2.75,card,no
ORD-54214,2025-08-29,14,Downtown,Coffee,Espresso,small,1,2.5,2.5,card,no
ORD-54215,2025-08-29,15,Downtown,Coffee,Flat white,medium,1,4.5,4.5,card,yes
ORD-54216,2025-08-29,15,Riverside,Food,Avocado toast,regular,1,9.5,9.5,card,no
ORD-54217,2025-08-29,17,Downtown,Coffee,Latte,large,1,5.5,5.5,card,no
ORD-54218,2025-08-30,7,Airport,Coffee,Flat white,medium,1,5.25,5.25,card,yes
ORD-54219,2025-08-30,7,Riverside,Coffee,Latte,small,1,4.25,4.25,card,yes
ORD-54220,2025-08-30,8,Airport,Coffee,Flat white,medium,1,5.25,5.25,card,no
ORD-54221,2025-08-30,8,Downtown,Tea,Earl grey,medium,1,3.25,3.25,mobile,yes
ORD-54222,2025-08-30,8,Airport,Coffee,Flat white,small,1,4.75,4.75,card,no
ORD-54223,2025-08-30,8,Riverside,Coffee,Espresso,small,2,2.5,5,card,no
ORD-54224,2025-08-30,8,Downtown,Tea,Matcha latte,medium,3,5.5,16.5,card,no
ORD-54225,2025-08-30,9,Airport,Coffee,Cold brew,small,1,5.25,5.25,mobile,no
ORD-54226,2025-08-30,9,Downtown,Bakery,Croissant,regular,1,3.75,3.75,card,no
ORD-54227,2025-08-30,10,Downtown,Food,Breakfast sandwich,regular,1,8.75,8.75,card,no
ORD-54228,2025-08-30,12,Riverside,Coffee,Cold brew,medium,1,5,5,card,yes
ORD-54229,2025-08-30,12,Riverside,Tea,Chai latte,medium,1,4.75,4.75,card,no
ORD-54230,2025-08-30,12,Downtown,Coffee,Cappuccino,medium,1,4.5,4.5,card,yes
ORD-54231,2025-08-30,12,Riverside,Food,Breakfast sandwich,regular,2,8.75,17.5,card,no
ORD-54232,2025-08-30,13,Downtown,Food,Breakfast sandwich,regular,3,8.75,26.25,mobile,no
ORD-54233,2025-08-30,14,Downtown,Coffee,Flat white,medium,1,4.5,4.5,card,yes
ORD-54234,2025-08-30,14,Riverside,Food,Avocado toast,regular,1,9.5,9.5,card,no
ORD-54235,2025-08-30,15,Downtown,Coffee,Flat white,large,1,5.25,5.25,mobile,no
ORD-54236,2025-08-30,15,Riverside,Tea,Chai latte,large,1,5.5,5.5,card,no
ORD-54237,2025-08-31,7,Downtown,Food,Avocado toast,regular,3,9.5,28.5,card,no
ORD-54238,2025-08-31,7,Riverside,Food,Avocado toast,regular,2,9.5,19,mobile,no
ORD-54239,2025-08-31,7,Downtown,Bakery,Croissant,regular,1,3.75,3.75,card,yes
ORD-54240,2025-08-31,8,Airport,Bakery,Banana bread,regular,1,4.75,4.75,card,yes
ORD-54241,2025-08-31,8,Downtown,Bakery,Croissant,regular,1,3.75,3.75,card,no
ORD-54242,2025-08-31,8,Downtown,Tea,Matcha latte,large,2,6.25,12.5,card,no
ORD-54243,2025-08-31,9,Downtown,Coffee,Espresso,medium,1,3,3,card,no
ORD-54244,2025-08-31,10,Downtown,Food,Avocado toast,regular,1,9.5,9.5,card,no
ORD-54245,2025-08-31,10,Downtown,Coffee,Cappuccino,large,1,5.25,5.25,mobile,yes
ORD-54246,2025-08-31,13,Downtown,Coffee,Flat white,medium,1,4.5,4.5,card,no
ORD-54247,2025-09-01,7,Downtown,Coffee,Flat white,large,1,5.25,5.25,card,yes
ORD-54248,2025-09-01,7,Riverside,Food,Granola bowl,regular,1,7.5,7.5,card,yes
ORD-54249,2025-09-01,8,Airport,Coffee,Espresso,large,1,4.5,4.5,card,no
ORD-54250,2025-09-01,8,Downtown,Coffee,Latte,large,1,5.5,5.5,cash,no
ORD-54251,2025-09-01,9,Riverside,Tea,Matcha latte,small,1,5,5,mobile,no
ORD-54252,2025-09-01,10,Downtown,Food,Breakfast sandwich,regular,1,8.75,8.75,mobile,no
ORD-54253,2025-09-01,10,Riverside,Coffee,Latte,medium,1,4.75,4.75,card,no
ORD-54254,2025-09-01,10,Airport,Bakery,Croissant,regular,1,4.5,4.5,card,yes
ORD-54255,2025-09-01,10,Airport,Coffee,Flat white,medium,3,5.25,15.75,card,no
ORD-54256,2025-09-01,13,Downtown,Coffee,Cappuccino,small,2,4,8,mobile,no
ORD-54257,2025-09-01,14,Airport,Coffee,Americano,small,1,3.75,3.75,mobile,no
ORD-54258,2025-09-01,15,Airport,Coffee,Cold brew,small,1,5.25,5.25,card,no
ORD-54259,2025-09-01,16,Riverside,Coffee,Latte,small,1,4.25,4.25,card,no
ORD-54260,2025-09-02,6,Airport,Tea,Matcha latte,medium,1,6.25,6.25,mobile,yes
ORD-54261,2025-09-02,7,Downtown,Bakery,Croissant,regular,1,3.75,3.75,card,no
ORD-54262,2025-09-02,8,Downtown,Coffee,Americano,medium,1,3.5,3.5,card,no
ORD-54263,2025-09-02,8,Downtown,Food,Avocado toast,regular,2,9.5,19,card,no
ORD-54264,2025-09-02,9,Riverside,Coffee,Cappuccino,small,1,4,4,mobile,no
ORD-54265,2025-09-02,9,Downtown,Food,Breakfast sandwich,regular,1,8.75,8.75,card,no
ORD-54266,2025-09-02,10,Downtown,Coffee,Latte,large,2,5.5,11,mobile,no
ORD-54267,2025-09-02,11,Riverside,Food,Breakfast sandwich,regular,1,8.75,8.75,card,no
ORD-54268,2025-09-02,11,Riverside,Food,Granola bowl,regular,1,7.5,7.5,card,no
ORD-54269,2025-09-02,12,Downtown,Food,Avocado toast,regular,1,9.5,9.5,mobile,no
ORD-54270,2025-09-02,13,Downtown,Coffee,Flat white,small,1,4,4,card,no
ORD-54271,2025-09-02,13,Downtown,Food,Avocado toast,regular,1,9.5,9.5,card,no
ORD-54272,2025-09-02,14,Riverside,Bakery,Croissant,regular,1,3.75,3.75,mobile,no
ORD-54273,2025-09-02,14,Airport,Coffee,Flat white,large,1,6,6,cash,no
ORD-54274,2025-09-02,14,Downtown,Coffee,Cappuccino,medium,1,4.5,4.5,card,no
ORD-54275,2025-09-02,16,Riverside,Coffee,Cappuccino,medium,1,4.5,4.5,mobile,no
ORD-54276,2025-09-03,6,Downtown,Coffee,Latte,medium,1,4.75,4.75,mobile,yes
ORD-54277,2025-09-03,7,Airport,Bakery,Banana bread,regular,1,4.75,4.75,card,no
ORD-54278,2025-09-03,8,Riverside,Coffee,Cappuccino,medium,2,4.5,9,mobile,no
ORD-54279,2025-09-03,8,Downtown,Tea,Chai latte,large,1,5.5,5.5,card,no
ORD-54280,2025-09-03,8,Downtown,Bakery,Croissant,regular,1,3.75,3.75,card,yes
ORD-54281,2025-09-03,8,Riverside,Bakery,Banana bread,regular,1,4,4,card,yes
ORD-54282,2025-09-03,8,Downtown,Coffee,Flat white,medium,1,4.5,4.5,mobile,yes
ORD-54283,2025-09-03,9,Riverside,Bakery,Cinnamon roll,regular,1,4.5,4.5,card,yes
ORD-54284,2025-09-03,9,Riverside,Coffee,Cappuccino,medium,1,4.5,4.5,card,yes
ORD-54285,2025-09-03,9,Airport,Coffee,Latte,small,1,5,5,mobile,no
ORD-54286,2025-09-03,10,Downtown,Coffee,Flat white,small,1,4,4,card,yes
ORD-54287,2025-09-03,10,Downtown,Coffee,Cappuccino,medium,1,4.5,4.5,card,no
ORD-54288,2025-09-03,12,Downtown,Coffee,Latte,small,1,4.25,4.25,card,no
ORD-54289,2025-09-03,12,Airport,Tea,Matcha latte,small,2,5.75,11.5,mobile,no
ORD-54290,2025-09-03,13,Airport,Food,Breakfast sandwich,regular,1,9.5,9.5,card,yes
ORD-54291,2025-09-03,13,Downtown,Coffee,Latte,large,1,5.5,5.5,mobile,no
ORD-54292,2025-09-03,13,Riverside,Food,Granola bowl,regular,1,7.5,7.5,card,no
ORD-54293,2025-09-03,13,Downtown,Bakery,Croissant,regular,1,3.75,3.75,card,no
ORD-54294,2025-09-03,14,Downtown,Coffee,Cappuccino,medium,2,4.5,9,mobile,no
ORD-54295,2025-09-03,16,Airport,Coffee,Flat white,small,2,4.75,9.5,card,yes
ORD-54296,2025-09-03,16,Riverside,Food,Granola bowl,regular,1,7.5,7.5,card,no
ORD-54297,2025-09-03,17,Airport,Coffee,Flat white,large,1,6,6,card,no
ORD-54298,2025-09-03,18,Downtown,Coffee,Latte,small,1,4.25,4.25,card,no
ORD-54299,2025-09-04,6,Airport,Bakery,Cinnamon roll,regular,4,5.25,21,card,no
ORD-54300,2025-09-04,7,Downtown,Bakery,Croissant,regular,1,3.75,3.75,cash,yes
ORD-54301,2025-09-04,7,Downtown,Coffee,Cappuccino,medium,2,4.5,9,card,no
ORD-54302,2025-09-04,8,Downtown,Coffee,Espresso,large,1,3.75,3.75,card,yes
ORD-54303,2025-09-04,8,Downtown,Coffee,Espresso,large,2,3.75,7.5,card,yes
ORD-54304,2025-09-04,8,Downtown,Coffee,Latte,medium,1,4.75,4.75,mobile,no
ORD-54305,2025-09-04,9,Airport,Food,Granola bowl,regular,1,8.25,8.25,card,no
ORD-54306,2025-09-04,9,Riverside,Bakery,Cinnamon roll,regular,1,4.5,4.5,mobile,no
ORD-54307,2025-09-04,9,Downtown,Coffee,Americano,medium,1,3.5,3.5,card,no
ORD-54308,2025-09-04,9,Airport,Tea,Matcha latte,medium,1,6.25,6.25,card,no
ORD-54309,2025-09-04,9,Downtown,Coffee,Americano,medium,1,3.5,3.5,card,no
ORD-54310,2025-09-04,9,Downtown,Food,Breakfast sandwich,regular,1,8.75,8.75,mobile,yes
ORD-54311,2025-09-04,10,Airport,Coffee,Cappuccino,medium,1,5.25,5.25,mobile,no
ORD-54312,2025-09-04,10,Airport,Coffee,Latte,medium,1,5.5,5.5,card,yes
ORD-54313,2025-09-04,11,Downtown,Coffee,Flat white,medium,1,4.5,4.5,card,no
ORD-54314,2025-09-04,12,Riverside,Coffee,Latte,small,1,4.25,4.25,card,no
ORD-54315,2025-09-04,13,Riverside,Tea,Chai latte,medium,2,4.75,9.5,mobile,no
ORD-54316,2025-09-04,13,Downtown,Bakery,Croissant,regular,1,3.75,3.75,card,no
ORD-54317,2025-09-04,14,Riverside,Food,Granola bowl,regular,1,7.5,7.5,cash,no
ORD-54318,2025-09-04,14,Riverside,Coffee,Cappuccino,large,1,5.25,5.25,card,yes
ORD-54319,2025-09-04,16,Downtown,Coffee,Latte,medium,2,4.75,9.5,card,no
ORD-54320,2025-09-04,16,Downtown,Tea,Matcha latte,medium,1,5.5,5.5,card,no
ORD-54321,2025-09-05,6,Downtown,Tea,Matcha latte,medium,1,5.5,5.5,card,no
ORD-54322,2025-09-05,6,Downtown,Coffee,Espresso,small,1,2.5,2.5,mobile,no
ORD-54323,2025-09-05,6,Riverside,Coffee,Flat white,medium,1,4.5,4.5,mobile,no
ORD-54324,2025-09-05,7,Downtown,Food,Breakfast sandwich,regular,1,8.75,8.75,card,no
ORD-54325,2025-09-05,8,Downtown,Coffee,Flat white,medium,2,4.5,9,card,yes
ORD-54326,2025-09-05,8,Riverside,Bakery,Croissant,regular,2,3.75,7.5,card,no
ORD-54327,2025-09-05,9,Downtown,Bakery,Cinnamon roll,regular,1,4.5,4.5,mobile,yes
ORD-54328,2025-09-05,9,Downtown,Coffee,Americano,medium,1,3.5,3.5,card,yes
ORD-54329,2025-09-05,9,Riverside,Coffee,Latte,large,1,5.5,5.5,mobile,yes
ORD-54330,2025-09-05,11,Riverside,Bakery,Cinnamon roll,regular,1,4.5,4.5,card,yes
ORD-54331,2025-09-05,12,Downtown,Food,Avocado toast,regular,1,9.5,9.5,card,no
ORD-54332,2025-09-05,12,Downtown,Bakery,Croissant,regular,1,3.75,3.75,mobile,no
ORD-54333,2025-09-05,13,Downtown,Coffee,Cold brew,small,3,4.5,13.5,card,no
ORD-54334,2025-09-05,13,Airport,Coffee,Espresso,medium,2,3.75,7.5,card,no
ORD-54335,2025-09-05,13,Downtown,Coffee,Americano,small,1,3,3,card,yes
ORD-54336,2025-09-05,16,Riverside,Bakery,Banana bread,regular,1,4,4,cash,no
ORD-54337,2025-09-05,17,Downtown,Food,Breakfast sandwich,regular,1,8.75,8.75,card,no
ORD-54338,2025-09-05,17,Downtown,Coffee,Latte,large,1,5.5,5.5,cash,yes
ORD-54339,2025-09-05,17,Airport,Bakery,Cinnamon roll,regular,1,5.25,5.25,card,no
ORD-54340,2025-09-06,6,Downtown,Coffee,Cappuccino,medium,1,4.5,4.5,card,no
ORD-54341,2025-09-06,7,Downtown,Coffee,Flat white,small,2,4,8,card,no
ORD-54342,2025-09-06,7,Riverside,Tea,Matcha latte,small,1,5,5,card,no
ORD-54343,2025-09-06,7,Riverside,Coffee,Cold brew,small,2,4.5,9,card,yes
ORD-54344,2025-09-06,8,Downtown,Coffee,Latte,medium,2,4.75,9.5,card,no
ORD-54345,2025-09-06,8,Riverside,Coffee,Latte,large,2,5.5,11,card,no
ORD-54346,2025-09-06,8,Downtown,Bakery,Croissant,regular,1,3.75,3.75,card,no
ORD-54347,2025-09-06,9,Airport,Coffee,Espresso,large,1,4.5,4.5,card,yes
ORD-54348,2025-09-06,9,Riverside,Food,Breakfast sandwich,regular,1,8.75,8.75,cash,no
ORD-54349,2025-09-06,11,Riverside,Food,Breakfast sandwich,regular,1,8.75,8.75,card,yes
ORD-54350,2025-09-06,11,Downtown,Food,Breakfast sandwich,regular,1,8.75,8.75,card,yes
ORD-54351,2025-09-06,12,Riverside,Coffee,Cappuccino,medium,1,4.5,4.5,cash,no
ORD-54352,2025-09-06,12,Downtown,Food,Granola bowl,regular,2,7.5,15,card,no
ORD-54353,2025-09-06,13,Downtown,Food,Avocado toast,regular,1,9.5,9.5,card,no
ORD-54354,2025-09-06,13,Riverside,Coffee,Latte,medium,2,4.75,9.5,card,no
ORD-54355,2025-09-06,14,Downtown,Coffee,Latte,medium,1,4.75,4.75,mobile,no
ORD-54356,2025-09-06,14,Riverside,Coffee,Cold brew,large,2,5.75,11.5,card,no
ORD-54357,2025-09-06,17,Riverside,Coffee,Latte,large,1,5.5,5.5,card,no
ORD-54358,2025-09-06,17,Airport,Food,Breakfast sandwich,regular,1,9.5,9.5,card,no
ORD-54359,2025-09-07,6,Airport,Coffee,Espresso,large,1,4.5,4.5,card,no
ORD-54360,2025-09-07,7,Riverside,Coffee,Cappuccino,medium,1,4.5,4.5,card,no
ORD-54361,2025-09-07,7,Riverside,Coffee,Flat white,small,1,4,4,cash,no
ORD-54362,2025-09-07,8,Downtown,Bakery,Croissant,regular,1,3.75,3.75,card,yes
ORD-54363,2025-09-07,8,Downtown,Tea,Matcha latte,large,2,6.25,12.5,mobile,yes
ORD-54364,2025-09-07,8,Downtown,Tea,Matcha latte,small,1,5,5,card,yes
ORD-54365,2025-09-07,8,Downtown,Tea,Matcha latte,medium,2,5.5,11,card,yes
ORD-54366,2025-09-07,8,Riverside,Coffee,Flat white,medium,1,4.5,4.5,mobile,no
ORD-54367,2025-09-07,9,Downtown,Bakery,Cinnamon roll,regular,1,4.5,4.5,card,no
ORD-54368,2025-09-07,9,Airport,Bakery,Croissant,regular,3,4.5,13.5,card,no
ORD-54369,2025-09-07,12,Downtown,Coffee,Espresso,medium,1,3,3,card,no
ORD-54370,2025-09-07,13,Riverside,Bakery,Cinnamon roll,regular,1,4.5,4.5,card,yes
ORD-54371,2025-09-07,13,Downtown,Food,Granola bowl,regular,1,7.5,7.5,card,no
ORD-54372,2025-09-07,15,Downtown,Coffee,Cold brew,small,1,4.5,4.5,card,yes
ORD-54373,2025-09-07,15,Riverside,Coffee,Latte,medium,1,4.75,4.75,card,yes
ORD-54374,2025-09-07,16,Downtown,Coffee,Cold brew,medium,2,5,10,card,no
ORD-54375,2025-09-08,6,Downtown,Food,Breakfast sandwich,regular,1,8.75,8.75,card,yes
ORD-54376,2025-09-08,7,Riverside,Coffee,Latte,small,1,4.25,4.25,card,yes
ORD-54377,2025-09-08,8,Airport,Coffee,Cappuccino,large,1,6,6,cash,no
ORD-54378,2025-09-08,8,Riverside,Coffee,Americano,small,1,3,3,card,no
ORD-54379,2025-09-08,8,Downtown,Bakery,Croissant,regular,2,3.75,7.5,card,yes
ORD-54380,2025-09-08,8,Riverside,Coffee,Latte,large,1,5.5,5.5,card,yes
ORD-54381,2025-09-08,9,Airport,Coffee,Cold brew,medium,2,5.75,11.5,card,no
ORD-54382,2025-09-08,9,Airport,Coffee,Cappuccino,small,2,4.75,9.5,mobile,yes
ORD-54383,2025-09-08,9,Downtown,Bakery,Banana bread,regular,1,4,4,mobile,yes
ORD-54384,2025-09-08,9,Riverside,Tea,Earl grey,medium,1,3.25,3.25,card,no
ORD-54385,2025-09-08,10,Downtown,Food,Breakfast sandwich,regular,2,8.75,17.5,card,no
ORD-54386,2025-09-08,10,Airport,Bakery,Croissant,regular,1,4.5,4.5,cash,yes
ORD-54387,2025-09-08,11,Airport,Food,Granola bowl,regular,1,8.25,8.25,cash,no
ORD-54388,2025-09-08,11,Riverside,Tea,Matcha latte,medium,1,5.5,5.5,card,yes
ORD-54389,2025-09-08,12,Riverside,Tea,Chai latte,medium,1,4.75,4.75,card,no
ORD-54390,2025-09-08,12,Downtown,Food,Avocado toast,regular,1,9.5,9.5,cash,yes
ORD-54391,2025-09-08,12,Airport,Coffee,Flat white,large,2,6,12,card,yes
ORD-54392,2025-09-08,12,Downtown,Coffee,Latte,small,1,4.25,4.25,card,yes
ORD-54393,2025-09-08,12,Airport,Coffee,Americano,medium,1,4.25,4.25,card,yes
ORD-54394,2025-09-08,12,Airport,Food,Breakfast sandwich,regular,1,9.5,9.5,card,no
ORD-54395,2025-09-08,14,Downtown,Coffee,Latte,medium,2,4.75,9.5,card,no
ORD-54396,2025-09-08,14,Airport,Coffee,Latte,medium,4,5.5,22,card,no
ORD-54397,2025-09-08,15,Airport,Coffee,Flat white,medium,1,5.25,5.25,card,no
ORD-54398,2025-09-08,16,Airport,Coffee,Cold brew,small,1,5.25,5.25,card,yes
ORD-54399,2025-09-08,17,Downtown,Coffee,Americano,medium,1,3.5,3.5,card,no
ORD-54400,2025-09-09,7,Airport,Food,Avocado toast,regular,2,10.25,20.5,mobile,no
ORD-54401,2025-09-09,8,Riverside,Coffee,Americano,medium,1,3.5,3.5,card,no
ORD-54402,2025-09-09,8,Airport,Coffee,Flat white,medium,3,5.25,15.75,mobile,yes
ORD-54403,2025-09-09,8,Riverside,Tea,Chai latte,medium,2,4.75,9.5,card,no
ORD-54404,2025-09-09,8,Downtown,Bakery,Croissant,regular,1,3.75,3.75,mobile,no
ORD-54405,2025-09-09,9,Riverside,Bakery,Croissant,regular,1,3.75,3.75,mobile,no
ORD-54406,2025-09-09,9,Downtown,Coffee,Cold brew,medium,1,5,5,card,yes
ORD-54407,2025-09-09,10,Riverside,Coffee,Cold brew,medium,1,5,5,card,no
ORD-54408,2025-09-09,11,Downtown,Food,Breakfast sandwich,regular,2,8.75,17.5,card,no
ORD-54409,2025-09-09,11,Riverside,Tea,Matcha latte,medium,1,5.5,5.5,mobile,no
ORD-54410,2025-09-09,12,Riverside,Tea,Chai latte,small,1,4.25,4.25,card,no
ORD-54411,2025-09-09,13,Airport,Coffee,Latte,medium,2,5.5,11,mobile,yes
ORD-54412,2025-09-09,13,Downtown,Food,Avocado toast,regular,1,9.5,9.5,card,no
ORD-54413,2025-09-09,13,Airport,Bakery,Cinnamon roll,regular,1,5.25,5.25,card,no
ORD-54414,2025-09-09,13,Riverside,Coffee,Latte,small,1,4.25,4.25,card,no
ORD-54415,2025-09-09,14,Riverside,Coffee,Latte,small,1,4.25,4.25,card,no
ORD-54416,2025-09-09,14,Downtown,Coffee,Americano,large,1,4.25,4.25,cash,yes
ORD-54417,2025-09-09,15,Downtown,Tea,Chai latte,medium,1,4.75,4.75,card,no
ORD-54418,2025-09-09,17,Airport,Coffee,Flat white,medium,1,5.25,5.25,card,no
ORD-54419,2025-09-09,18,Riverside,Coffee,Latte,large,2,5.5,11,mobile,no
ORD-54420,2025-09-10,7,Airport,Bakery,Cinnamon roll,regular,1,5.25,5.25,card,no
ORD-54421,2025-09-10,8,Riverside,Coffee,Cappuccino,medium,1,4.5,4.5,cash,no
ORD-54422,2025-09-10,8,Riverside,Coffee,Espresso,small,1,2.5,2.5,mobile,yes
ORD-54423,2025-09-10,9,Airport,Food,Breakfast sandwich,regular,1,9.5,9.5,card,no
ORD-54424,2025-09-10,9,Riverside,Bakery,Croissant,regular,1,3.75,3.75,card,no
ORD-54425,2025-09-10,10,Riverside,Bakery,Croissant,regular,2,3.75,7.5,cash,no
ORD-54426,2025-09-10,10,Airport,Bakery,Croissant,regular,1,4.5,4.5,card,yes
ORD-54427,2025-09-10,11,Riverside,Bakery,Croissant,regular,1,3.75,3.75,card,no
ORD-54428,2025-09-10,11,Riverside,Coffee,Latte,small,1,4.25,4.25,cash,yes
ORD-54429,2025-09-10,11,Downtown,Food,Breakfast sandwich,regular,1,8.75,8.75,card,no
ORD-54430,2025-09-10,12,Riverside,Coffee,Americano,medium,1,3.5,3.5,mobile,yes
ORD-54431,2025-09-10,14,Airport,Tea,Matcha latte,small,1,5.75,5.75,cash,no
ORD-54432,2025-09-10,15,Riverside,Coffee,Latte,medium,1,4.75,4.75,mobile,no
ORD-54433,2025-09-10,17,Downtown,Coffee,Flat white,large,2,5.25,10.5,card,yes
ORD-54434,2025-09-11,7,Downtown,Coffee,Espresso,small,2,2.5,5,mobile,no
ORD-54435,2025-09-11,7,Riverside,Coffee,Americano,medium,1,3.5,3.5,card,yes
ORD-54436,2025-09-11,8,Riverside,Coffee,Flat white,medium,2,4.5,9,mobile,yes
ORD-54437,2025-09-11,8,Riverside,Food,Breakfast sandwich,regular,1,8.75,8.75,card,no
ORD-54438,2025-09-11,8,Airport,Tea,Matcha latte,medium,2,6.25,12.5,cash,no
ORD-54439,2025-09-11,9,Downtown,Coffee,Americano,small,2,3,6,card,no
ORD-54440,2025-09-11,9,Downtown,Food,Avocado toast,regular,2,9.5,19,card,no
ORD-54441,2025-09-11,9,Downtown,Food,Avocado toast,regular,1,9.5,9.5,cash,no
ORD-54442,2025-09-11,9,Airport,Tea,Earl grey,medium,2,4,8,card,no
ORD-54443,2025-09-11,11,Downtown,Food,Avocado toast,regular,1,9.5,9.5,card,no
ORD-54444,2025-09-11,11,Riverside,Bakery,Banana bread,regular,1,4,4,mobile,no
ORD-54445,2025-09-11,13,Riverside,Coffee,Latte,small,3,4.25,12.75,mobile,no
ORD-54446,2025-09-11,13,Airport,Coffee,Latte,medium,1,5.5,5.5,card,no
ORD-54447,2025-09-11,14,Downtown,Coffee,Flat white,small,1,4,4,cash,yes
ORD-54448,2025-09-11,14,Riverside,Coffee,Cappuccino,medium,1,4.5,4.5,card,yes
ORD-54449,2025-09-11,15,Downtown,Coffee,Cold brew,small,1,4.5,4.5,card,no
ORD-54450,2025-09-11,15,Riverside,Coffee,Cappuccino,medium,2,4.5,9,card,no
ORD-54451,2025-09-11,15,Riverside,Tea,Earl grey,medium,1,3.25,3.25,mobile,no
ORD-54452,2025-09-11,18,Airport,Coffee,Americano,medium,1,4.25,4.25,card,no
ORD-54453,2025-09-12,6,Riverside,Coffee,Latte,medium,1,4.75,4.75,card,yes
ORD-54454,2025-09-12,7,Riverside,Coffee,Americano,small,1,3,3,card,yes
ORD-54455,2025-09-12,7,Riverside,Coffee,Latte,large,1,5.5,5.5,card,no
ORD-54456,2025-09-12,7,Downtown,Coffee,Latte,medium,2,4.75,9.5,card,yes
ORD-54457,2025-09-12,7,Downtown,Coffee,Americano,medium,1,3.5,3.5,card,no
ORD-54458,2025-09-12,8,Riverside,Coffee,Flat white,large,2,5.25,10.5,mobile,yes
ORD-54459,2025-09-12,8,Airport,Coffee,Cold brew,small,2,5.25,10.5,card,no
ORD-54460,2025-09-12,8,Airport,Coffee,Cold brew,medium,1,5.75,5.75,mobile,no
ORD-54461,2025-09-12,9,Downtown,Tea,Chai latte,small,2,4.25,8.5,card,yes
ORD-54462,2025-09-12,9,Downtown,Bakery,Croissant,regular,1,3.75,3.75,card,no
ORD-54463,2025-09-12,11,Riverside,Food,Granola bowl,regular,1,7.5,7.5,card,no
ORD-54464,2025-09-12,12,Riverside,Coffee,Cold brew,medium,1,5,5,cash,yes
ORD-54465,2025-09-12,13,Downtown,Coffee,Latte,small,1,4.25,4.25,card,no
ORD-54466,2025-09-12,15,Riverside,Coffee,Americano,small,1,3,3,mobile,no
ORD-54467,2025-09-12,16,Downtown,Coffee,Americano,medium,1,3.5,3.5,card,yes
ORD-54468,2025-09-13,6,Riverside,Food,Breakfast sandwich,regular,1,8.75,8.75,mobile,yes
ORD-54469,2025-09-13,7,Downtown,Coffee,Espresso,large,1,3.75,3.75,cash,no
ORD-54470,2025-09-13,7,Riverside,Food,Granola bowl,regular,1,7.5,7.5,mobile,no
ORD-54471,2025-09-13,7,Airport,Coffee,Espresso,medium,1,3.75,3.75,mobile,no
ORD-54472,2025-09-13,7,Riverside,Bakery,Croissant,regular,1,3.75,3.75,card,yes
ORD-54473,2025-09-13,7,Riverside,Coffee,Espresso,small,3,2.5,7.5,cash,no
ORD-54474,2025-09-13,7,Riverside,Coffee,Americano,small,2,3,6,card,yes
ORD-54475,2025-09-13,7,Downtown,Food,Avocado toast,regular,1,9.5,9.5,cash,yes
ORD-54476,2025-09-13,8,Riverside,Coffee,Flat white,small,1,4,4,mobile,no
ORD-54477,2025-09-13,8,Riverside,Tea,Chai latte,small,3,4.25,12.75,card,no
ORD-54478,2025-09-13,8,Downtown,Tea,Earl grey,small,1,2.75,2.75,mobile,no
ORD-54479,2025-09-13,9,Riverside,Bakery,Croissant,regular,1,3.75,3.75,card,no
ORD-54480,2025-09-13,9,Airport,Coffee,Cappuccino,large,1,6,6,mobile,no
ORD-54481,2025-09-13,11,Airport,Coffee,Flat white,medium,2,5.25,10.5,card,yes
ORD-54482,2025-09-13,12,Downtown,Coffee,Latte,medium,2,4.75,9.5,card,yes
ORD-54483,2025-09-13,13,Riverside,Coffee,Latte,large,1,5.5,5.5,mobile,yes
ORD-54484,2025-09-13,13,Airport,Coffee,Espresso,small,3,3.25,9.75,card,yes
ORD-54485,2025-09-13,14,Riverside,Tea,Matcha latte,medium,1,5.5,5.5,card,yes
ORD-54486,2025-09-14,7,Downtown,Bakery,Croissant,regular,1,3.75,3.75,card,no
ORD-54487,2025-09-14,7,Riverside,Coffee,Latte,large,1,5.5,5.5,card,no
ORD-54488,2025-09-14,7,Riverside,Bakery,Cinnamon roll,regular,1,4.5,4.5,card,no
ORD-54489,2025-09-14,8,Downtown,Food,Granola bowl,regular,1,7.5,7.5,cash,yes
ORD-54490,2025-09-14,8,Riverside,Food,Breakfast sandwich,regular,1,8.75,8.75,mobile,no
ORD-54491,2025-09-14,8,Riverside,Coffee,Latte,large,1,5.5,5.5,mobile,yes
ORD-54492,2025-09-14,9,Riverside,Tea,Matcha latte,medium,1,5.5,5.5,card,no
ORD-54493,2025-09-14,9,Airport,Tea,Chai latte,large,1,6.25,6.25,mobile,no
ORD-54494,2025-09-14,9,Downtown,Coffee,Espresso,medium,1,3,3,card,no
ORD-54495,2025-09-14,10,Downtown,Bakery,Croissant,regular,1,3.75,3.75,card,yes
ORD-54496,2025-09-14,10,Airport,Coffee,Americano,large,1,5,5,card,yes
ORD-54497,2025-09-14,11,Airport,Coffee,Flat white,medium,1,5.25,5.25,mobile,no
ORD-54498,2025-09-14,11,Downtown,Food,Granola bowl,regular,1,7.5,7.5,card,no
ORD-54499,2025-09-14,12,Downtown,Food,Breakfast sandwich,regular,1,8.75,8.75,cash,no
ORD-54500,2025-09-14,12,Riverside,Bakery,Croissant,regular,1,3.75,3.75,card,no
ORD-54501,2025-09-14,12,Downtown,Food,Avocado toast,regular,1,9.5,9.5,cash,no
ORD-54502,2025-09-14,13,Riverside,Coffee,Latte,medium,1,4.75,4.75,card,no
ORD-54503,2025-09-14,16,Downtown,Coffee,Latte,medium,1,4.75,4.75,card,no
ORD-54504,2025-09-14,16,Riverside,Tea,Matcha latte,medium,1,5.5,5.5,card,no
ORD-54505,2025-09-15,7,Downtown,Tea,Matcha latte,medium,1,5.5,5.5,mobile,no
ORD-54506,2025-09-15,8,Riverside,Coffee,Flat white,large,2,5.25,10.5,mobile,yes
ORD-54507,2025-09-15,8,Airport,Bakery,Banana bread,regular,1,4.75,4.75,card,yes
ORD-54508,2025-09-15,8,Downtown,Bakery,Banana bread,regular,1,4,4,card,no
ORD-54509,2025-09-15,8,Riverside,Coffee,Americano,medium,2,3.5,7,cash,no
ORD-54510,2025-09-15,8,Downtown,Coffee,Espresso,large,1,3.75,3.75,card,yes
ORD-54511,2025-09-15,9,Airport,Bakery,Croissant,regular,1,4.5,4.5,mobile,no
ORD-54512,2025-09-15,9,Airport,Bakery,Croissant,regular,1,4.5,4.5,card,yes
ORD-54513,2025-09-15,9,Riverside,Coffee,Americano,large,1,4.25,4.25,mobile,yes
ORD-54514,2025-09-15,9,Riverside,Tea,Earl grey,large,1,4,4,card,no
ORD-54515,2025-09-15,9,Downtown,Food,Breakfast sandwich,regular,1,8.75,8.75,cash,yes
ORD-54516,2025-09-15,9,Downtown,Food,Breakfast sandwich,regular,1,8.75,8.75,card,no
ORD-54517,2025-09-15,10,Riverside,Coffee,Cold brew,medium,2,5,10,card,yes
ORD-54518,2025-09-15,10,Riverside,Food,Granola bowl,regular,4,7.5,30,card,no
ORD-54519,2025-09-15,11,Airport,Coffee,Americano,medium,1,4.25,4.25,mobile,yes
ORD-54520,2025-09-15,12,Downtown,Tea,Chai latte,large,1,5.5,5.5,mobile,yes
ORD-54521,2025-09-15,13,Airport,Coffee,Americano,small,1,3.75,3.75,card,no
ORD-54522,2025-09-15,14,Riverside,Coffee,Cappuccino,small,1,4,4,card,no
ORD-54523,2025-09-15,15,Downtown,Tea,Matcha latte,small,1,5,5,card,no
ORD-54524,2025-09-15,18,Downtown,Coffee,Americano,medium,1,3.5,3.5,mobile,yes
ORD-54525,2025-09-16,6,Riverside,Tea,Chai latte,small,1,4.25,4.25,card,no
ORD-54526,2025-09-16,6,Downtown,Tea,Chai latte,medium,1,4.75,4.75,card,yes
ORD-54527,2025-09-16,8,Downtown,Tea,Matcha latte,large,1,6.25,6.25,card,yes
ORD-54528,2025-09-16,8,Riverside,Coffee,Cappuccino,small,1,4,4,mobile,no
ORD-54529,2025-09-16,8,Downtown,Bakery,Croissant,regular,1,3.75,3.75,mobile,no
ORD-54530,2025-09-16,8,Riverside,Tea,Earl grey,medium,1,3.25,3.25,mobile,no
ORD-54531,2025-09-16,9,Riverside,Tea,Matcha latte,medium,1,5.5,5.5,card,no
ORD-54532,2025-09-16,11,Riverside,Coffee,Cappuccino,large,3,5.25,15.75,card,no
ORD-54533,2025-09-16,13,Riverside,Coffee,Flat white,medium,1,4.5,4.5,card,no
ORD-54534,2025-09-16,15,Downtown,Coffee,Latte,small,1,4.25,4.25,mobile,no
ORD-54535,2025-09-17,7,Downtown,Coffee,Cold brew,medium,1,5,5,mobile,no
ORD-54536,2025-09-17,7,Riverside,Coffee,Cold brew,small,1,4.5,4.5,card,yes
ORD-54537,2025-09-17,7,Airport,Tea,Matcha latte,medium,2,6.25,12.5,card,no
ORD-54538,2025-09-17,7,Riverside,Coffee,Cappuccino,large,1,5.25,5.25,card,yes
ORD-54539,2025-09-17,8,Downtown,Bakery,Croissant,regular,1,3.75,3.75,mobile,no
ORD-54540,2025-09-17,8,Downtown,Coffee,Cold brew,small,1,4.5,4.5,card,no
ORD-54541,2025-09-17,8,Riverside,Coffee,Flat white,small,1,4,4,card,no
ORD-54542,2025-09-17,8,Riverside,Bakery,Croissant,regular,1,3.75,3.75,mobile,no
ORD-54543,2025-09-17,9,Riverside,Food,Breakfast sandwich,regular,1,8.75,8.75,mobile,no
ORD-54544,2025-09-17,9,Riverside,Coffee,Latte,medium,1,4.75,4.75,card,yes
ORD-54545,2025-09-17,10,Riverside,Food,Breakfast sandwich,regular,2,8.75,17.5,card,no
ORD-54546,2025-09-17,11,Riverside,Bakery,Croissant,regular,1,3.75,3.75,cash,no
ORD-54547,2025-09-17,11,Airport,Tea,Chai latte,small,1,5,5,cash,no
ORD-54548,2025-09-17,11,Riverside,Coffee,Cappuccino,medium,1,4.5,4.5,card,no
ORD-54549,2025-09-17,12,Riverside,Coffee,Cold brew,medium,1,5,5,card,no
ORD-54550,2025-09-17,12,Airport,Food,Granola bowl,regular,1,8.25,8.25,mobile,no
ORD-54551,2025-09-17,12,Airport,Coffee,Americano,small,1,3.75,3.75,cash,yes
ORD-54552,2025-09-17,13,Downtown,Tea,Matcha latte,small,2,5,10,card,yes
ORD-54553,2025-09-17,13,Riverside,Food,Breakfast sandwich,regular,1,8.75,8.75,mobile,no
ORD-54554,2025-09-17,14,Riverside,Bakery,Croissant,regular,1,3.75,3.75,card,no
ORD-54555,2025-09-17,15,Airport,Coffee,Cold brew,medium,1,5.75,5.75,card,no
ORD-54556,2025-09-17,15,Riverside,Tea,Matcha latte,small,1,5,5,card,no
ORD-54557,2025-09-17,15,Riverside,Coffee,Espresso,small,1,2.5,2.5,card,no
ORD-54558,2025-09-17,15,Downtown,Coffee,Flat white,medium,1,4.5,4.5,mobile,no
ORD-54559,2025-09-17,16,Airport,Food,Breakfast sandwich,regular,1,9.5,9.5,mobile,no
ORD-54560,2025-09-18,7,Airport,Bakery,Cinnamon roll,regular,1,5.25,5.25,card,no
ORD-54561,2025-09-18,7,Airport,Coffee,Flat white,medium,1,5.25,5.25,card,yes
ORD-54562,2025-09-18,7,Downtown,Bakery,Croissant,regular,2,3.75,7.5,card,yes
ORD-54563,2025-09-18,7,Riverside,Bakery,Croissant,regular,1,3.75,3.75,cash,no
ORD-54564,2025-09-18,7,Downtown,Food,Avocado toast,regular,1,9.5,9.5,mobile,no
ORD-54565,2025-09-18,8,Downtown,Food,Avocado toast,regular,1,9.5,9.5,card,no
ORD-54566,2025-09-18,8,Riverside,Coffee,Espresso,medium,1,3,3,card,no
ORD-54567,2025-09-18,8,Downtown,Coffee,Espresso,large,1,3.75,3.75,card,yes
ORD-54568,2025-09-18,8,Airport,Coffee,Flat white,large,1,6,6,card,no
ORD-54569,2025-09-18,8,Downtown,Coffee,Latte,large,1,5.5,5.5,mobile,no
ORD-54570,2025-09-18,9,Riverside,Coffee,Latte,large,1,5.5,5.5,card,no
ORD-54571,2025-09-18,9,Riverside,Coffee,Espresso,large,1,3.75,3.75,card,yes
ORD-54572,2025-09-18,9,Airport,Bakery,Croissant,regular,1,4.5,4.5,mobile,yes
ORD-54573,2025-09-18,9,Riverside,Coffee,Latte,large,1,5.5,5.5,mobile,no
ORD-54574,2025-09-18,9,Downtown,Coffee,Latte,medium,1,4.75,4.75,card,no
ORD-54575,2025-09-18,9,Downtown,Coffee,Latte,large,1,5.5,5.5,card,no
ORD-54576,2025-09-18,10,Riverside,Bakery,Cinnamon roll,regular,1,4.5,4.5,mobile,yes
ORD-54577,2025-09-18,10,Downtown,Food,Granola bowl,regular,1,7.5,7.5,mobile,yes
ORD-54578,2025-09-18,11,Downtown,Tea,Matcha latte,medium,2,5.5,11,card,no
ORD-54579,2025-09-18,11,Airport,Coffee,Flat white,medium,1,5.25,5.25,card,yes
ORD-54580,2025-09-18,15,Airport,Coffee,Latte,medium,2,5.5,11,cash,yes
ORD-54581,2025-09-18,15,Airport,Coffee,Espresso,medium,1,3.75,3.75,card,no
ORD-54582,2025-09-19,6,Riverside,Coffee,Espresso,medium,4,3,12,card,no
ORD-54583,2025-09-19,7,Riverside,Tea,Chai latte,medium,1,4.75,4.75,card,no
ORD-54584,2025-09-19,7,Riverside,Bakery,Cinnamon roll,regular,1,4.5,4.5,cash,yes
ORD-54585,2025-09-19,7,Downtown,Food,Granola bowl,regular,3,7.5,22.5,card,yes
ORD-54586,2025-09-19,8,Downtown,Coffee,Flat white,medium,2,4.5,9,mobile,yes
ORD-54587,2025-09-19,9,Riverside,Coffee,Flat white,small,1,4,4,card,yes
ORD-54588,2025-09-19,11,Riverside,Tea,Chai latte,medium,1,4.75,4.75,card,yes
ORD-54589,2025-09-19,11,Downtown,Food,Granola bowl,regular,1,7.5,7.5,card,yes
ORD-54590,2025-09-19,11,Downtown,Food,Avocado toast,regular,2,9.5,19,card,no
ORD-54591,2025-09-19,11,Riverside,Food,Granola bowl,regular,1,7.5,7.5,card,no
ORD-54592,2025-09-19,12,Downtown,Coffee,Latte,small,3,4.25,12.75,card,yes
ORD-54593,2025-09-19,12,Riverside,Coffee,Latte,small,1,4.25,4.25,mobile,yes
ORD-54594,2025-09-19,13,Downtown,Food,Breakfast sandwich,regular,1,8.75,8.75,mobile,no
ORD-54595,2025-09-19,14,Riverside,Bakery,Banana bread,regular,1,4,4,cash,no
ORD-54596,2025-09-19,15,Airport,Coffee,Latte,large,1,6.25,6.25,card,no
ORD-54597,2025-09-20,6,Airport,Bakery,Banana bread,regular,1,4.75,4.75,card,no
ORD-54598,2025-09-20,7,Airport,Coffee,Espresso,medium,1,3.75,3.75,card,yes
ORD-54599,2025-09-20,8,Downtown,Bakery,Banana bread,regular,1,4,4,card,no
ORD-54600,2025-09-20,8,Airport,Food,Avocado toast,regular,1,10.25,10.25,card,no
ORD-54601,2025-09-20,8,Riverside,Coffee,Cappuccino,small,1,4,4,card,no
ORD-54602,2025-09-20,9,Airport,Coffee,Cold brew,large,1,6.5,6.5,card,no
ORD-54603,2025-09-20,11,Airport,Coffee,Espresso,medium,2,3.75,7.5,card,no
ORD-54604,2025-09-20,11,Riverside,Coffee,Cappuccino,small,1,4,4,mobile,yes
ORD-54605,2025-09-20,12,Airport,Food,Granola bowl,regular,1,8.25,8.25,card,yes
ORD-54606,2025-09-20,12,Downtown,Food,Avocado toast,regular,2,9.5,19,cash,no
ORD-54607,2025-09-20,13,Downtown,Tea,Matcha latte,large,1,6.25,6.25,card,no
ORD-54608,2025-09-20,14,Downtown,Bakery,Croissant,regular,2,3.75,7.5,cash,no
ORD-54609,2025-09-20,14,Airport,Coffee,Flat white,medium,1,5.25,5.25,card,yes
ORD-54610,2025-09-20,17,Airport,Food,Granola bowl,regular,1,8.25,8.25,card,yes
ORD-54611,2025-09-20,18,Downtown,Coffee,Espresso,medium,2,3,6,card,no
ORD-54612,2025-09-21,6,Downtown,Tea,Matcha latte,medium,1,5.5,5.5,mobile,no
ORD-54613,2025-09-21,6,Riverside,Tea,Matcha latte,large,1,6.25,6.25,card,no
ORD-54614,2025-09-21,6,Downtown,Coffee,Latte,medium,1,4.75,4.75,card,no
ORD-54615,2025-09-21,6,Downtown,Coffee,Latte,medium,1,4.75,4.75,mobile,no
ORD-54616,2025-09-21,6,Downtown,Bakery,Croissant,regular,2,3.75,7.5,card,yes
ORD-54617,2025-09-21,7,Downtown,Coffee,Flat white,large,1,5.25,5.25,mobile,yes
ORD-54618,2025-09-21,7,Riverside,Tea,Matcha latte,small,1,5,5,card,no
ORD-54619,2025-09-21,7,Riverside,Coffee,Americano,large,2,4.25,8.5,card,no
ORD-54620,2025-09-21,8,Downtown,Coffee,Cold brew,large,1,5.75,5.75,card,no
ORD-54621,2025-09-21,8,Airport,Bakery,Banana bread,regular,1,4.75,4.75,card,no
ORD-54622,2025-09-21,9,Downtown,Tea,Earl grey,medium,1,3.25,3.25,card,no
ORD-54623,2025-09-21,9,Downtown,Coffee,Cold brew,large,1,5.75,5.75,card,no
ORD-54624,2025-09-21,9,Riverside,Tea,Matcha latte,large,1,6.25,6.25,card,yes
ORD-54625,2025-09-21,9,Downtown,Coffee,Flat white,large,1,5.25,5.25,card,yes
ORD-54626,2025-09-21,9,Airport,Coffee,Espresso,small,1,3.25,3.25,card,yes
ORD-54627,2025-09-21,9,Airport,Bakery,Cinnamon roll,regular,1,5.25,5.25,card,yes
ORD-54628,2025-09-21,10,Riverside,Coffee,Americano,large,1,4.25,4.25,cash,no
ORD-54629,2025-09-21,10,Downtown,Coffee,Cold brew,small,1,4.5,4.5,cash,no
ORD-54630,2025-09-21,11,Downtown,Coffee,Latte,large,2,5.5,11,card,yes
ORD-54631,2025-09-21,11,Downtown,Food,Avocado toast,regular,1,9.5,9.5,card,no
ORD-54632,2025-09-21,12,Downtown,Food,Granola bowl,regular,2,7.5,15,cash,no
ORD-54633,2025-09-21,12,Downtown,Coffee,Latte,large,1,5.5,5.5,cash,yes
ORD-54634,2025-09-21,13,Downtown,Coffee,Cold brew,large,2,5.75,11.5,mobile,no
ORD-54635,2025-09-21,13,Airport,Coffee,Americano,large,1,5,5,card,no
ORD-54636,2025-09-21,14,Riverside,Coffee,Cold brew,medium,1,5,5,cash,no
ORD-54637,2025-09-21,14,Riverside,Coffee,Americano,medium,4,3.5,14,mobile,yes
ORD-54638,2025-09-21,16,Downtown,Coffee,Cold brew,large,1,5.75,5.75,mobile,no
ORD-54639,2025-09-22,7,Airport,Tea,Chai latte,medium,1,5.5,5.5,mobile,yes
ORD-54640,2025-09-22,7,Airport,Tea,Chai latte,small,1,5,5,card,no
ORD-54641,2025-09-22,8,Downtown,Coffee,Flat white,medium,1,4.5,4.5,card,no
ORD-54642,2025-09-22,8,Airport,Bakery,Croissant,regular,1,4.5,4.5,card,yes
ORD-54643,2025-09-22,8,Downtown,Coffee,Flat white,large,1,5.25,5.25,card,yes
ORD-54644,2025-09-22,9,Riverside,Coffee,Latte,medium,1,4.75,4.75,card,yes
ORD-54645,2025-09-22,10,Riverside,Tea,Matcha latte,medium,2,5.5,11,card,no
ORD-54646,2025-09-22,10,Airport,Food,Granola bowl,regular,2,8.25,16.5,card,no
ORD-54647,2025-09-22,10,Riverside,Tea,Earl grey,large,1,4,4,card,yes
ORD-54648,2025-09-22,10,Downtown,Coffee,Flat white,medium,3,4.5,13.5,cash,yes
ORD-54649,2025-09-22,10,Downtown,Food,Granola bowl,regular,1,7.5,7.5,mobile,yes
ORD-54650,2025-09-22,11,Riverside,Food,Breakfast sandwich,regular,1,8.75,8.75,card,no
ORD-54651,2025-09-22,12,Downtown,Food,Breakfast sandwich,regular,3,8.75,26.25,card,yes
ORD-54652,2025-09-22,13,Riverside,Food,Breakfast sandwich,regular,1,8.75,8.75,mobile,yes
ORD-54653,2025-09-22,13,Downtown,Bakery,Croissant,regular,1,3.75,3.75,card,no
ORD-54654,2025-09-22,14,Downtown,Tea,Chai latte,large,1,5.5,5.5,cash,yes
ORD-54655,2025-09-22,14,Riverside,Coffee,Flat white,large,1,5.25,5.25,card,no
ORD-54656,2025-09-22,18,Downtown,Coffee,Cappuccino,medium,1,4.5,4.5,card,no
ORD-54657,2025-09-22,18,Downtown,Bakery,Cinnamon roll,regular,1,4.5,4.5,card,no
ORD-54658,2025-09-23,7,Downtown,Bakery,Croissant,regular,1,3.75,3.75,card,yes
ORD-54659,2025-09-23,8,Airport,Coffee,Americano,small,1,3.75,3.75,card,no
ORD-54660,2025-09-23,8,Downtown,Coffee,Espresso,large,1,3.75,3.75,mobile,yes
ORD-54661,2025-09-23,9,Downtown,Coffee,Espresso,medium,1,3,3,card,no
ORD-54662,2025-09-23,9,Airport,Coffee,Flat white,medium,1,5.25,5.25,mobile,no
ORD-54663,2025-09-23,10,Airport,Coffee,Espresso,large,2,4.5,9,mobile,yes
ORD-54664,2025-09-23,10,Riverside,Bakery,Cinnamon roll,regular,1,4.5,4.5,card,yes
ORD-54665,2025-09-23,10,Riverside,Food,Avocado toast,regular,1,9.5,9.5,card,no
ORD-54666,2025-09-23,10,Airport,Bakery,Croissant,regular,1,4.5,4.5,card,yes
ORD-54667,2025-09-23,10,Riverside,Coffee,Flat white,medium,1,4.5,4.5,cash,yes
ORD-54668,2025-09-23,10,Downtown,Coffee,Flat white,medium,1,4.5,4.5,card,yes
ORD-54669,2025-09-23,11,Riverside,Bakery,Croissant,regular,1,3.75,3.75,mobile,yes
ORD-54670,2025-09-23,12,Airport,Food,Breakfast sandwich,regular,1,9.5,9.5,card,no
ORD-54671,2025-09-23,13,Downtown,Bakery,Banana bread,regular,1,4,4,mobile,yes
ORD-54672,2025-09-23,15,Airport,Bakery,Croissant,regular,1,4.5,4.5,card,no
ORD-54673,2025-09-23,17,Downtown,Coffee,Latte,large,1,5.5,5.5,cash,no
ORD-54674,2025-09-23,18,Downtown,Coffee,Espresso,medium,2,3,6,cash,no
ORD-54675,2025-09-24,6,Downtown,Coffee,Flat white,medium,1,4.5,4.5,card,yes
ORD-54676,2025-09-24,7,Downtown,Coffee,Americano,medium,2,3.5,7,mobile,yes
ORD-54677,2025-09-24,8,Downtown,Tea,Matcha latte,small,1,5,5,cash,yes
ORD-54678,2025-09-24,8,Downtown,Coffee,Latte,large,2,5.5,11,card,no
ORD-54679,2025-09-24,8,Downtown,Food,Avocado toast,regular,1,9.5,9.5,mobile,no
ORD-54680,2025-09-24,10,Downtown,Coffee,Espresso,medium,2,3,6,card,no
ORD-54681,2025-09-24,10,Downtown,Coffee,Americano,medium,1,3.5,3.5,card,yes
ORD-54682,2025-09-24,10,Riverside,Coffee,Americano,large,1,4.25,4.25,card,no
ORD-54683,2025-09-24,11,Downtown,Food,Breakfast sandwich,regular,1,8.75,8.75,cash,no
ORD-54684,2025-09-24,11,Airport,Coffee,Flat white,small,1,4.75,4.75,card,no
ORD-54685,2025-09-24,11,Airport,Tea,Matcha latte,large,3,7,21,card,no
ORD-54686,2025-09-24,11,Downtown,Coffee,Latte,medium,1,4.75,4.75,card,no
ORD-54687,2025-09-24,12,Riverside,Tea,Chai latte,small,1,4.25,4.25,card,yes
ORD-54688,2025-09-24,12,Airport,Food,Granola bowl,regular,1,8.25,8.25,card,no
ORD-54689,2025-09-24,13,Riverside,Bakery,Croissant,regular,1,3.75,3.75,cash,yes
ORD-54690,2025-09-24,14,Downtown,Coffee,Latte,small,1,4.25,4.25,card,no
ORD-54691,2025-09-24,15,Downtown,Bakery,Cinnamon roll,regular,1,4.5,4.5,card,yes
ORD-54692,2025-09-24,15,Downtown,Bakery,Croissant,regular,1,3.75,3.75,card,yes
ORD-54693,2025-09-24,17,Riverside,Coffee,Americano,medium,1,3.5,3.5,card,yes
ORD-54694,2025-09-25,6,Downtown,Coffee,Cold brew,medium,1,5,5,card,yes
ORD-54695,2025-09-25,6,Riverside,Coffee,Latte,small,2,4.25,8.5,card,yes
ORD-54696,2025-09-25,7,Downtown,Coffee,Cappuccino,medium,1,4.5,4.5,card,yes
ORD-54697,2025-09-25,7,Riverside,Coffee,Cold brew,medium,1,5,5,mobile,no
ORD-54698,2025-09-25,8,Airport,Tea,Chai latte,medium,2,5.5,11,card,no
ORD-54699,2025-09-25,8,Airport,Coffee,Flat white,medium,1,5.25,5.25,card,no
ORD-54700,2025-09-25,8,Airport,Coffee,Cappuccino,medium,2,5.25,10.5,card,yes
ORD-54701,2025-09-25,9,Riverside,Coffee,Espresso,medium,1,3,3,cash,no
ORD-54702,2025-09-25,10,Riverside,Tea,Earl grey,medium,1,3.25,3.25,card,no
ORD-54703,2025-09-25,10,Downtown,Coffee,Latte,medium,1,4.75,4.75,mobile,yes
ORD-54704,2025-09-25,10,Downtown,Coffee,Americano,large,1,4.25,4.25,card,no
ORD-54705,2025-09-25,11,Riverside,Coffee,Flat white,large,1,5.25,5.25,card,no
ORD-54706,2025-09-25,13,Airport,Coffee,Espresso,medium,2,3.75,7.5,card,yes
ORD-54707,2025-09-25,13,Riverside,Coffee,Americano,medium,1,3.5,3.5,mobile,yes
ORD-54708,2025-09-25,15,Downtown,Tea,Chai latte,small,1,4.25,4.25,mobile,no
ORD-54709,2025-09-25,17,Riverside,Coffee,Americano,medium,1,3.5,3.5,mobile,no
ORD-54710,2025-09-25,18,Airport,Tea,Chai latte,large,1,6.25,6.25,mobile,no
ORD-54711,2025-09-26,6,Downtown,Bakery,Banana bread,regular,1,4,4,card,no
ORD-54712,2025-09-26,7,Airport,Coffee,Cold brew,medium,1,5.75,5.75,mobile,no
ORD-54713,2025-09-26,8,Airport,Tea,Chai latte,small,1,5,5,mobile,yes
ORD-54714,2025-09-26,8,Riverside,Food,Granola bowl,regular,2,7.5,15,card,no
ORD-54715,2025-09-26,8,Downtown,Coffee,Americano,medium,1,3.5,3.5,cash,yes
ORD-54716,2025-09-26,8,Downtown,Coffee,Flat white,medium,1,4.5,4.5,card,yes
ORD-54717,2025-09-26,9,Riverside,Tea,Matcha latte,small,3,5,15,mobile,no
ORD-54718,2025-09-26,9,Downtown,Coffee,Latte,large,1,5.5,5.5,mobile,no
ORD-54719,2025-09-26,9,Airport,Coffee,Cold brew,large,1,6.5,6.5,mobile,yes
ORD-54720,2025-09-26,11,Riverside,Food,Granola bowl,regular,1,7.5,7.5,card,no
ORD-54721,2025-09-26,11,Downtown,Food,Breakfast sandwich,regular,1,8.75,8.75,card,no
ORD-54722,2025-09-26,13,Downtown,Coffee,Americano,large,1,4.25,4.25,mobile,no
ORD-54723,2025-09-26,13,Downtown,Coffee,Latte,small,1,4.25,4.25,card,no
ORD-54724,2025-09-26,14,Airport,Coffee,Cold brew,small,2,5.25,10.5,card,no
ORD-54725,2025-09-26,14,Riverside,Tea,Chai latte,medium,2,4.75,9.5,cash,no
ORD-54726,2025-09-27,7,Downtown,Coffee,Americano,medium,1,3.5,3.5,card,yes
ORD-54727,2025-09-27,7,Airport,Coffee,Flat white,small,1,4.75,4.75,card,yes
ORD-54728,2025-09-27,7,Airport,Bakery,Croissant,regular,2,4.5,9,card,no
ORD-54729,2025-09-27,7,Riverside,Bakery,Croissant,regular,2,3.75,7.5,card,no
ORD-54730,2025-09-27,7,Riverside,Coffee,Flat white,medium,1,4.5,4.5,card,no
ORD-54731,2025-09-27,8,Riverside,Food,Breakfast sandwich,regular,1,8.75,8.75,card,no
ORD-54732,2025-09-27,8,Riverside,Coffee,Latte,medium,1,4.75,4.75,mobile,no
ORD-54733,2025-09-27,8,Downtown,Food,Granola bowl,regular,1,7.5,7.5,card,no
ORD-54734,2025-09-27,8,Downtown,Bakery,Croissant,regular,1,3.75,3.75,cash,no
ORD-54735,2025-09-27,8,Riverside,Bakery,Cinnamon roll,regular,1,4.5,4.5,card,no
ORD-54736,2025-09-27,9,Riverside,Bakery,Croissant,regular,3,3.75,11.25,mobile,no
ORD-54737,2025-09-27,9,Riverside,Bakery,Croissant,regular,1,3.75,3.75,card,no
ORD-54738,2025-09-27,9,Airport,Coffee,Cappuccino,small,2,4.75,9.5,card,yes
ORD-54739,2025-09-27,9,Downtown,Coffee,Flat white,small,1,4,4,card,yes
ORD-54740,2025-09-27,9,Riverside,Coffee,Latte,medium,1,4.75,4.75,card,yes
ORD-54741,2025-09-27,9,Riverside,Bakery,Cinnamon roll,regular,1,4.5,4.5,card,no
ORD-54742,2025-09-27,10,Downtown,Coffee,Americano,small,2,3,6,card,no
ORD-54743,2025-09-27,10,Airport,Bakery,Cinnamon roll,regular,1,5.25,5.25,card,yes
ORD-54744,2025-09-27,10,Riverside,Coffee,Latte,large,1,5.5,5.5,card,no
ORD-54745,2025-09-27,12,Downtown,Coffee,Flat white,medium,1,4.5,4.5,card,yes
ORD-54746,2025-09-27,12,Downtown,Coffee,Latte,medium,2,4.75,9.5,card,yes
ORD-54747,2025-09-27,13,Downtown,Food,Avocado toast,regular,2,9.5,19,cash,no
ORD-54748,2025-09-27,13,Downtown,Bakery,Croissant,regular,1,3.75,3.75,card,no
ORD-54749,2025-09-27,14,Downtown,Tea,Matcha latte,medium,1,5.5,5.5,mobile,no
ORD-54750,2025-09-27,14,Downtown,Coffee,Flat white,medium,1,4.5,4.5,card,yes
ORD-54751,2025-09-27,15,Riverside,Coffee,Flat white,medium,1,4.5,4.5,card,no
ORD-54752,2025-09-27,16,Airport,Coffee,Flat white,small,1,4.75,4.75,cash,yes
ORD-54753,2025-09-28,6,Downtown,Coffee,Latte,medium,2,4.75,9.5,cash,yes
ORD-54754,2025-09-28,8,Downtown,Coffee,Latte,medium,1,4.75,4.75,card,no
ORD-54755,2025-09-28,8,Downtown,Coffee,Flat white,medium,1,4.5,4.5,mobile,yes
ORD-54756,2025-09-28,8,Downtown,Coffee,Espresso,medium,1,3,3,card,no
ORD-54757,2025-09-28,8,Riverside,Coffee,Flat white,large,2,5.25,10.5,cash,no
ORD-54758,2025-09-28,9,Riverside,Coffee,Americano,large,1,4.25,4.25,cash,no
ORD-54759,2025-09-28,9,Riverside,Coffee,Cappuccino,large,1,5.25,5.25,card,yes
ORD-54760,2025-09-28,9,Airport,Tea,Earl grey,medium,1,4,4,card,no
ORD-54761,2025-09-28,10,Airport,Coffee,Americano,large,1,5,5,card,no
ORD-54762,2025-09-28,12,Riverside,Coffee,Americano,large,1,4.25,4.25,card,yes
ORD-54763,2025-09-28,12,Downtown,Coffee,Cold brew,small,1,4.5,4.5,card,yes
ORD-54764,2025-09-28,14,Downtown,Coffee,Flat white,small,1,4,4,cash,no
ORD-54765,2025-09-28,14,Downtown,Coffee,Americano,large,1,4.25,4.25,card,yes
ORD-54766,2025-09-28,14,Downtown,Coffee,Espresso,medium,1,3,3,cash,no
ORD-54767,2025-09-28,15,Downtown,Tea,Matcha latte,medium,1,5.5,5.5,mobile,no
ORD-54768,2025-09-28,15,Riverside,Coffee,Latte,medium,1,4.75,4.75,card,yes
ORD-54769,2025-09-28,15,Riverside,Coffee,Latte,medium,1,4.75,4.75,cash,no
ORD-54770,2025-09-28,16,Downtown,Bakery,Banana bread,regular,1,4,4,card,yes
ORD-54771,2025-09-29,7,Downtown,Coffee,Latte,small,1,4.25,4.25,mobile,no
ORD-54772,2025-09-29,7,Riverside,Food,Avocado toast,regular,2,9.5,19,card,no
ORD-54773,2025-09-29,9,Downtown,Bakery,Croissant,regular,1,3.75,3.75,cash,no
ORD-54774,2025-09-29,9,Airport,Coffee,Latte,large,1,6.25,6.25,mobile,no
ORD-54775,2025-09-29,9,Downtown,Coffee,Latte,medium,1,4.75,4.75,card,no
ORD-54776,2025-09-29,9,Downtown,Coffee,Americano,large,1,4.25,4.25,mobile,yes
ORD-54777,2025-09-29,9,Downtown,Coffee,Cold brew,large,1,5.75,5.75,card,no
ORD-54778,2025-09-29,10,Riverside,Coffee,Cappuccino,large,2,5.25,10.5,card,yes
ORD-54779,2025-09-29,11,Downtown,Food,Avocado toast,regular,1,9.5,9.5,card,no
ORD-54780,2025-09-29,12,Downtown,Bakery,Cinnamon roll,regular,1,4.5,4.5,card,no
ORD-54781,2025-09-29,12,Riverside,Coffee,Cappuccino,medium,2,4.5,9,card,no
ORD-54782,2025-09-29,12,Riverside,Bakery,Banana bread,regular,2,4,8,card,yes
ORD-54783,2025-09-29,15,Airport,Bakery,Croissant,regular,1,4.5,4.5,mobile,no
ORD-54784,2025-09-29,15,Airport,Food,Breakfast sandwich,regular,1,9.5,9.5,card,yes
ORD-54785,2025-09-29,15,Riverside,Coffee,Latte,large,1,5.5,5.5,card,no
ORD-54786,2025-09-29,16,Riverside,Coffee,Latte,medium,2,4.75,9.5,mobile,no
ORD-54787,2025-09-30,8,Downtown,Coffee,Flat white,small,1,4,4,card,yes
ORD-54788,2025-09-30,8,Airport,Food,Granola bowl,regular,1,8.25,8.25,mobile,yes
ORD-54789,2025-09-30,9,Downtown,Bakery,Croissant,regular,1,3.75,3.75,card,no
ORD-54790,2025-09-30,9,Downtown,Coffee,Americano,large,1,4.25,4.25,card,no
ORD-54791,2025-09-30,11,Downtown,Coffee,Americano,small,1,3,3,cash,yes
ORD-54792,2025-09-30,11,Airport,Coffee,Espresso,small,1,3.25,3.25,mobile,no
ORD-54793,2025-09-30,12,Downtown,Tea,Chai latte,medium,2,4.75,9.5,card,no
ORD-54794,2025-09-30,12,Airport,Tea,Earl grey,large,1,4.75,4.75,card,no
ORD-54795,2025-09-30,12,Airport,Food,Avocado toast,regular,1,10.25,10.25,card,no
ORD-54796,2025-09-30,13,Riverside,Tea,Chai latte,small,1,4.25,4.25,card,no
ORD-54797,2025-09-30,15,Downtown,Coffee,Latte,large,1,5.5,5.5,cash,yes
ORD-54798,2025-09-30,15,Downtown,Coffee,Cold brew,medium,1,5,5,card,no
ORD-54799,2025-09-30,15,Downtown,Food,Breakfast sandwich,regular,1,8.75,8.75,card,no
