subscription_id,company,plan,billing_cycle,country,acquisition_channel,signup_date,churn_date,status,seats,mrr_usd
SUB-13001,Bluebird Foods,Scale,monthly,Australia,referral,2024-01-01,2025-12-17,churned,36,731
SUB-11503,Acme Studio,Scale,monthly,United Kingdom,referral,2024-01-02,,active,40,779
SUB-12741,Vela Systems,Growth,monthly,France,partner,2024-01-02,2024-06-07,churned,3,128.7
SUB-10103,Lumen Works,Growth,monthly,United States,organic search,2024-01-03,2024-02-02,churned,2,113.85
SUB-12833,Atlas Works,Growth,annual,United Kingdom,referral,2024-01-03,,active,8,172.51
SUB-12858,Atlas Retail,Enterprise,monthly,Brazil,partner,2024-01-03,,active,45,1605
SUB-11414,Nimbus Labs,Growth,monthly,United States,outbound sales,2024-01-06,,active,7,188.1
SUB-11509,Harbor Health,Growth,monthly,United Kingdom,outbound sales,2024-01-06,2025-04-15,churned,7,188.1
SUB-11568,Northwind Labs,Starter,monthly,United States,paid search,2024-01-06,2024-09-09,churned,10,68.15
SUB-11711,Quill Foods,Growth,annual,India,organic search,2024-01-06,,active,2,96.77
SUB-12698,Orbit Systems,Starter,monthly,United States,organic search,2024-01-06,,active,3,37.7
SUB-12818,Acme Retail,Starter,monthly,Japan,outbound sales,2024-01-06,2024-03-30,churned,7,55.1
SUB-10560,Bluebird Retail,Starter,monthly,United States,partner,2024-01-07,2024-02-06,churned,2,33.35
SUB-13050,Fable Partners,Scale,annual,United States,content,2024-01-07,2025-03-12,churned,5,305.15
SUB-11441,Copper Studio,Starter,monthly,United States,paid search,2024-01-08,2024-09-13,churned,6,50.75
SUB-13083,Juniper Analytics,Scale,annual,Japan,paid search,2024-01-08,,active,7,325.55
SUB-12033,Acme Health,Starter,annual,Australia,paid search,2024-01-09,,active,8,50.53
SUB-10068,Harbor Health,Growth,monthly,United States,organic search,2024-01-11,,active,1,99
SUB-10525,Atlas Retail,Growth,annual,United Kingdom,outbound sales,2024-01-12,,active,8,172.51
SUB-10555,Lumen Works,Growth,annual,Germany,outbound sales,2024-01-12,,active,6,147.26
SUB-11161,Pine Retail,Starter,annual,United Kingdom,referral,2024-01-12,2024-06-14,churned,10,57.93
SUB-11805,Copper Partners,Starter,monthly,France,outbound sales,2024-01-12,2025-08-16,churned,6,50.75
SUB-12375,Quill Systems,Scale,monthly,Canada,paid search,2024-01-12,,active,18,515
SUB-12435,Kestrel Logistics,Growth,monthly,United States,organic search,2024-01-12,,active,3,128.7
SUB-12507,Fable Partners,Scale,monthly,Canada,paid search,2024-01-12,,active,7,383
SUB-10427,Copper Works,Growth,monthly,United States,referral,2024-01-13,,active,2,113.85
SUB-12201,Harbor Works,Starter,monthly,Germany,partner,2024-01-13,,active,9,63.8
SUB-10720,Bluebird Studio,Growth,monthly,United States,organic search,2024-01-14,2024-11-03,churned,5,158.4
SUB-12471,Juniper Logistics,Starter,annual,Germany,organic search,2024-01-14,,active,10,57.93
SUB-10838,Juniper Retail,Growth,monthly,United States,referral,2024-01-15,,active,2,113.85
SUB-11734,Atlas Studio,Starter,annual,United States,organic search,2024-01-15,2024-05-19,churned,6,43.14
SUB-11440,Kestrel Labs,Growth,monthly,United States,organic search,2024-01-16,,active,10,232.65
SUB-12504,Bluebird Systems,Starter,annual,United States,organic search,2024-01-16,,active,1,24.65
SUB-11304,Kestrel Health,Starter,monthly,United States,referral,2024-01-17,,active,7,55.1
SUB-10837,Atlas Logistics,Growth,monthly,United States,organic search,2024-01-18,2024-07-27,churned,5,158.4
SUB-11625,Nimbus Partners,Growth,monthly,Australia,paid search,2024-01-18,,active,8,202.95
SUB-11885,Vela Logistics,Starter,monthly,United States,referral,2024-01-18,2025-02-20,churned,10,68.15
SUB-12267,Acme Retail,Starter,monthly,United States,referral,2024-01-18,,active,7,55.1
SUB-12712,Fable Studio,Enterprise,monthly,Canada,organic search,2024-01-18,,active,189,2901
SUB-10606,Fable Foods,Growth,monthly,United States,content,2024-01-19,2025-08-12,churned,7,188.1
SUB-11557,Lumen Foods,Growth,monthly,Japan,organic search,2024-01-19,,active,2,113.85
SUB-12229,Bluebird Health,Growth,monthly,Australia,paid search,2024-01-19,2025-06-03,churned,1,99
SUB-10472,Juniper Works,Starter,monthly,France,paid search,2024-01-20,,active,5,46.4
SUB-11154,Copper Works,Growth,monthly,Germany,partner,2024-01-20,2024-04-04,churned,4,143.55
SUB-12486,Copper Retail,Growth,monthly,United States,outbound sales,2024-01-20,2024-05-05,churned,7,188.1
SUB-11900,Northwind Retail,Starter,monthly,Australia,referral,2024-01-21,,active,4,42.05
SUB-12185,Orbit Labs,Starter,annual,Germany,content,2024-01-21,,active,5,39.44
SUB-10695,Bluebird Foods,Growth,annual,India,partner,2024-01-22,2025-07-25,churned,8,172.51
SUB-12695,Nimbus Labs,Growth,monthly,India,organic search,2024-01-22,2025-12-26,churned,9,217.8
SUB-10445,Orbit Analytics,Starter,monthly,Canada,referral,2024-01-23,2024-02-22,churned,8,59.45
SUB-10632,Bluebird Systems,Starter,annual,India,paid search,2024-01-23,2024-07-05,churned,3,32.05
SUB-11185,Kestrel Labs,Growth,monthly,United States,outbound sales,2024-01-23,,active,8,202.95
SUB-12500,Pine Logistics,Starter,monthly,United States,partner,2024-01-23,,active,8,59.45
SUB-12531,Fable Analytics,Starter,monthly,Canada,paid search,2024-01-24,2024-05-19,churned,3,37.7
SUB-12670,Nimbus Labs,Growth,monthly,United States,organic search,2024-01-24,2024-09-08,churned,10,232.65
SUB-10780,Juniper Works,Scale,monthly,Brazil,paid search,2024-01-25,,active,27,623
SUB-10913,Orbit Health,Scale,annual,United States,organic search,2024-01-25,,active,27,529.55
SUB-12682,Juniper Systems,Enterprise,monthly,Germany,paid search,2024-01-25,2024-04-12,churned,34,1506
SUB-12713,Bluebird Works,Enterprise,monthly,Germany,organic search,2024-01-25,,active,60,1740
SUB-11130,Copper Analytics,Starter,monthly,United Kingdom,organic search,2024-01-26,2025-04-03,churned,5,46.4
SUB-10479,Fable Retail,Starter,monthly,India,organic search,2024-01-27,,active,9,63.8
SUB-11254,Acme Health,Scale,monthly,United States,outbound sales,2024-01-27,2024-05-20,churned,36,731
SUB-11848,Juniper Foods,Growth,annual,United States,referral,2024-01-27,,active,10,197.75
SUB-12203,Quill Labs,Scale,monthly,United Kingdom,content,2024-01-27,,active,35,719
SUB-12842,Atlas Analytics,Starter,annual,United States,referral,2024-01-28,2024-06-28,churned,10,57.93
SUB-12859,Harbor Partners,Starter,annual,Japan,organic search,2024-01-28,2025-08-17,churned,2,28.35
SUB-10134,Pine Works,Starter,monthly,United States,organic search,2024-01-29,2025-08-18,churned,10,68.15
SUB-10808,Northwind Analytics,Enterprise,monthly,United Kingdom,content,2024-01-29,,active,58,1722
SUB-11546,Juniper Studio,Scale,monthly,United States,content,2024-01-29,,active,24,587
SUB-11624,Fable Logistics,Enterprise,monthly,United States,organic search,2024-02-01,,active,22,1398
SUB-12410,Orbit Studio,Starter,monthly,Australia,organic search,2024-02-01,2024-10-10,churned,9,63.8
SUB-12659,Vela Logistics,Enterprise,monthly,United States,partner,2024-02-01,2025-06-05,churned,104,2136
SUB-10315,Acme Logistics,Enterprise,annual,United States,paid search,2024-02-02,,active,147,2144.55
SUB-11561,Lumen Health,Growth,monthly,Germany,outbound sales,2024-02-02,,active,6,173.25
SUB-12761,Vela Retail,Starter,monthly,United States,content,2024-02-02,2024-04-19,churned,1,29
SUB-13118,Fable Partners,Enterprise,monthly,Australia,paid search,2024-02-03,,active,42,1578
SUB-10390,Acme Foods,Growth,annual,Canada,organic search,2024-02-04,,active,5,134.64
SUB-10471,Fable Partners,Starter,annual,United States,outbound sales,2024-02-04,2025-03-01,churned,6,43.14
SUB-10350,Northwind Retail,Scale,monthly,Brazil,organic search,2024-02-05,,active,22,563
SUB-10833,Harbor Works,Growth,monthly,India,paid search,2024-02-05,,active,10,232.65
SUB-12286,Orbit Health,Growth,annual,Japan,paid search,2024-02-06,,active,3,109.4
SUB-10480,Pine Systems,Starter,monthly,Japan,referral,2024-02-09,2025-09-26,churned,6,50.75
SUB-11199,Harbor Logistics,Starter,monthly,Canada,organic search,2024-02-09,,active,8,59.45
SUB-10049,Nimbus Labs,Scale,monthly,Japan,paid search,2024-02-10,,active,34,707
SUB-10095,Juniper Works,Starter,annual,United States,partner,2024-02-10,2024-10-29,churned,4,35.74
SUB-10348,Quill Analytics,Starter,monthly,Australia,organic search,2024-02-10,,active,4,42.05
SUB-11044,Acme Systems,Starter,monthly,United States,content,2024-02-11,2024-09-12,churned,1,29
SUB-11742,Fable Labs,Growth,monthly,United States,partner,2024-02-11,2025-04-10,churned,3,128.7
SUB-10317,Juniper Studio,Scale,annual,United Kingdom,referral,2024-02-12,2024-12-19,churned,44,702.95
SUB-11317,Orbit Systems,Scale,annual,India,organic search,2024-02-12,,active,32,580.55
SUB-10823,Northwind Health,Enterprise,monthly,United States,content,2024-02-13,,active,81,1929
SUB-11195,Bluebird Partners,Starter,monthly,Germany,organic search,2024-02-13,2025-06-21,churned,4,42.05
SUB-12656,Vela Logistics,Growth,monthly,Canada,outbound sales,2024-02-13,2025-02-03,churned,8,202.95
SUB-11663,Orbit Logistics,Growth,monthly,India,referral,2024-02-14,,active,9,217.8
SUB-12584,Lumen Logistics,Growth,monthly,United Kingdom,organic search,2024-02-14,,active,9,217.8
SUB-10236,Quill Works,Starter,annual,United States,referral,2024-02-16,2024-11-28,churned,10,57.93
SUB-10612,Kestrel Retail,Starter,monthly,India,referral,2024-02-16,,active,9,63.8
SUB-11102,Northwind Foods,Growth,annual,United States,content,2024-02-16,,active,3,109.4
SUB-12537,Lumen Health,Starter,monthly,Germany,organic search,2024-02-16,2024-03-17,churned,7,55.1
SUB-12772,Vela Works,Growth,annual,Germany,paid search,2024-02-16,,active,10,197.75
SUB-10509,Harbor Foods,Starter,monthly,Japan,paid search,2024-02-18,2024-06-05,churned,5,46.4
SUB-10554,Juniper Studio,Growth,monthly,Germany,referral,2024-02-18,2024-09-21,churned,3,128.7
SUB-10979,Bluebird Systems,Enterprise,monthly,United States,content,2024-02-18,,active,173,2757
SUB-11313,Lumen Labs,Growth,annual,France,referral,2024-02-18,,active,10,197.75
SUB-11665,Pine Retail,Growth,monthly,United States,referral,2024-02-18,,active,2,113.85
SUB-12231,Atlas Works,Enterprise,annual,Germany,referral,2024-02-18,,active,182,2412.3
SUB-12585,Bluebird Logistics,Enterprise,annual,United States,partner,2024-02-18,,active,168,2305.2
SUB-10420,Atlas Retail,Starter,monthly,United Kingdom,referral,2024-02-19,,active,3,37.7
SUB-11933,Acme Foods,Starter,monthly,United Kingdom,organic search,2024-02-19,,active,7,55.1
SUB-12262,Nimbus Analytics,Growth,annual,Canada,organic search,2024-02-19,,active,10,197.75
SUB-12786,Copper Logistics,Starter,monthly,United Kingdom,organic search,2024-02-19,,active,1,29
SUB-11579,Copper Works,Scale,monthly,Brazil,referral,2024-02-20,,active,35,719
SUB-11998,Fable Analytics,Scale,monthly,Australia,outbound sales,2024-02-20,2025-12-09,churned,17,503
SUB-12190,Acme Partners,Growth,annual,France,referral,2024-02-20,,active,7,159.89
SUB-12894,Fable Partners,Scale,annual,United States,paid search,2024-02-20,,active,18,437.75
SUB-13053,Orbit Analytics,Starter,annual,United Kingdom,content,2024-02-20,,active,7,46.83
SUB-10841,Nimbus Studio,Scale,annual,United States,outbound sales,2024-02-22,,active,33,590.75
SUB-11789,Fable Labs,Starter,annual,Canada,referral,2024-02-22,2024-03-23,churned,8,50.53
SUB-10339,Harbor Partners,Growth,annual,United States,partner,2024-02-23,,active,7,159.89
SUB-10636,Kestrel Retail,Starter,monthly,Canada,referral,2024-02-23,,active,2,33.35
SUB-12007,Orbit Studio,Starter,monthly,Canada,organic search,2024-02-23,2025-06-02,churned,1,29
SUB-12184,Northwind Analytics,Starter,monthly,United States,paid search,2024-02-23,,active,9,63.8
SUB-10047,Pine Logistics,Scale,monthly,Brazil,paid search,2024-02-24,,active,39,767
SUB-10475,Copper Studio,Starter,annual,United Kingdom,referral,2024-02-24,,active,9,54.23
SUB-10478,Fable Partners,Scale,annual,Japan,paid search,2024-02-24,,active,43,692.75
SUB-11469,Bluebird Retail,Starter,monthly,India,referral,2024-02-24,2024-07-16,churned,6,50.75
SUB-12301,Nimbus Systems,Starter,monthly,United States,paid search,2024-02-24,,active,6,50.75
SUB-13125,Fable Logistics,Growth,monthly,United States,organic search,2024-02-24,2024-09-09,churned,4,143.55
SUB-10336,Juniper Works,Starter,monthly,United Kingdom,paid search,2024-02-25,,active,5,46.4
SUB-13063,Quill Analytics,Scale,monthly,Germany,organic search,2024-02-25,,active,21,551
SUB-10144,Quill Foods,Starter,monthly,Japan,organic search,2024-02-26,,active,6,50.75
SUB-12025,Kestrel Works,Starter,annual,Germany,paid search,2024-02-26,,active,10,57.93
SUB-12864,Northwind Labs,Enterprise,monthly,United Kingdom,referral,2024-02-26,,active,186,2874
SUB-10706,Harbor Studio,Scale,annual,France,organic search,2024-02-27,,active,34,600.95
SUB-11436,Pine Foods,Starter,monthly,United Kingdom,referral,2024-02-27,,active,7,55.1
SUB-12133,Juniper Labs,Starter,annual,United States,paid search,2024-02-27,2024-09-02,churned,4,35.74
SUB-12908,Nimbus Labs,Growth,monthly,Canada,organic search,2024-02-27,2024-05-07,churned,9,217.8
SUB-11366,Copper Systems,Starter,annual,Australia,paid search,2024-02-28,2024-11-22,churned,1,24.65
SUB-11793,Lumen Labs,Scale,monthly,Brazil,outbound sales,2024-02-28,2024-09-29,churned,22,563
SUB-12868,Nimbus Analytics,Growth,monthly,India,partner,2024-02-28,2024-05-14,churned,10,232.65
SUB-12930,Vela Studio,Starter,annual,Germany,paid search,2024-02-28,,active,1,24.65
SUB-10801,Kestrel Analytics,Scale,annual,United States,organic search,2024-02-29,2024-12-10,churned,43,692.75
SUB-11054,Orbit Systems,Starter,monthly,United States,paid search,2024-02-29,2024-06-11,churned,8,59.45
SUB-12266,Northwind Health,Scale,monthly,Germany,organic search,2024-02-29,2025-10-05,churned,39,767
SUB-12321,Bluebird Studio,Starter,monthly,United Kingdom,partner,2024-02-29,2024-12-12,churned,10,68.15
SUB-12567,Nimbus Analytics,Starter,monthly,France,organic search,2024-02-29,,active,2,33.35
SUB-11578,Acme Foods,Growth,monthly,United States,paid search,2024-03-01,,active,10,232.65
SUB-11940,Atlas Analytics,Starter,annual,United States,organic search,2024-03-01,2024-07-10,churned,9,54.23
SUB-10493,Acme Systems,Starter,monthly,United States,content,2024-03-02,,active,6,50.75
SUB-11465,Lumen Works,Starter,annual,United States,referral,2024-03-02,2024-05-26,churned,5,39.44
SUB-10175,Vela Logistics,Scale,annual,United States,organic search,2024-03-03,,active,16,417.35
SUB-10595,Juniper Logistics,Starter,annual,United States,organic search,2024-03-03,2024-10-19,churned,5,39.44
SUB-10986,Juniper Health,Starter,monthly,Brazil,partner,2024-03-03,2024-04-10,churned,1,29
SUB-11305,Kestrel Studio,Growth,annual,United States,paid search,2024-03-03,2025-05-29,churned,7,159.89
SUB-12889,Copper Retail,Scale,monthly,United States,organic search,2024-03-04,,active,44,827
SUB-11686,Orbit Health,Starter,monthly,Australia,outbound sales,2024-03-05,,active,9,63.8
SUB-11369,Quill Logistics,Growth,annual,Australia,partner,2024-03-08,,active,4,122.02
SUB-11457,Juniper Partners,Growth,monthly,France,organic search,2024-03-08,2024-10-21,churned,5,158.4
SUB-11850,Nimbus Foods,Starter,monthly,Australia,referral,2024-03-08,2024-11-02,churned,7,55.1
SUB-12015,Fable Retail,Starter,annual,United States,referral,2024-03-08,,active,7,46.83
SUB-12820,Fable Partners,Starter,annual,Japan,paid search,2024-03-08,,active,6,43.14
SUB-11052,Juniper Studio,Growth,annual,United States,paid search,2024-03-09,,active,3,109.4
SUB-11325,Harbor Studio,Growth,monthly,Canada,outbound sales,2024-03-09,2025-12-19,churned,6,173.25
SUB-12792,Quill Logistics,Growth,monthly,Germany,organic search,2024-03-09,2025-02-11,churned,10,232.65
SUB-13017,Orbit Retail,Growth,monthly,United States,partner,2024-03-10,,active,1,99
SUB-10184,Pine Systems,Growth,monthly,India,outbound sales,2024-03-11,,active,8,202.95
SUB-10185,Fable Foods,Scale,annual,United States,content,2024-03-11,,active,38,641.75
SUB-10463,Quill Studio,Growth,monthly,United States,organic search,2024-03-11,2024-12-05,churned,10,232.65
SUB-10650,Fable Labs,Starter,monthly,Australia,outbound sales,2024-03-11,2025-05-13,churned,6,50.75
SUB-10859,Lumen Retail,Starter,monthly,Germany,organic search,2024-03-11,2025-04-14,churned,3,37.7
SUB-11364,Lumen Health,Starter,monthly,Australia,partner,2024-03-11,,active,10,68.15
SUB-11501,Fable Labs,Growth,monthly,Brazil,referral,2024-03-11,,active,4,143.55
SUB-11830,Kestrel Labs,Starter,annual,Brazil,partner,2024-03-11,,active,10,57.93
SUB-11027,Copper Logistics,Scale,annual,United States,paid search,2024-03-12,,active,11,366.35
SUB-11888,Pine Partners,Starter,monthly,Germany,content,2024-03-12,,active,9,63.8
SUB-13090,Copper Health,Growth,monthly,United States,content,2024-03-12,2024-12-04,churned,5,158.4
SUB-10552,Lumen Analytics,Scale,annual,Japan,referral,2024-03-13,,active,44,702.95
SUB-10852,Quill Labs,Starter,monthly,Germany,outbound sales,2024-03-13,2024-06-27,churned,7,55.1
SUB-12220,Nimbus Retail,Scale,monthly,United States,paid search,2024-03-13,2025-10-26,churned,5,359
SUB-12331,Quill Partners,Starter,annual,India,organic search,2024-03-13,,active,5,39.44
SUB-10753,Nimbus Health,Starter,monthly,France,organic search,2024-03-14,2024-07-15,churned,9,63.8
SUB-12748,Orbit Systems,Growth,monthly,United Kingdom,organic search,2024-03-14,2024-04-13,churned,8,202.95
SUB-10105,Lumen Works,Growth,monthly,France,paid search,2024-03-15,,active,10,232.65
SUB-10151,Vela Logistics,Starter,monthly,United Kingdom,organic search,2024-03-15,2024-05-21,churned,9,63.8
SUB-10655,Lumen Studio,Enterprise,monthly,United States,content,2024-03-15,,active,102,2118
SUB-11564,Vela Logistics,Growth,monthly,United States,referral,2024-03-15,2025-04-04,churned,9,217.8
SUB-11909,Nimbus Labs,Starter,monthly,Japan,referral,2024-03-15,2024-04-25,churned,2,33.35
SUB-12791,Acme Foods,Starter,annual,Germany,organic search,2024-03-15,,active,5,39.44
SUB-10711,Fable Foods,Starter,annual,United States,paid search,2024-03-16,,active,10,57.93
SUB-12224,Juniper Works,Starter,monthly,Japan,content,2024-03-16,,active,3,37.7
SUB-13152,Kestrel Systems,Enterprise,monthly,Brazil,referral,2024-03-16,,active,63,1767
SUB-10489,Bluebird Systems,Starter,monthly,France,partner,2024-03-17,2025-09-20,churned,3,37.7
SUB-12773,Orbit Studio,Starter,annual,Canada,content,2024-03-17,,active,4,35.74
SUB-13119,Vela Systems,Scale,monthly,Japan,partner,2024-03-17,2025-11-29,churned,44,827
SUB-11613,Vela Partners,Growth,annual,United States,paid search,2024-03-18,2025-01-05,churned,5,134.64
SUB-11293,Fable Logistics,Starter,monthly,United Kingdom,organic search,2024-03-19,,active,6,50.75
SUB-11864,Fable Systems,Growth,monthly,Germany,content,2024-03-19,2025-09-21,churned,1,99
SUB-11966,Harbor Foods,Growth,annual,India,organic search,2024-03-19,,active,2,96.77
SUB-12118,Atlas Labs,Starter,annual,Canada,referral,2024-03-19,,active,6,43.14
SUB-10218,Acme Partners,Growth,monthly,United States,organic search,2024-03-20,2025-02-28,churned,6,173.25
SUB-10669,Orbit Analytics,Starter,monthly,Australia,paid search,2024-03-20,,active,10,68.15
SUB-11458,Harbor Studio,Growth,monthly,United States,organic search,2024-03-20,2024-12-05,churned,3,128.7
SUB-12555,Quill Health,Starter,monthly,United States,partner,2024-03-20,2024-04-19,churned,1,29
SUB-10374,Bluebird Systems,Starter,annual,Germany,outbound sales,2024-03-21,2025-08-26,churned,10,57.93
SUB-11507,Bluebird Studio,Growth,monthly,United States,paid search,2024-03-21,2024-11-07,churned,10,232.65
SUB-11540,Nimbus Partners,Starter,annual,United States,paid search,2024-03-21,,active,10,57.93
SUB-11421,Copper Systems,Enterprise,annual,United States,paid search,2024-03-22,,active,49,1394.85
SUB-11519,Pine Health,Starter,monthly,France,organic search,2024-03-23,2025-07-06,churned,4,42.05
SUB-10004,Quill Labs,Starter,annual,United States,outbound sales,2024-03-24,2025-04-07,churned,2,28.35
SUB-10556,Orbit Logistics,Enterprise,monthly,India,referral,2024-03-24,2024-11-11,churned,179,2811
SUB-11405,Bluebird Systems,Growth,monthly,Brazil,outbound sales,2024-03-25,2024-04-24,churned,10,232.65
SUB-11539,Acme Foods,Scale,monthly,United Kingdom,organic search,2024-03-25,,active,18,515
SUB-12890,Acme Systems,Starter,annual,United Kingdom,content,2024-03-25,2024-05-02,churned,8,50.53
SUB-10120,Northwind Partners,Scale,monthly,Germany,content,2024-03-26,,active,44,827
SUB-10401,Lumen Foods,Starter,monthly,United States,referral,2024-03-26,2024-10-01,churned,1,29
SUB-10904,Acme Labs,Growth,monthly,United Kingdom,referral,2024-03-26,,active,8,202.95
SUB-11499,Pine Analytics,Starter,annual,Germany,paid search,2024-03-26,2025-11-10,churned,7,46.83
SUB-11740,Quill Studio,Growth,monthly,Germany,organic search,2024-03-26,2024-09-29,churned,7,188.1
SUB-10020,Pine Labs,Growth,annual,Germany,paid search,2024-03-27,,active,7,159.89
SUB-10736,Atlas Analytics,Growth,monthly,United Kingdom,organic search,2024-03-27,,active,4,143.55
SUB-11220,Atlas Retail,Growth,monthly,Brazil,paid search,2024-03-27,2024-08-14,churned,3,128.7
SUB-10963,Acme Analytics,Starter,monthly,United States,organic search,2024-03-28,2024-10-26,churned,4,42.05
SUB-11718,Quill Systems,Growth,monthly,United Kingdom,paid search,2024-03-28,2025-10-31,churned,9,217.8
SUB-11919,Acme Health,Growth,monthly,Brazil,paid search,2024-03-28,,active,8,202.95
SUB-12182,Kestrel Systems,Starter,monthly,United States,outbound sales,2024-03-28,,active,7,55.1
SUB-12335,Nimbus Health,Starter,monthly,United States,organic search,2024-03-28,2024-04-27,churned,2,33.35
SUB-10430,Nimbus Labs,Starter,monthly,United Kingdom,paid search,2024-03-29,,active,2,33.35
SUB-11524,Lumen Logistics,Starter,monthly,United States,outbound sales,2024-03-29,2024-05-02,churned,3,37.7
SUB-12143,Quill Analytics,Growth,monthly,United States,referral,2024-03-29,,active,1,99
SUB-12283,Lumen Works,Starter,monthly,United States,paid search,2024-03-29,2024-04-28,churned,5,46.4
SUB-12519,Harbor Studio,Starter,monthly,United States,organic search,2024-03-29,2024-07-26,churned,7,55.1
SUB-11750,Vela Labs,Starter,annual,United States,paid search,2024-03-30,,active,7,46.83
SUB-12396,Northwind Logistics,Starter,monthly,India,referral,2024-03-30,,active,3,37.7
SUB-12270,Orbit Logistics,Growth,annual,United States,content,2024-03-31,,active,10,197.75
SUB-12646,Lumen Foods,Growth,annual,United States,organic search,2024-03-31,,active,3,109.4
SUB-10591,Kestrel Partners,Growth,annual,United States,outbound sales,2024-04-01,,active,2,96.77
SUB-11173,Fable Retail,Starter,monthly,United States,paid search,2024-04-01,2024-12-05,churned,6,50.75
SUB-11211,Nimbus Labs,Starter,annual,India,organic search,2024-04-01,,active,7,46.83
SUB-11289,Acme Retail,Scale,annual,United States,outbound sales,2024-04-01,,active,39,651.95
SUB-11812,Atlas Systems,Growth,monthly,United States,referral,2024-04-01,,active,2,113.85
SUB-12999,Harbor Health,Starter,monthly,Germany,organic search,2024-04-01,2024-08-31,churned,2,33.35
SUB-11946,Kestrel Systems,Scale,monthly,United States,paid search,2024-04-02,,active,35,719
SUB-12384,Bluebird Foods,Starter,monthly,United States,referral,2024-04-02,2024-08-22,churned,1,29
SUB-12711,Atlas Health,Starter,monthly,Brazil,paid search,2024-04-02,,active,3,37.7
SUB-12839,Harbor Foods,Growth,monthly,Germany,partner,2024-04-02,,active,4,143.55
SUB-10798,Copper Works,Growth,monthly,United States,paid search,2024-04-03,2025-08-18,churned,5,158.4
SUB-11068,Pine Retail,Scale,monthly,United States,content,2024-04-03,2024-11-23,churned,39,767
SUB-12222,Atlas Foods,Growth,monthly,United Kingdom,content,2024-04-03,,active,5,158.4
SUB-12226,Northwind Partners,Growth,monthly,Australia,paid search,2024-04-03,,active,2,113.85
SUB-12251,Juniper Logistics,Starter,monthly,Japan,content,2024-04-03,2025-03-15,churned,6,50.75
SUB-12745,Fable Systems,Growth,monthly,United States,referral,2024-04-04,,active,6,173.25
SUB-13047,Northwind Systems,Enterprise,monthly,Germany,paid search,2024-04-04,2025-10-25,churned,75,1875
SUB-10588,Pine Partners,Scale,annual,Germany,organic search,2024-04-06,,active,18,437.75
SUB-10698,Vela Works,Scale,monthly,United States,organic search,2024-04-06,2025-10-23,churned,29,647
SUB-12291,Atlas Labs,Scale,annual,Germany,organic search,2024-04-06,,active,41,672.35
SUB-12780,Copper Analytics,Growth,annual,United Kingdom,content,2024-04-06,,active,7,159.89
SUB-10584,Acme Labs,Scale,monthly,United States,referral,2024-04-07,,active,38,755
SUB-11041,Bluebird Retail,Growth,annual,United States,paid search,2024-04-08,,active,2,96.77
SUB-11319,Kestrel Logistics,Growth,annual,Canada,referral,2024-04-08,,active,1,84.15
SUB-13075,Lumen Foods,Starter,annual,India,outbound sales,2024-04-08,,active,5,39.44
SUB-10465,Bluebird Logistics,Scale,monthly,Australia,outbound sales,2024-04-09,,active,11,431
SUB-11976,Kestrel Foods,Starter,annual,Germany,referral,2024-04-09,,active,7,46.83
SUB-13102,Acme Analytics,Starter,annual,France,content,2024-04-09,,active,10,57.93
SUB-10500,Lumen Labs,Growth,monthly,Australia,partner,2024-04-10,,active,8,202.95
SUB-11431,Nimbus Foods,Starter,monthly,United States,organic search,2024-04-10,2024-05-10,churned,2,33.35
SUB-12623,Juniper Systems,Starter,monthly,Brazil,paid search,2024-04-10,2024-07-06,churned,6,50.75
SUB-12865,Juniper Studio,Starter,monthly,United States,paid search,2024-04-10,,active,2,33.35
SUB-13013,Bluebird Retail,Starter,monthly,Germany,content,2024-04-10,,active,9,63.8
SUB-10424,Bluebird Works,Starter,annual,United States,organic search,2024-04-11,,active,10,57.93
SUB-10460,Northwind Analytics,Scale,monthly,Germany,organic search,2024-04-11,,active,17,503
SUB-10531,Lumen Works,Growth,annual,Germany,paid search,2024-04-11,,active,1,84.15
SUB-10608,Nimbus Works,Starter,monthly,United States,outbound sales,2024-04-12,2025-09-02,churned,1,29
SUB-12939,Pine Health,Enterprise,annual,France,organic search,2024-04-12,,active,141,2098.65
SUB-10029,Bluebird Studio,Starter,monthly,United States,partner,2024-04-13,2024-08-10,churned,3,37.7
SUB-11337,Harbor Logistics,Growth,monthly,Germany,organic search,2024-04-13,2025-11-17,churned,10,232.65
SUB-11980,Harbor Labs,Growth,monthly,United States,outbound sales,2024-04-13,,active,4,143.55
SUB-12069,Northwind Works,Starter,annual,Canada,organic search,2024-04-13,2025-02-13,churned,7,46.83
SUB-12498,Quill Analytics,Growth,monthly,France,organic search,2024-04-13,2024-09-07,churned,10,232.65
SUB-13066,Atlas Foods,Starter,annual,Germany,paid search,2024-04-14,,active,1,24.65
SUB-10916,Copper Logistics,Enterprise,annual,Canada,paid search,2024-04-15,,active,72,1570.8
SUB-11094,Bluebird Works,Starter,annual,India,paid search,2024-04-15,2024-07-02,churned,8,50.53
SUB-11654,Bluebird Partners,Growth,annual,United Kingdom,outbound sales,2024-04-15,,active,1,84.15
SUB-11678,Harbor Foods,Scale,monthly,Canada,paid search,2024-04-15,2025-08-23,churned,11,431
SUB-10290,Juniper Studio,Scale,monthly,United States,referral,2024-04-16,,active,38,755
SUB-12848,Fable Retail,Scale,monthly,Canada,outbound sales,2024-04-16,,active,20,539
SUB-11399,Bluebird Foods,Starter,annual,Canada,referral,2024-04-17,,active,8,50.53
SUB-10238,Acme Retail,Growth,annual,Japan,organic search,2024-04-18,,active,5,134.64
SUB-13129,Pine Studio,Starter,annual,Canada,referral,2024-04-18,,active,7,46.83
SUB-10052,Pine Analytics,Scale,monthly,United States,paid search,2024-04-19,,active,41,791
SUB-10150,Northwind Health,Starter,monthly,United States,outbound sales,2024-04-19,,active,1,29
SUB-10165,Vela Retail,Starter,monthly,United Kingdom,organic search,2024-04-19,,active,4,42.05
SUB-11463,Quill Logistics,Starter,monthly,United Kingdom,organic search,2024-04-19,2025-01-30,churned,1,29
SUB-13186,Copper Retail,Starter,annual,Germany,partner,2024-04-19,,active,2,28.35
SUB-10682,Lumen Systems,Enterprise,annual,United States,paid search,2024-04-21,,active,147,2144.55
SUB-11162,Nimbus Studio,Starter,monthly,India,outbound sales,2024-04-21,2025-05-04,churned,10,68.15
SUB-12036,Atlas Labs,Starter,annual,United States,content,2024-04-21,,active,10,57.93
SUB-13195,Vela Retail,Growth,annual,Canada,outbound sales,2024-04-21,,active,6,147.26
SUB-10181,Northwind Health,Starter,annual,Canada,content,2024-04-22,,active,3,32.05
SUB-10981,Harbor Foods,Scale,monthly,Canada,organic search,2024-04-22,2025-06-09,churned,33,695
SUB-11790,Northwind Retail,Scale,annual,United States,paid search,2024-04-22,,active,6,315.35
SUB-11836,Bluebird Works,Growth,monthly,United States,organic search,2024-04-22,2025-07-13,churned,5,158.4
SUB-12694,Fable Labs,Starter,monthly,Japan,paid search,2024-04-22,,active,1,29
SUB-10405,Kestrel Logistics,Scale,monthly,Australia,organic search,2024-04-23,,active,24,587
SUB-10815,Orbit Retail,Scale,annual,Canada,content,2024-04-23,,active,5,305.15
SUB-11528,Orbit Retail,Starter,annual,United Kingdom,partner,2024-04-23,2025-12-10,churned,8,50.53
SUB-11970,Harbor Partners,Starter,monthly,United Kingdom,organic search,2024-04-23,,active,7,55.1
SUB-12784,Quill Foods,Scale,monthly,Brazil,outbound sales,2024-04-23,,active,29,647
SUB-11153,Quill Foods,Scale,annual,Australia,partner,2024-04-24,,active,20,458.15
SUB-11279,Harbor Foods,Growth,annual,Germany,paid search,2024-04-24,2024-10-25,churned,5,134.64
SUB-12381,Atlas Labs,Starter,monthly,Germany,paid search,2024-04-24,,active,4,42.05
SUB-12762,Fable Systems,Starter,monthly,India,paid search,2024-04-24,,active,6,50.75
SUB-10738,Lumen Studio,Scale,monthly,Canada,content,2024-04-25,,active,25,599
SUB-11278,Quill Studio,Growth,annual,United Kingdom,outbound sales,2024-04-25,,active,6,147.26
SUB-11956,Bluebird Labs,Starter,monthly,United States,organic search,2024-04-25,,active,6,50.75
SUB-12769,Nimbus Labs,Starter,monthly,Australia,organic search,2024-04-25,,active,9,63.8
SUB-10288,Northwind Labs,Starter,monthly,United States,paid search,2024-04-26,2024-07-19,churned,8,59.45
SUB-12327,Quill Labs,Starter,annual,Japan,paid search,2024-04-26,,active,10,57.93
SUB-10936,Orbit Health,Starter,monthly,France,organic search,2024-04-27,,active,7,55.1
SUB-11586,Quill Health,Growth,annual,United States,content,2024-04-27,2024-09-01,churned,7,159.89
SUB-12242,Lumen Analytics,Starter,monthly,United States,organic search,2024-04-27,,active,1,29
SUB-12666,Quill Studio,Starter,annual,United States,paid search,2024-04-27,,active,7,46.83
SUB-13005,Vela Labs,Scale,annual,Germany,outbound sales,2024-04-27,2025-10-14,churned,34,600.95
SUB-10098,Lumen Studio,Growth,monthly,Brazil,referral,2024-04-28,2025-07-21,churned,7,188.1
SUB-10138,Bluebird Studio,Starter,monthly,Germany,content,2024-04-28,2024-06-19,churned,1,29
SUB-10941,Copper Foods,Starter,annual,Japan,paid search,2024-04-28,,active,9,54.23
SUB-11464,Fable Logistics,Starter,monthly,Germany,organic search,2024-04-28,2025-02-12,churned,2,33.35
SUB-11596,Quill Foods,Starter,monthly,United States,content,2024-04-28,2025-07-13,churned,3,37.7
SUB-13173,Harbor Retail,Starter,monthly,United States,organic search,2024-04-28,,active,6,50.75
SUB-10101,Harbor Logistics,Starter,monthly,Australia,organic search,2024-04-29,2025-02-06,churned,8,59.45
SUB-10943,Atlas Foods,Growth,annual,United States,outbound sales,2024-04-29,,active,10,197.75
SUB-10604,Orbit Labs,Starter,monthly,United States,paid search,2024-04-30,2025-03-07,churned,4,42.05
SUB-11745,Acme Retail,Starter,annual,France,outbound sales,2024-04-30,2024-06-03,churned,4,35.74
SUB-10768,Acme Studio,Starter,annual,United States,paid search,2024-05-01,,active,2,28.35
SUB-11261,Quill Logistics,Growth,monthly,Brazil,referral,2024-05-01,2025-06-28,churned,8,202.95
SUB-11615,Lumen Logistics,Starter,monthly,United States,referral,2024-05-01,2024-09-09,churned,3,37.7
SUB-11627,Fable Retail,Growth,monthly,United States,organic search,2024-05-01,2025-09-20,churned,1,99
SUB-11675,Atlas Logistics,Growth,monthly,France,paid search,2024-05-01,2025-04-17,churned,10,232.65
SUB-12566,Harbor Retail,Growth,monthly,United Kingdom,organic search,2024-05-01,2025-06-07,churned,4,143.55
SUB-12721,Quill Studio,Scale,monthly,United Kingdom,outbound sales,2024-05-01,,active,29,647
SUB-12978,Copper Logistics,Starter,monthly,Brazil,organic search,2024-05-01,,active,3,37.7
SUB-10622,Juniper Studio,Growth,annual,India,paid search,2024-05-02,,active,1,84.15
SUB-11043,Copper Systems,Growth,monthly,United States,organic search,2024-05-02,,active,3,128.7
SUB-11630,Vela Labs,Starter,monthly,Australia,paid search,2024-05-02,,active,4,42.05
SUB-10073,Lumen Health,Growth,monthly,Germany,organic search,2024-05-03,,active,4,143.55
SUB-10911,Northwind Partners,Growth,monthly,United States,partner,2024-05-03,2024-09-13,churned,9,217.8
SUB-11198,Northwind Studio,Starter,annual,Germany,organic search,2024-05-03,2025-09-24,churned,6,43.14
SUB-11461,Bluebird Foods,Scale,monthly,Germany,content,2024-05-03,2025-02-26,churned,26,611
SUB-10498,Northwind Works,Scale,monthly,Canada,organic search,2024-05-04,,active,18,515
SUB-10530,Bluebird Analytics,Starter,annual,Canada,organic search,2024-05-04,,active,4,35.74
SUB-10961,Bluebird Retail,Growth,monthly,United States,paid search,2024-05-04,,active,5,158.4
SUB-11467,Acme Health,Starter,monthly,United States,paid search,2024-05-04,2024-06-19,churned,6,50.75
SUB-11767,Copper Health,Scale,monthly,Brazil,paid search,2024-05-04,,active,22,563
SUB-12169,Juniper Studio,Scale,monthly,United States,referral,2024-05-04,2025-08-26,churned,25,599
SUB-12393,Harbor Health,Growth,annual,United States,referral,2024-05-04,2024-09-26,churned,3,109.4
SUB-12731,Fable Studio,Scale,monthly,India,organic search,2024-05-04,,active,19,527
SUB-12764,Lumen Retail,Starter,monthly,Germany,referral,2024-05-04,2024-09-10,churned,8,59.45
SUB-13168,Kestrel Works,Scale,monthly,United Kingdom,organic search,2024-05-04,,active,26,611
SUB-11526,Kestrel Foods,Growth,monthly,France,paid search,2024-05-05,2024-06-15,churned,5,158.4
SUB-10076,Quill Foods,Growth,annual,France,organic search,2024-05-06,,active,2,96.77
SUB-11221,Orbit Foods,Starter,annual,United States,content,2024-05-07,,active,2,28.35
SUB-11257,Bluebird Health,Scale,monthly,United States,organic search,2024-05-07,,active,21,551
SUB-11827,Quill Foods,Growth,monthly,Canada,referral,2024-05-07,2024-09-18,churned,1,99
SUB-12892,Northwind Works,Growth,monthly,United States,organic search,2024-05-07,,active,10,232.65
SUB-10578,Nimbus Logistics,Starter,annual,France,paid search,2024-05-08,2024-09-04,churned,5,39.44
SUB-11727,Juniper Logistics,Starter,monthly,United States,outbound sales,2024-05-08,2024-09-23,churned,3,37.7
SUB-10242,Northwind Studio,Scale,monthly,Canada,organic search,2024-05-09,,active,20,539
SUB-10639,Quill Health,Scale,annual,United States,organic search,2024-05-09,,active,40,662.15
SUB-10723,Lumen Foods,Starter,monthly,Canada,organic search,2024-05-09,2024-09-07,churned,9,63.8
SUB-12411,Juniper Labs,Starter,annual,Germany,organic search,2024-05-09,,active,8,50.53
SUB-10302,Quill Foods,Scale,monthly,India,partner,2024-05-10,,active,5,359
SUB-11889,Juniper Labs,Growth,monthly,United Kingdom,paid search,2024-05-10,,active,4,143.55
SUB-10670,Pine Retail,Starter,monthly,United Kingdom,content,2024-05-11,2025-09-01,churned,2,33.35
SUB-10809,Bluebird Labs,Starter,monthly,United States,organic search,2024-05-11,,active,5,46.4
SUB-11874,Nimbus Logistics,Growth,monthly,United States,organic search,2024-05-11,,active,2,113.85
SUB-12480,Vela Partners,Starter,monthly,Germany,organic search,2024-05-11,,active,10,68.15
SUB-12561,Quill Systems,Scale,monthly,Canada,content,2024-05-11,2025-12-05,churned,43,815
SUB-11049,Harbor Studio,Starter,monthly,France,outbound sales,2024-05-12,,active,10,68.15
SUB-11143,Atlas Health,Starter,monthly,United Kingdom,paid search,2024-05-12,2024-11-20,churned,1,29
SUB-10433,Quill Health,Starter,monthly,United Kingdom,content,2024-05-13,2025-06-14,churned,5,46.4
SUB-11486,Bluebird Works,Growth,monthly,United States,organic search,2024-05-13,2024-12-22,churned,4,143.55
SUB-12038,Kestrel Foods,Starter,annual,United States,outbound sales,2024-05-13,,active,1,24.65
SUB-10849,Kestrel Studio,Growth,annual,France,partner,2024-05-14,,active,10,197.75
SUB-10922,Pine Health,Growth,annual,United Kingdom,referral,2024-05-14,,active,7,159.89
SUB-12113,Atlas Analytics,Scale,monthly,United Kingdom,organic search,2024-05-14,,active,19,527
SUB-12209,Copper Labs,Scale,monthly,Canada,partner,2024-05-14,,active,36,731
SUB-12259,Pine Health,Growth,monthly,France,organic search,2024-05-14,,active,10,232.65
SUB-12649,Fable Health,Starter,monthly,United States,outbound sales,2024-05-14,,active,8,59.45
SUB-10154,Juniper Partners,Scale,annual,Germany,outbound sales,2024-05-15,,active,39,651.95
SUB-10751,Copper Foods,Starter,monthly,Australia,organic search,2024-05-15,2025-03-23,churned,3,37.7
SUB-12655,Copper Studio,Growth,monthly,Brazil,organic search,2024-05-15,,active,2,113.85
SUB-13004,Orbit Studio,Scale,monthly,United States,paid search,2024-05-15,,active,8,395
SUB-10365,Copper Systems,Starter,annual,United States,paid search,2024-05-16,2025-08-08,churned,2,28.35
SUB-10766,Fable Systems,Scale,monthly,Germany,paid search,2024-05-16,,active,27,623
SUB-10870,Quill Foods,Enterprise,monthly,Germany,content,2024-05-16,2025-04-29,churned,103,2127
SUB-10984,Pine Partners,Starter,annual,United States,partner,2024-05-16,,active,2,28.35
SUB-10416,Orbit Systems,Starter,monthly,United States,outbound sales,2024-05-17,,active,4,42.05
SUB-10931,Pine Foods,Starter,annual,France,organic search,2024-05-17,,active,5,39.44
SUB-11037,Atlas Systems,Growth,monthly,United States,paid search,2024-05-17,,active,6,173.25
SUB-11640,Atlas Retail,Scale,monthly,India,organic search,2024-05-17,2024-06-16,churned,13,455
SUB-12103,Vela Works,Starter,annual,United States,partner,2024-05-17,2025-01-15,churned,7,46.83
SUB-13123,Copper Analytics,Scale,monthly,United Kingdom,organic search,2024-05-17,,active,25,599
SUB-10396,Pine Health,Starter,annual,India,paid search,2024-05-18,2024-09-14,churned,6,43.14
SUB-10621,Copper Systems,Starter,annual,United States,partner,2024-05-18,,active,1,24.65
SUB-11712,Atlas Foods,Scale,monthly,France,organic search,2024-05-19,2025-12-12,churned,29,647
SUB-12180,Pine Foods,Enterprise,monthly,Australia,partner,2024-05-19,2024-06-18,churned,182,2838
SUB-12256,Kestrel Logistics,Growth,monthly,United Kingdom,paid search,2024-05-19,,active,8,202.95
SUB-11255,Atlas Analytics,Starter,monthly,United States,organic search,2024-05-20,2025-08-09,churned,7,55.1
SUB-11516,Pine Partners,Starter,annual,United States,paid search,2024-05-20,,active,5,39.44
SUB-11617,Nimbus Health,Starter,monthly,United Kingdom,outbound sales,2024-05-20,2024-11-09,churned,8,59.45
SUB-12869,Acme Labs,Enterprise,monthly,United States,referral,2024-05-20,,active,120,2280
SUB-10153,Lumen Analytics,Scale,monthly,United States,referral,2024-05-21,,active,43,815
SUB-10568,Juniper Analytics,Growth,monthly,United States,partner,2024-05-21,,active,4,143.55
SUB-12035,Copper Works,Scale,annual,United Kingdom,organic search,2024-05-21,,active,22,478.55
SUB-12996,Atlas Foods,Starter,monthly,United Kingdom,referral,2024-05-21,2024-08-22,churned,5,46.4
SUB-10839,Pine Partners,Growth,annual,United States,organic search,2024-05-22,,active,9,185.13
SUB-11074,Acme Studio,Starter,monthly,United Kingdom,paid search,2024-05-22,,active,8,59.45
SUB-11113,Orbit Partners,Starter,monthly,United Kingdom,referral,2024-05-22,2024-08-10,churned,6,50.75
SUB-11562,Northwind Logistics,Growth,annual,Australia,referral,2024-05-22,,active,1,84.15
SUB-11826,Kestrel Systems,Starter,monthly,United States,paid search,2024-05-22,,active,3,37.7
SUB-12325,Atlas Foods,Starter,annual,United States,organic search,2024-05-22,,active,6,43.14
SUB-12867,Vela Partners,Starter,monthly,Brazil,outbound sales,2024-05-22,2024-12-23,churned,8,59.45
SUB-10309,Nimbus Partners,Starter,monthly,Brazil,organic search,2024-05-23,2025-04-07,churned,4,42.05
SUB-12151,Bluebird Partners,Starter,monthly,Canada,referral,2024-05-23,,active,3,37.7
SUB-12479,Northwind Systems,Starter,monthly,Brazil,referral,2024-05-23,2025-09-23,churned,3,37.7
SUB-10162,Bluebird Health,Starter,monthly,Canada,paid search,2024-05-25,,active,3,37.7
SUB-11035,Atlas Logistics,Enterprise,monthly,United States,paid search,2024-05-25,2025-01-24,churned,193,2937
SUB-11515,Copper Studio,Starter,annual,United States,organic search,2024-05-25,2024-07-14,churned,3,32.05
SUB-12102,Northwind Health,Starter,monthly,United States,paid search,2024-05-25,,active,1,29
SUB-12138,Nimbus Works,Scale,monthly,Australia,referral,2024-05-25,2025-03-09,churned,14,467
SUB-13064,Nimbus Works,Scale,monthly,Germany,organic search,2024-05-25,,active,36,731
SUB-13069,Harbor Labs,Growth,monthly,India,content,2024-05-25,2024-10-18,churned,2,113.85
SUB-11563,Copper Studio,Growth,annual,Australia,outbound sales,2024-05-26,,active,2,96.77
SUB-12530,Fable Analytics,Growth,monthly,Australia,organic search,2024-05-26,2025-05-22,churned,2,113.85
SUB-12543,Copper Partners,Growth,monthly,India,outbound sales,2024-05-26,,active,5,158.4
SUB-13138,Juniper Foods,Growth,annual,Japan,content,2024-05-26,2024-11-28,churned,3,109.4
SUB-10705,Juniper Partners,Starter,monthly,United States,content,2024-05-27,2025-05-28,churned,4,42.05
SUB-11374,Juniper Studio,Starter,annual,United States,referral,2024-05-27,2024-06-26,churned,5,39.44
SUB-12319,Orbit Logistics,Enterprise,monthly,United States,organic search,2024-05-27,,active,46,1614
SUB-12390,Fable Labs,Growth,monthly,United States,paid search,2024-05-27,,active,2,113.85
SUB-12727,Fable Analytics,Starter,annual,United States,organic search,2024-05-27,2025-01-29,churned,4,35.74
SUB-11316,Juniper Studio,Starter,monthly,United States,organic search,2024-05-28,,active,6,50.75
SUB-12394,Harbor Labs,Starter,monthly,Canada,referral,2024-05-28,2025-05-28,churned,1,29
SUB-12739,Lumen Logistics,Starter,monthly,United States,referral,2024-05-28,2025-08-03,churned,9,63.8
SUB-13051,Lumen Retail,Starter,monthly,United States,outbound sales,2024-05-28,2024-08-29,churned,1,29
SUB-10501,Lumen Studio,Enterprise,monthly,Japan,paid search,2024-05-29,,active,56,1704
SUB-10609,Vela Works,Growth,annual,United States,organic search,2024-05-29,2024-09-26,churned,9,185.13
SUB-10879,Acme Foods,Growth,annual,United States,content,2024-05-29,,active,4,122.02
SUB-11146,Lumen Retail,Starter,monthly,United States,organic search,2024-05-29,2025-09-07,churned,3,37.7
SUB-12984,Nimbus Analytics,Starter,annual,Brazil,partner,2024-05-29,,active,7,46.83
SUB-10605,Pine Works,Growth,monthly,Australia,referral,2024-05-30,2025-09-17,churned,3,128.7
SUB-11024,Bluebird Retail,Starter,monthly,United States,referral,2024-05-30,,active,2,33.35
SUB-12192,Fable Works,Growth,monthly,United States,paid search,2024-05-30,2025-11-13,churned,6,173.25
SUB-12453,Juniper Studio,Growth,annual,Canada,organic search,2024-05-30,,active,7,159.89
SUB-12924,Nimbus Analytics,Growth,monthly,Australia,referral,2024-05-30,2025-01-27,churned,4,143.55
SUB-10342,Northwind Studio,Scale,annual,United Kingdom,referral,2024-05-31,2025-05-09,churned,43,692.75
SUB-10638,Juniper Health,Starter,monthly,Brazil,paid search,2024-05-31,,active,3,37.7
SUB-11367,Vela Foods,Growth,monthly,United States,organic search,2024-05-31,2024-06-30,churned,7,188.1
SUB-12122,Lumen Retail,Enterprise,annual,United Kingdom,paid search,2024-05-31,,active,182,2412.3
SUB-12168,Atlas Studio,Growth,monthly,Japan,outbound sales,2024-05-31,2025-11-05,churned,7,188.1
SUB-10108,Bluebird Labs,Starter,monthly,India,referral,2024-06-01,2024-09-28,churned,10,68.15
SUB-10977,Juniper Foods,Growth,monthly,United States,organic search,2024-06-01,2024-10-24,churned,7,188.1
SUB-11258,Kestrel Foods,Growth,monthly,United States,referral,2024-06-01,2025-09-03,churned,5,158.4
SUB-11822,Juniper Labs,Starter,annual,United States,organic search,2024-06-01,,active,5,39.44
SUB-13026,Bluebird Works,Scale,annual,United States,paid search,2024-06-01,,active,27,529.55
SUB-10075,Acme Analytics,Growth,monthly,United Kingdom,organic search,2024-06-02,,active,4,143.55
SUB-10508,Orbit Analytics,Growth,annual,United States,organic search,2024-06-02,,active,4,122.02
SUB-10519,Lumen Analytics,Growth,annual,France,content,2024-06-02,,active,1,84.15
SUB-12098,Harbor Systems,Starter,monthly,Canada,content,2024-06-02,2025-09-03,churned,3,37.7
SUB-12188,Northwind Analytics,Growth,monthly,Germany,content,2024-06-02,2024-07-02,churned,10,232.65
SUB-13011,Bluebird Studio,Growth,monthly,India,organic search,2024-06-02,2025-04-30,churned,2,113.85
SUB-11755,Kestrel Logistics,Scale,annual,India,content,2024-06-03,,active,5,305.15
SUB-13014,Pine Studio,Starter,annual,United States,organic search,2024-06-03,2024-11-17,churned,2,28.35
SUB-13141,Pine Logistics,Growth,monthly,United States,organic search,2024-06-03,,active,6,173.25
SUB-10747,Pine Retail,Starter,monthly,Canada,paid search,2024-06-04,2025-06-25,churned,9,63.8
SUB-11188,Quill Health,Starter,monthly,Japan,organic search,2024-06-04,2024-07-04,churned,5,46.4
SUB-11324,Copper Works,Scale,monthly,Canada,paid search,2024-06-05,,active,18,515
SUB-12626,Juniper Logistics,Starter,annual,Canada,paid search,2024-06-05,2025-05-08,churned,8,50.53
SUB-10745,Acme Logistics,Starter,annual,United States,paid search,2024-06-06,,active,1,24.65
SUB-11770,Copper Works,Growth,monthly,Japan,paid search,2024-06-06,,active,7,188.1
SUB-11796,Kestrel Studio,Starter,annual,United Kingdom,paid search,2024-06-06,2025-09-08,churned,2,28.35
SUB-12977,Harbor Studio,Growth,monthly,France,paid search,2024-06-06,2025-07-11,churned,9,217.8
SUB-13151,Fable Retail,Starter,monthly,France,referral,2024-06-06,2024-12-23,churned,8,59.45
SUB-10973,Northwind Retail,Growth,annual,France,referral,2024-06-07,,active,5,134.64
SUB-11908,Atlas Retail,Growth,annual,France,paid search,2024-06-07,,active,8,172.51
SUB-13130,Pine Systems,Starter,annual,United States,organic search,2024-06-07,,active,9,54.23
SUB-12208,Copper Retail,Growth,monthly,United States,partner,2024-06-08,,active,10,232.65
SUB-12470,Fable Works,Starter,annual,Canada,outbound sales,2024-06-08,2025-01-10,churned,2,28.35
SUB-10006,Pine Labs,Starter,annual,United States,outbound sales,2024-06-09,,active,8,50.53
SUB-10661,Lumen Foods,Starter,monthly,Canada,referral,2024-06-09,2024-12-06,churned,2,33.35
SUB-10805,Harbor Systems,Starter,monthly,Japan,referral,2024-06-10,,active,6,50.75
SUB-12447,Vela Labs,Scale,annual,United Kingdom,organic search,2024-06-10,,active,18,437.75
SUB-10303,Juniper Health,Growth,monthly,India,referral,2024-06-11,,active,8,202.95
SUB-10790,Copper Systems,Scale,monthly,Australia,referral,2024-06-11,,active,22,563
SUB-11167,Harbor Works,Growth,monthly,United States,partner,2024-06-11,,active,9,217.8
SUB-12070,Bluebird Health,Starter,monthly,United States,referral,2024-06-11,,active,6,50.75
SUB-13115,Nimbus Analytics,Enterprise,monthly,India,organic search,2024-06-11,,active,179,2811
SUB-11391,Atlas Studio,Enterprise,annual,India,paid search,2024-06-12,,active,183,2419.95
SUB-10688,Northwind Studio,Scale,monthly,United States,partner,2024-06-13,2025-02-02,churned,16,491
SUB-11103,Atlas Partners,Scale,annual,United Kingdom,paid search,2024-06-13,,active,34,600.95
SUB-11110,Kestrel Labs,Starter,monthly,Germany,organic search,2024-06-13,2025-10-11,churned,6,50.75
SUB-11272,Northwind Works,Growth,monthly,Germany,content,2024-06-13,,active,6,173.25
SUB-12112,Lumen Works,Growth,monthly,United Kingdom,paid search,2024-06-13,2025-05-18,churned,5,158.4
SUB-12525,Bluebird Partners,Scale,monthly,France,outbound sales,2024-06-13,,active,25,599
SUB-12937,Acme Analytics,Growth,monthly,United States,paid search,2024-06-13,,active,7,188.1
SUB-11012,Nimbus Works,Scale,monthly,United States,referral,2024-06-14,,active,41,791
SUB-11022,Pine Partners,Starter,annual,Canada,paid search,2024-06-14,,active,7,46.83
SUB-11891,Quill Logistics,Growth,monthly,United States,organic search,2024-06-14,,active,6,173.25
SUB-10999,Quill Foods,Scale,annual,Canada,referral,2024-06-15,,active,21,468.35
SUB-11016,Quill Works,Starter,annual,India,paid search,2024-06-15,2024-07-15,churned,10,57.93
SUB-12332,Bluebird Logistics,Growth,annual,United Kingdom,paid search,2024-06-15,,active,10,197.75
SUB-12379,Nimbus Works,Starter,monthly,Canada,referral,2024-06-15,2024-07-15,churned,6,50.75
SUB-12701,Copper Foods,Starter,monthly,United States,paid search,2024-06-15,2024-08-23,churned,8,59.45
SUB-13153,Northwind Labs,Enterprise,monthly,Germany,partner,2024-06-15,,active,44,1596
SUB-10507,Pine Foods,Growth,annual,Japan,referral,2024-06-16,2025-03-25,churned,8,172.51
SUB-10563,Vela Health,Starter,monthly,Brazil,paid search,2024-06-16,2025-12-24,churned,10,68.15
SUB-11089,Northwind Partners,Scale,annual,United States,partner,2024-06-16,2025-03-19,churned,12,376.55
SUB-11307,Vela Systems,Growth,annual,United Kingdom,organic search,2024-06-16,,active,1,84.15
SUB-11658,Vela Partners,Growth,annual,Australia,partner,2024-06-16,,active,8,172.51
SUB-11735,Vela Labs,Starter,monthly,India,paid search,2024-06-16,,active,4,42.05
SUB-12521,Orbit Systems,Scale,annual,Germany,paid search,2024-06-16,,active,33,590.75
SUB-12983,Fable Logistics,Scale,annual,France,organic search,2024-06-16,,active,29,549.95
SUB-10205,Kestrel Logistics,Starter,monthly,United States,organic search,2024-06-17,2024-12-18,churned,10,68.15
SUB-10643,Atlas Partners,Starter,annual,United States,paid search,2024-06-18,,active,10,57.93
SUB-10934,Copper Partners,Starter,monthly,France,partner,2024-06-18,2025-07-12,churned,3,37.7
SUB-10940,Harbor Retail,Starter,annual,Australia,partner,2024-06-18,2025-08-16,churned,4,35.74
SUB-12628,Vela Logistics,Growth,monthly,United Kingdom,content,2024-06-18,2025-10-20,churned,7,188.1
SUB-10876,Northwind Studio,Growth,annual,United States,organic search,2024-06-19,,active,10,197.75
SUB-12401,Vela Partners,Starter,monthly,United States,referral,2024-06-19,,active,6,50.75
SUB-12866,Fable Labs,Growth,monthly,United States,paid search,2024-06-19,,active,10,232.65
SUB-10543,Harbor Analytics,Starter,monthly,United Kingdom,organic search,2024-06-20,2025-06-05,churned,5,46.4
SUB-11178,Northwind Studio,Starter,monthly,Germany,paid search,2024-06-20,2025-07-17,churned,7,55.1
SUB-11216,Quill Works,Starter,monthly,United States,organic search,2024-06-20,2024-11-13,churned,6,50.75
SUB-12422,Fable Logistics,Growth,annual,United Kingdom,paid search,2024-06-20,,active,4,122.02
SUB-12529,Acme Studio,Growth,monthly,India,organic search,2024-06-20,2025-09-06,churned,5,158.4
SUB-12673,Quill Foods,Starter,monthly,United States,referral,2024-06-20,,active,4,42.05
SUB-10391,Atlas Works,Scale,monthly,Germany,organic search,2024-06-21,2025-04-12,churned,34,707
SUB-10352,Quill Foods,Starter,annual,Brazil,paid search,2024-06-22,2024-11-14,churned,3,32.05
SUB-10517,Vela Partners,Growth,annual,India,paid search,2024-06-22,2024-11-22,churned,6,147.26
SUB-11721,Atlas Logistics,Growth,monthly,Australia,outbound sales,2024-06-22,,active,2,113.85
SUB-12330,Fable Works,Growth,monthly,Japan,organic search,2024-06-22,,active,5,158.4
SUB-11982,Atlas Logistics,Starter,monthly,United States,content,2024-06-23,,active,6,50.75
SUB-12322,Vela Analytics,Scale,monthly,United States,partner,2024-06-23,,active,39,767
SUB-12639,Copper Systems,Scale,monthly,Canada,paid search,2024-06-23,,active,10,419
SUB-12413,Orbit Health,Enterprise,annual,United Kingdom,organic search,2024-06-24,,active,140,2091
SUB-12573,Vela Partners,Growth,monthly,United Kingdom,organic search,2024-06-24,,active,10,232.65
SUB-10087,Copper Retail,Starter,monthly,United Kingdom,organic search,2024-06-25,,active,1,29
SUB-12532,Harbor Foods,Growth,annual,United Kingdom,organic search,2024-06-25,,active,4,122.02
SUB-12577,Lumen Works,Growth,monthly,Germany,referral,2024-06-25,2025-07-31,churned,2,113.85
SUB-12696,Nimbus Systems,Scale,monthly,United States,referral,2024-06-25,,active,30,659
SUB-10699,Pine Studio,Scale,annual,United Kingdom,paid search,2024-06-26,,active,12,376.55
SUB-11782,Juniper Systems,Enterprise,annual,United States,organic search,2024-06-26,,active,97,1762.05
SUB-11992,Copper Analytics,Scale,monthly,United States,paid search,2024-06-26,2024-12-13,churned,39,767
SUB-10002,Nimbus Systems,Scale,monthly,Brazil,partner,2024-06-28,,active,5,359
SUB-10748,Bluebird Works,Scale,monthly,United States,organic search,2024-06-29,2025-12-23,churned,40,779
SUB-10903,Orbit Labs,Starter,annual,United States,partner,2024-06-29,2024-11-02,churned,8,50.53
SUB-11176,Bluebird Labs,Enterprise,annual,United States,referral,2024-06-29,,active,54,1433.1
SUB-12269,Lumen Works,Growth,monthly,Germany,partner,2024-06-29,,active,2,113.85
SUB-10610,Lumen Works,Starter,monthly,United States,referral,2024-06-30,2024-10-27,churned,10,68.15
SUB-10799,Acme Retail,Scale,monthly,France,paid search,2024-06-30,,active,37,743
SUB-11632,Kestrel Works,Growth,monthly,United Kingdom,referral,2024-06-30,2024-10-21,churned,10,232.65
SUB-11732,Lumen Partners,Scale,monthly,Japan,paid search,2024-06-30,2025-01-19,churned,34,707
SUB-12253,Atlas Systems,Starter,annual,India,referral,2024-06-30,,active,7,46.83
SUB-10456,Copper Logistics,Enterprise,monthly,United States,outbound sales,2024-07-01,,active,65,1785
SUB-13081,Quill Studio,Scale,monthly,Brazil,organic search,2024-07-01,,active,36,731
SUB-10130,Nimbus Foods,Enterprise,annual,Germany,organic search,2024-07-02,,active,123,1960.95
SUB-10996,Northwind Logistics,Starter,annual,Brazil,organic search,2024-07-03,2025-11-17,churned,3,32.05
SUB-12408,Lumen Labs,Scale,monthly,United States,referral,2024-07-03,,active,32,683
SUB-11361,Acme Partners,Growth,monthly,United States,outbound sales,2024-07-04,,active,2,113.85
SUB-12334,Quill Logistics,Enterprise,monthly,United States,organic search,2024-07-04,2024-10-04,churned,168,2712
SUB-12778,Acme Foods,Starter,annual,United States,organic search,2024-07-04,,active,2,28.35
SUB-10090,Harbor Analytics,Scale,monthly,Canada,partner,2024-07-05,,active,14,467
SUB-10406,Harbor Health,Growth,monthly,United States,referral,2024-07-05,,active,3,128.7
SUB-11076,Vela Systems,Starter,monthly,Canada,partner,2024-07-05,,active,9,63.8
SUB-13140,Nimbus Systems,Growth,monthly,United States,outbound sales,2024-07-05,2024-08-07,churned,3,128.7
SUB-10063,Nimbus Retail,Growth,monthly,United States,organic search,2024-07-06,,active,6,173.25
SUB-12608,Harbor Health,Growth,monthly,United States,referral,2024-07-06,,active,6,173.25
SUB-11766,Lumen Works,Starter,annual,India,outbound sales,2024-07-07,2025-06-18,churned,8,50.53
SUB-11959,Northwind Foods,Growth,monthly,Japan,organic search,2024-07-07,2025-08-01,churned,5,158.4
SUB-12239,Bluebird Logistics,Starter,monthly,India,organic search,2024-07-08,2025-05-18,churned,8,59.45
SUB-13146,Atlas Labs,Scale,monthly,Australia,content,2024-07-08,,active,7,383
SUB-10277,Orbit Logistics,Growth,annual,United States,paid search,2024-07-09,,active,4,122.02
SUB-11002,Juniper Retail,Starter,annual,United States,outbound sales,2024-07-09,,active,9,54.23
SUB-11709,Lumen Studio,Starter,monthly,United States,paid search,2024-07-09,2025-07-13,churned,7,55.1
SUB-12629,Harbor Works,Enterprise,monthly,Japan,outbound sales,2024-07-09,,active,133,2397
SUB-11879,Harbor Logistics,Starter,monthly,Germany,content,2024-07-10,2025-06-15,churned,7,55.1
SUB-11882,Lumen Works,Scale,annual,United Kingdom,outbound sales,2024-07-10,2024-08-29,churned,39,651.95
SUB-12495,Harbor Works,Starter,monthly,Canada,referral,2024-07-10,,active,7,55.1
SUB-11028,Northwind Logistics,Scale,annual,India,referral,2024-07-11,,active,28,539.75
SUB-11290,Acme Labs,Starter,monthly,United States,organic search,2024-07-11,2025-09-17,churned,2,33.35
SUB-11821,Acme Retail,Growth,monthly,India,partner,2024-07-11,2024-10-15,churned,6,173.25
SUB-12374,Atlas Labs,Scale,monthly,France,referral,2024-07-11,2025-12-05,churned,38,755
SUB-10331,Vela Analytics,Scale,annual,United States,organic search,2024-07-12,2025-07-28,churned,34,600.95
SUB-10865,Bluebird Studio,Growth,monthly,Australia,organic search,2024-07-12,,active,5,158.4
SUB-11418,Juniper Works,Starter,annual,United States,partner,2024-07-12,2025-10-16,churned,4,35.74
SUB-11480,Fable Partners,Growth,monthly,United States,referral,2024-07-13,2025-02-25,churned,8,202.95
SUB-12077,Kestrel Analytics,Starter,monthly,United Kingdom,content,2024-07-13,2024-12-15,churned,3,37.7
SUB-10889,Harbor Analytics,Starter,monthly,United States,paid search,2024-07-14,,active,6,50.75
SUB-11169,Northwind Retail,Growth,monthly,United States,referral,2024-07-14,,active,8,202.95
SUB-11382,Northwind Health,Growth,annual,United States,organic search,2024-07-14,,active,7,159.89
SUB-11537,Fable Foods,Growth,monthly,Germany,organic search,2024-07-14,,active,10,232.65
SUB-11650,Northwind Logistics,Growth,monthly,United States,paid search,2024-07-14,,active,5,158.4
SUB-12225,Juniper Health,Growth,monthly,United States,referral,2024-07-14,,active,4,143.55
SUB-10466,Copper Systems,Starter,monthly,Germany,outbound sales,2024-07-15,,active,9,63.8
SUB-10881,Juniper Labs,Starter,annual,Germany,organic search,2024-07-15,2025-04-07,churned,9,54.23
SUB-12679,Juniper Works,Growth,monthly,United States,paid search,2024-07-15,2025-03-16,churned,3,128.7
SUB-12802,Atlas Logistics,Starter,monthly,United States,content,2024-07-15,,active,5,46.4
SUB-10126,Harbor Works,Enterprise,monthly,United States,paid search,2024-07-16,,active,99,2091
SUB-10583,Atlas Retail,Scale,monthly,Brazil,paid search,2024-07-16,,active,8,395
SUB-10874,Kestrel Labs,Starter,annual,United States,paid search,2024-07-16,,active,6,43.14
SUB-11126,Copper Health,Starter,monthly,Brazil,outbound sales,2024-07-16,,active,6,50.75
SUB-11321,Bluebird Systems,Starter,monthly,Brazil,organic search,2024-07-16,,active,6,50.75
SUB-11449,Kestrel Studio,Starter,annual,Germany,organic search,2024-07-16,,active,2,28.35
SUB-12969,Quill Studio,Growth,monthly,Brazil,content,2024-07-16,2024-11-04,churned,4,143.55
SUB-13077,Pine Foods,Starter,monthly,France,referral,2024-07-16,,active,3,37.7
SUB-10040,Orbit Retail,Scale,monthly,United States,outbound sales,2024-07-17,,active,6,371
SUB-10092,Bluebird Partners,Scale,annual,Germany,paid search,2024-07-17,,active,26,519.35
SUB-11481,Acme Retail,Growth,monthly,Canada,paid search,2024-07-17,,active,6,173.25
SUB-12265,Atlas Works,Starter,monthly,United States,partner,2024-07-17,,active,1,29
SUB-12677,Juniper Labs,Starter,monthly,Brazil,organic search,2024-07-17,2024-09-15,churned,10,68.15
SUB-10001,Kestrel Logistics,Starter,monthly,United States,outbound sales,2024-07-18,2025-07-29,churned,5,46.4
SUB-11111,Orbit Analytics,Scale,monthly,United Kingdom,partner,2024-07-18,,active,5,359
SUB-11166,Harbor Systems,Starter,monthly,India,paid search,2024-07-18,2024-10-16,churned,9,63.8
SUB-11622,Lumen Labs,Starter,monthly,India,content,2024-07-18,2024-11-14,churned,6,50.75
SUB-12211,Harbor Systems,Scale,annual,United States,organic search,2024-07-18,,active,8,335.75
SUB-10629,Juniper Works,Enterprise,monthly,France,organic search,2024-07-19,,active,172,2748
SUB-10845,Juniper Systems,Starter,monthly,United States,referral,2024-07-19,2024-11-08,churned,1,29
SUB-10244,Copper Analytics,Starter,monthly,Canada,organic search,2024-07-20,,active,1,29
SUB-10377,Harbor Analytics,Growth,monthly,United Kingdom,paid search,2024-07-20,,active,7,188.1
SUB-11344,Northwind Works,Growth,monthly,United States,organic search,2024-07-20,2025-03-15,churned,7,188.1
SUB-13093,Orbit Labs,Starter,monthly,France,outbound sales,2024-07-21,2025-01-26,churned,2,33.35
SUB-10295,Orbit Analytics,Starter,monthly,Germany,content,2024-07-22,2025-09-30,churned,3,37.7
SUB-11302,Fable Logistics,Growth,annual,France,organic search,2024-07-22,,active,2,96.77
SUB-11397,Northwind Foods,Starter,monthly,United Kingdom,paid search,2024-07-22,2024-10-26,churned,7,55.1
SUB-11415,Pine Health,Growth,monthly,United Kingdom,organic search,2024-07-22,,active,10,232.65
SUB-11695,Orbit Partners,Growth,monthly,Japan,organic search,2024-07-22,,active,6,173.25
SUB-12796,Juniper Retail,Growth,annual,Germany,organic search,2024-07-22,2025-10-08,churned,4,122.02
SUB-12880,Atlas Retail,Growth,annual,India,organic search,2024-07-22,,active,6,147.26
SUB-11014,Kestrel Studio,Starter,monthly,Germany,referral,2024-07-23,,active,4,42.05
SUB-11923,Fable Partners,Starter,monthly,Japan,organic search,2024-07-23,2025-10-21,churned,10,68.15
SUB-12359,Bluebird Partners,Growth,monthly,India,outbound sales,2024-07-23,,active,9,217.8
SUB-11072,Nimbus Foods,Scale,monthly,Germany,paid search,2024-07-24,,active,36,731
SUB-13137,Northwind Foods,Starter,monthly,India,paid search,2024-07-24,2024-09-11,churned,2,33.35
SUB-10912,Vela Systems,Enterprise,monthly,United States,organic search,2024-07-25,,active,44,1596
SUB-11679,Vela Labs,Growth,monthly,Canada,partner,2024-07-25,,active,3,128.7
SUB-11958,Acme Health,Starter,monthly,India,partner,2024-07-25,,active,5,46.4
SUB-12110,Fable Foods,Growth,annual,United States,outbound sales,2024-07-25,,active,9,185.13
SUB-12857,Kestrel Retail,Starter,monthly,United States,partner,2024-07-25,,active,3,37.7
SUB-13106,Atlas Retail,Starter,monthly,Australia,organic search,2024-07-25,2025-03-15,churned,5,46.4
SUB-11411,Vela Health,Growth,annual,United States,organic search,2024-07-26,2024-11-18,churned,3,109.4
SUB-12064,Juniper Partners,Growth,annual,United Kingdom,referral,2024-07-26,,active,7,159.89
SUB-12768,Juniper Foods,Starter,monthly,United Kingdom,organic search,2024-07-26,2025-08-29,churned,1,29
SUB-10170,Pine Labs,Growth,monthly,United States,paid search,2024-07-27,2024-09-20,churned,9,217.8
SUB-11251,Copper Health,Starter,monthly,United States,content,2024-07-27,2025-09-20,churned,5,46.4
SUB-11671,Harbor Studio,Growth,annual,United States,content,2024-07-27,,active,2,96.77
SUB-11032,Kestrel Labs,Growth,annual,United States,paid search,2024-07-28,2025-06-02,churned,1,84.15
SUB-11871,Pine Foods,Growth,annual,United States,referral,2024-07-28,2025-04-07,churned,6,147.26
SUB-12031,Juniper Analytics,Starter,annual,United States,outbound sales,2024-07-28,,active,9,54.23
SUB-12744,Vela Logistics,Starter,monthly,United States,content,2024-07-28,,active,10,68.15
SUB-10111,Quill Studio,Growth,monthly,United Kingdom,paid search,2024-07-29,2024-08-28,churned,5,158.4
SUB-10268,Kestrel Partners,Scale,monthly,Germany,referral,2024-07-29,,active,11,431
SUB-10419,Bluebird Partners,Growth,monthly,United States,paid search,2024-07-29,,active,9,217.8
SUB-10065,Copper Partners,Scale,monthly,United States,paid search,2024-07-30,,active,27,623
SUB-11038,Nimbus Foods,Scale,monthly,Canada,organic search,2024-07-30,,active,6,371
SUB-10778,Juniper Health,Growth,monthly,Brazil,organic search,2024-07-31,,active,1,99
SUB-12032,Pine Health,Growth,monthly,United States,paid search,2024-07-31,,active,10,232.65
SUB-10593,Kestrel Logistics,Starter,annual,Germany,referral,2024-08-01,,active,3,32.05
SUB-10771,Acme Partners,Growth,monthly,Australia,partner,2024-08-01,,active,3,128.7
SUB-10818,Vela Analytics,Growth,annual,United States,outbound sales,2024-08-02,,active,7,159.89
SUB-13107,Acme Labs,Scale,monthly,United Kingdom,paid search,2024-08-02,2025-05-28,churned,28,635
SUB-13147,Orbit Foods,Starter,monthly,United States,paid search,2024-08-02,2025-03-10,churned,8,59.45
SUB-10318,Copper Retail,Growth,monthly,United States,partner,2024-08-03,,active,7,188.1
SUB-11599,Juniper Logistics,Growth,monthly,Canada,paid search,2024-08-03,2025-10-14,churned,1,99
SUB-12066,Copper Logistics,Growth,annual,United Kingdom,outbound sales,2024-08-03,2025-12-17,churned,5,134.64
SUB-12366,Kestrel Partners,Growth,monthly,Australia,organic search,2024-08-03,2024-11-13,churned,7,188.1
SUB-12414,Copper Foods,Starter,annual,United States,paid search,2024-08-03,,active,5,39.44
SUB-12798,Harbor Studio,Growth,monthly,United States,paid search,2024-08-03,2025-09-08,churned,2,113.85
SUB-10259,Atlas Retail,Starter,monthly,Brazil,paid search,2024-08-04,,active,7,55.1
SUB-11375,Quill Retail,Starter,annual,India,organic search,2024-08-04,,active,6,43.14
SUB-12026,Harbor Foods,Enterprise,monthly,India,partner,2024-08-04,,active,154,2586
SUB-10011,Nimbus Labs,Scale,annual,Canada,content,2024-08-05,,active,7,325.55
SUB-10079,Harbor Partners,Starter,monthly,United States,content,2024-08-05,,active,10,68.15
SUB-10235,Vela Labs,Growth,monthly,Australia,organic search,2024-08-05,2024-12-02,churned,8,202.95
SUB-10446,Atlas Labs,Starter,monthly,United States,referral,2024-08-05,,active,1,29
SUB-10459,Juniper Retail,Starter,monthly,United Kingdom,referral,2024-08-05,2025-02-11,churned,9,63.8
SUB-10991,Nimbus Health,Enterprise,annual,Canada,referral,2024-08-05,,active,134,2045.1
SUB-10788,Vela Retail,Enterprise,monthly,United Kingdom,partner,2024-08-06,,active,189,2901
SUB-11109,Atlas Health,Starter,monthly,United States,content,2024-08-06,,active,9,63.8
SUB-11227,Northwind Partners,Enterprise,annual,India,organic search,2024-08-06,,active,161,2251.65
SUB-12720,Fable Studio,Enterprise,monthly,United States,organic search,2024-08-06,,active,119,2271
SUB-12871,Pine Health,Growth,monthly,Canada,organic search,2024-08-06,,active,9,217.8
SUB-12929,Harbor Partners,Growth,annual,United Kingdom,paid search,2024-08-06,,active,4,122.02
SUB-10310,Northwind Studio,Growth,monthly,Australia,outbound sales,2024-08-07,,active,5,158.4
SUB-11065,Orbit Retail,Starter,annual,France,paid search,2024-08-07,,active,4,35.74
SUB-11897,Vela Labs,Growth,monthly,Canada,organic search,2024-08-07,2025-03-04,churned,6,173.25
SUB-11618,Fable Systems,Enterprise,annual,India,paid search,2024-08-08,,active,122,1953.3
SUB-12475,Quill Foods,Growth,monthly,India,paid search,2024-08-08,2025-10-17,churned,4,143.55
SUB-10055,Nimbus Logistics,Starter,annual,United Kingdom,paid search,2024-08-09,,active,7,46.83
SUB-10201,Atlas Studio,Scale,annual,Japan,referral,2024-08-09,,active,17,427.55
SUB-12275,Harbor Retail,Starter,monthly,France,organic search,2024-08-09,2024-12-27,churned,5,46.4
SUB-12825,Orbit Studio,Enterprise,monthly,Brazil,referral,2024-08-09,,active,73,1857
SUB-12826,Lumen Analytics,Starter,monthly,Canada,referral,2024-08-09,,active,1,29
SUB-12975,Atlas Works,Scale,annual,Australia,referral,2024-08-09,,active,10,356.15
SUB-11256,Bluebird Labs,Starter,monthly,United States,paid search,2024-08-10,2025-04-27,churned,6,50.75
SUB-12861,Copper Retail,Starter,annual,United States,content,2024-08-10,,active,5,39.44
SUB-12913,Kestrel Logistics,Growth,monthly,Germany,organic search,2024-08-10,,active,3,128.7
SUB-13074,Fable Partners,Growth,monthly,United States,referral,2024-08-10,2025-05-20,churned,5,158.4
SUB-10294,Fable Labs,Growth,annual,United States,referral,2024-08-11,2025-01-21,churned,6,147.26
SUB-12232,Acme Retail,Starter,annual,United Kingdom,organic search,2024-08-11,,active,5,39.44
SUB-11381,Lumen Retail,Starter,annual,United Kingdom,outbound sales,2024-08-12,,active,8,50.53
SUB-11838,Northwind Partners,Growth,monthly,Australia,partner,2024-08-12,,active,9,217.8
SUB-11860,Nimbus Analytics,Growth,monthly,France,organic search,2024-08-12,,active,3,128.7
SUB-11890,Nimbus Analytics,Starter,annual,Japan,paid search,2024-08-12,,active,3,32.05
SUB-12494,Lumen Analytics,Growth,monthly,Brazil,content,2024-08-12,,active,10,232.65
SUB-12680,Fable Labs,Growth,annual,United Kingdom,content,2024-08-12,2024-10-19,churned,10,197.75
SUB-10281,Copper Partners,Growth,monthly,United States,referral,2024-08-13,,active,2,113.85
SUB-10886,Juniper Foods,Scale,annual,United Kingdom,partner,2024-08-13,,active,36,621.35
SUB-10148,Vela Health,Growth,annual,United Kingdom,paid search,2024-08-14,,active,6,147.26
SUB-10313,Harbor Analytics,Starter,annual,United States,content,2024-08-14,,active,1,24.65
SUB-10369,Vela Analytics,Starter,monthly,United States,referral,2024-08-14,2025-08-08,churned,10,68.15
SUB-11979,Northwind Labs,Enterprise,monthly,Canada,organic search,2024-08-14,,active,26,1434
SUB-12195,Juniper Foods,Scale,monthly,Germany,partner,2024-08-14,2025-09-15,churned,21,551
SUB-12708,Atlas Partners,Growth,monthly,United States,outbound sales,2024-08-14,,active,5,158.4
SUB-12850,Kestrel Partners,Starter,monthly,Canada,paid search,2024-08-14,,active,2,33.35
SUB-10492,Atlas Analytics,Starter,monthly,France,organic search,2024-08-15,,active,9,63.8
SUB-11551,Northwind Studio,Growth,annual,Japan,organic search,2024-08-15,2025-07-05,churned,4,122.02
SUB-11861,Juniper Works,Scale,annual,United States,referral,2024-08-15,,active,20,458.15
SUB-10142,Juniper Analytics,Starter,monthly,United States,outbound sales,2024-08-16,2024-12-18,churned,2,33.35
SUB-10176,Bluebird Systems,Starter,monthly,Germany,content,2024-08-16,,active,1,29
SUB-10247,Nimbus Systems,Enterprise,monthly,Germany,organic search,2024-08-16,,active,96,2064
SUB-10803,Harbor Health,Growth,monthly,United States,content,2024-08-17,2025-03-09,churned,9,217.8
SUB-11505,Harbor Labs,Scale,annual,India,outbound sales,2024-08-17,,active,36,621.35
SUB-12043,Nimbus Analytics,Starter,annual,United States,partner,2024-08-17,,active,4,35.74
SUB-11636,Acme Health,Growth,monthly,Germany,referral,2024-08-18,,active,5,158.4
SUB-11652,Northwind Foods,Growth,annual,Germany,partner,2024-08-18,,active,7,159.89
SUB-11717,Juniper Studio,Scale,annual,Australia,organic search,2024-08-18,2025-03-13,churned,11,366.35
SUB-12129,Acme Labs,Starter,monthly,Germany,organic search,2024-08-18,,active,10,68.15
SUB-12356,Quill Logistics,Enterprise,monthly,India,referral,2024-08-18,,active,30,1470
SUB-12603,Fable Retail,Starter,annual,United States,paid search,2024-08-18,,active,4,35.74
SUB-12927,Orbit Retail,Starter,annual,United States,organic search,2024-08-18,,active,10,57.93
SUB-10522,Harbor Logistics,Starter,monthly,France,referral,2024-08-19,,active,4,42.05
SUB-10828,Vela Systems,Scale,monthly,Germany,organic search,2024-08-19,,active,5,359
SUB-12276,Quill Works,Starter,annual,India,organic search,2024-08-19,,active,3,32.05
SUB-12399,Northwind Labs,Starter,monthly,United States,partner,2024-08-19,,active,6,50.75
SUB-10200,Juniper Retail,Starter,monthly,Brazil,outbound sales,2024-08-20,,active,7,55.1
SUB-10209,Fable Retail,Growth,monthly,Japan,referral,2024-08-20,2025-12-13,churned,1,99
SUB-10354,Acme Analytics,Growth,annual,United States,referral,2024-08-20,,active,5,134.64
SUB-12257,Nimbus Analytics,Starter,annual,United Kingdom,organic search,2024-08-20,,active,5,39.44
SUB-12481,Harbor Health,Growth,monthly,United States,paid search,2024-08-20,,active,1,99
SUB-11857,Northwind Partners,Growth,annual,United States,referral,2024-08-21,,active,9,185.13
SUB-11962,Copper Partners,Starter,monthly,Brazil,organic search,2024-08-21,2025-02-07,churned,4,42.05
SUB-12260,Copper Labs,Growth,monthly,United States,paid search,2024-08-21,,active,9,217.8
SUB-12540,Acme Systems,Growth,monthly,United States,paid search,2024-08-21,2025-06-13,churned,10,232.65
SUB-10615,Vela Labs,Starter,monthly,United States,outbound sales,2024-08-22,2025-01-10,churned,8,59.45
SUB-10657,Quill Foods,Growth,monthly,United States,organic search,2024-08-22,,active,7,188.1
SUB-12316,Kestrel Foods,Enterprise,monthly,United States,paid search,2024-08-22,,active,75,1875
SUB-12513,Pine Analytics,Scale,annual,United States,paid search,2024-08-22,2025-05-05,churned,21,468.35
SUB-12770,Nimbus Foods,Starter,monthly,Brazil,referral,2024-08-22,2024-09-25,churned,7,55.1
SUB-10061,Atlas Systems,Scale,monthly,United States,partner,2024-08-23,,active,34,707
SUB-10495,Vela Systems,Starter,monthly,United States,organic search,2024-08-23,2025-04-15,churned,4,42.05
SUB-12788,Copper Logistics,Growth,annual,United States,paid search,2024-08-23,2025-04-29,churned,3,109.4
SUB-13124,Nimbus Systems,Starter,monthly,United States,referral,2024-08-23,,active,3,37.7
SUB-12841,Quill Logistics,Enterprise,annual,Brazil,referral,2024-08-24,,active,83,1654.95
SUB-12877,Harbor Works,Enterprise,monthly,Brazil,organic search,2024-08-24,,active,178,2802
SUB-12938,Fable Logistics,Starter,monthly,United States,paid search,2024-08-24,,active,2,33.35
SUB-10229,Juniper Partners,Starter,annual,United Kingdom,outbound sales,2024-08-25,,active,5,39.44
SUB-10597,Acme Health,Scale,monthly,United States,paid search,2024-08-25,2025-03-05,churned,20,539
SUB-10716,Quill Labs,Scale,annual,India,paid search,2024-08-25,,active,15,407.15
SUB-11092,Fable Partners,Scale,monthly,United Kingdom,partner,2024-08-25,2024-09-28,churned,12,443
SUB-10093,Northwind Foods,Starter,monthly,India,paid search,2024-08-26,2025-02-23,churned,2,33.35
SUB-12106,Quill Health,Growth,monthly,United States,organic search,2024-08-26,2025-07-07,churned,4,143.55
SUB-11430,Northwind Logistics,Starter,monthly,India,paid search,2024-08-27,,active,7,55.1
SUB-11565,Atlas Health,Growth,monthly,France,outbound sales,2024-08-27,2025-04-17,churned,6,173.25
SUB-10434,Northwind Labs,Starter,annual,United States,outbound sales,2024-08-28,,active,2,28.35
SUB-11180,Quill Systems,Scale,monthly,United States,paid search,2024-08-28,,active,22,563
SUB-11783,Copper Logistics,Growth,annual,United Kingdom,referral,2024-08-28,,active,6,147.26
SUB-12176,Fable Partners,Starter,monthly,Canada,organic search,2024-08-28,2025-03-21,churned,4,42.05
SUB-11459,Northwind Systems,Enterprise,monthly,United States,paid search,2024-08-29,2025-09-24,churned,92,2028
SUB-11498,Atlas Analytics,Growth,monthly,Australia,organic search,2024-08-29,2024-10-23,churned,2,113.85
SUB-10239,Pine Studio,Growth,annual,India,partner,2024-08-30,2025-03-03,churned,7,159.89
SUB-10856,Juniper Foods,Starter,annual,Germany,paid search,2024-08-30,,active,5,39.44
SUB-11729,Atlas Works,Starter,monthly,United States,partner,2024-08-30,,active,9,63.8
SUB-12527,Fable Works,Growth,annual,United States,paid search,2024-08-30,,active,10,197.75
SUB-10923,Orbit Logistics,Growth,monthly,United Kingdom,outbound sales,2024-08-31,2025-09-21,churned,6,173.25
SUB-11404,Orbit Foods,Scale,monthly,United States,partner,2024-08-31,,active,28,635
SUB-11595,Kestrel Systems,Starter,monthly,United States,referral,2024-08-31,2024-10-20,churned,5,46.4
SUB-11338,Kestrel Labs,Starter,monthly,United States,referral,2024-09-01,,active,6,50.75
SUB-11417,Juniper Systems,Scale,monthly,Australia,referral,2024-09-01,,active,6,371
SUB-11633,Harbor Analytics,Enterprise,monthly,Australia,organic search,2024-09-01,,active,128,2352
SUB-12599,Fable Partners,Starter,monthly,United States,referral,2024-09-01,2025-08-31,churned,4,42.05
SUB-13040,Atlas Studio,Growth,monthly,United States,outbound sales,2024-09-01,,active,2,113.85
SUB-10051,Pine Logistics,Scale,annual,India,organic search,2024-09-02,,active,15,407.15
SUB-10571,Northwind Health,Scale,annual,Japan,partner,2024-09-02,2025-01-28,churned,42,682.55
SUB-10910,Northwind Foods,Scale,monthly,United States,paid search,2024-09-02,,active,7,383
SUB-11512,Lumen Labs,Starter,monthly,India,referral,2024-09-02,,active,2,33.35
SUB-11668,Harbor Partners,Growth,annual,United States,outbound sales,2024-09-02,,active,1,84.15
SUB-11808,Atlas Labs,Growth,monthly,United States,content,2024-09-02,,active,2,113.85
SUB-12165,Quill Analytics,Growth,annual,United States,organic search,2024-09-02,,active,3,109.4
SUB-12338,Acme Analytics,Scale,monthly,United States,outbound sales,2024-09-02,2025-06-06,churned,25,599
SUB-10792,Pine Labs,Growth,monthly,United Kingdom,organic search,2024-09-03,2025-10-28,churned,8,202.95
SUB-11420,Juniper Health,Starter,monthly,Germany,organic search,2024-09-03,2025-06-11,churned,3,37.7
SUB-12279,Harbor Systems,Starter,annual,Australia,referral,2024-09-03,,active,4,35.74
SUB-12718,Orbit Labs,Growth,monthly,United States,partner,2024-09-03,,active,10,232.65
SUB-12049,Kestrel Works,Growth,monthly,France,content,2024-09-05,,active,3,128.7
SUB-13065,Vela Labs,Growth,monthly,United States,organic search,2024-09-05,2025-06-21,churned,9,217.8
SUB-10665,Pine Foods,Growth,monthly,United Kingdom,referral,2024-09-06,2024-12-25,churned,6,173.25
SUB-10835,Quill Retail,Scale,monthly,India,organic search,2024-09-06,,active,9,407
SUB-11508,Nimbus Works,Growth,monthly,United States,referral,2024-09-06,,active,7,188.1
SUB-12085,Northwind Partners,Starter,monthly,India,paid search,2024-09-06,,active,7,55.1
SUB-12355,Bluebird Foods,Starter,monthly,United States,organic search,2024-09-06,,active,4,42.05
SUB-12452,Acme Works,Starter,monthly,United States,organic search,2024-09-06,,active,8,59.45
SUB-13015,Kestrel Foods,Growth,annual,United States,paid search,2024-09-06,,active,3,109.4
SUB-13049,Copper Health,Starter,monthly,Germany,content,2024-09-06,2024-10-11,churned,3,37.7
SUB-13136,Kestrel Analytics,Starter,monthly,United States,paid search,2024-09-06,2024-10-13,churned,10,68.15
SUB-10713,Quill Foods,Growth,monthly,Canada,outbound sales,2024-09-07,,active,8,202.95
SUB-11099,Orbit Labs,Growth,monthly,India,organic search,2024-09-07,2025-11-14,churned,3,128.7
SUB-12912,Vela Foods,Scale,monthly,Australia,paid search,2024-09-07,2025-08-10,churned,19,527
SUB-10455,Bluebird Partners,Growth,monthly,United States,referral,2024-09-08,2025-01-31,churned,6,173.25
SUB-11831,Kestrel Studio,Growth,monthly,Australia,outbound sales,2024-09-08,,active,7,188.1
SUB-12926,Kestrel Health,Scale,monthly,United States,organic search,2024-09-08,,active,28,635
SUB-10356,Kestrel Partners,Growth,annual,Canada,referral,2024-09-09,2024-10-13,churned,3,109.4
SUB-10779,Northwind Systems,Starter,annual,United States,referral,2024-09-09,2025-02-20,churned,1,24.65
SUB-11018,Juniper Studio,Starter,annual,United States,partner,2024-09-09,2025-04-11,churned,1,24.65
SUB-12159,Vela Retail,Starter,monthly,United States,outbound sales,2024-09-09,,active,4,42.05
SUB-10326,Kestrel Analytics,Scale,annual,United States,referral,2024-09-10,,active,40,662.15
SUB-11314,Quill Systems,Starter,monthly,Canada,organic search,2024-09-10,2025-09-18,churned,4,42.05
SUB-11657,Fable Health,Starter,monthly,United States,paid search,2024-09-10,,active,3,37.7
SUB-12757,Orbit Works,Starter,monthly,India,content,2024-09-10,2025-02-11,churned,5,46.4
SUB-13133,Quill Partners,Starter,monthly,United States,outbound sales,2024-09-10,,active,4,42.05
SUB-10539,Harbor Studio,Starter,monthly,United States,outbound sales,2024-09-11,2025-04-16,churned,8,59.45
SUB-12428,Fable Labs,Growth,monthly,France,paid search,2024-09-11,,active,1,99
SUB-10411,Fable Works,Growth,monthly,United States,referral,2024-09-12,2025-02-28,churned,4,143.55
SUB-10450,Atlas Foods,Starter,annual,India,organic search,2024-09-12,,active,10,57.93
SUB-10548,Fable Health,Scale,monthly,Germany,referral,2024-09-12,,active,9,407
SUB-11776,Orbit Health,Starter,annual,India,paid search,2024-09-12,,active,2,28.35
SUB-12130,Lumen Foods,Growth,monthly,United Kingdom,referral,2024-09-12,2024-10-15,churned,7,188.1
SUB-13072,Bluebird Retail,Starter,annual,United Kingdom,referral,2024-09-12,,active,7,46.83
SUB-13099,Pine Logistics,Growth,monthly,India,organic search,2024-09-12,2024-10-12,churned,10,232.65
SUB-10469,Orbit Foods,Scale,monthly,United States,content,2024-09-13,,active,37,743
SUB-11429,Orbit Systems,Growth,monthly,India,paid search,2024-09-13,2025-02-10,churned,2,113.85
SUB-12305,Bluebird Labs,Starter,annual,United States,paid search,2024-09-13,,active,1,24.65
SUB-11340,Copper Health,Starter,monthly,United States,organic search,2024-09-14,,active,8,59.45
SUB-11603,Lumen Works,Scale,annual,United States,organic search,2024-09-14,2025-02-18,churned,18,437.75
SUB-11968,Fable Foods,Starter,monthly,Canada,paid search,2024-09-14,,active,8,59.45
SUB-12554,Atlas Foods,Growth,monthly,United States,partner,2024-09-14,2025-05-23,churned,4,143.55
SUB-13143,Juniper Logistics,Starter,monthly,France,partner,2024-09-14,2025-07-29,churned,4,42.05
SUB-10199,Juniper Logistics,Scale,monthly,United States,paid search,2024-09-15,,active,6,371
SUB-10868,Lumen Foods,Growth,monthly,France,referral,2024-09-15,,active,2,113.85
SUB-11306,Quill Health,Starter,monthly,India,organic search,2024-09-15,2025-11-04,churned,9,63.8
SUB-12809,Fable Partners,Enterprise,monthly,Brazil,referral,2024-09-15,,active,122,2298
SUB-12834,Pine Studio,Starter,annual,United States,referral,2024-09-15,,active,6,43.14
SUB-13103,Pine Logistics,Starter,monthly,Germany,referral,2024-09-15,,active,7,55.1
SUB-10927,Nimbus Health,Starter,annual,India,referral,2024-09-16,,active,7,46.83
SUB-11439,Nimbus Logistics,Scale,annual,United States,organic search,2024-09-16,,active,16,417.35
SUB-11623,Harbor Partners,Growth,annual,United States,organic search,2024-09-16,,active,6,147.26
SUB-12295,Vela Works,Starter,monthly,Japan,content,2024-09-16,2025-03-01,churned,6,50.75
SUB-12644,Fable Analytics,Growth,annual,United States,partner,2024-09-16,,active,3,109.4
SUB-10696,Harbor Studio,Scale,monthly,Japan,organic search,2024-09-17,,active,32,683
SUB-11177,Lumen Labs,Scale,monthly,United Kingdom,outbound sales,2024-09-17,2025-05-27,churned,37,743
SUB-11323,Fable Analytics,Growth,monthly,United States,partner,2024-09-17,,active,1,99
SUB-12611,Bluebird Labs,Growth,monthly,Germany,outbound sales,2024-09-17,2025-02-04,churned,2,113.85
SUB-10395,Juniper Partners,Starter,annual,United States,referral,2024-09-18,,active,2,28.35
SUB-10644,Fable Health,Starter,monthly,France,organic search,2024-09-18,2024-12-15,churned,6,50.75
SUB-12669,Lumen Health,Starter,monthly,United States,organic search,2024-09-18,,active,7,55.1
SUB-10551,Fable Works,Starter,monthly,Germany,organic search,2024-09-19,2024-12-01,churned,4,42.05
SUB-10781,Kestrel Retail,Scale,monthly,Germany,referral,2024-09-19,2025-03-06,churned,21,551
SUB-10956,Northwind Systems,Growth,monthly,India,content,2024-09-19,,active,10,232.65
SUB-11997,Pine Health,Growth,monthly,United States,organic search,2024-09-19,2025-10-30,churned,9,217.8
SUB-12534,Harbor Foods,Starter,monthly,France,organic search,2024-09-19,,active,10,68.15
SUB-12756,Acme Retail,Growth,monthly,Brazil,outbound sales,2024-09-19,2025-04-22,churned,10,232.65
SUB-10872,Acme Partners,Growth,annual,Australia,paid search,2024-09-20,,active,3,109.4
SUB-12250,Nimbus Partners,Enterprise,annual,Germany,organic search,2024-09-20,,active,179,2389.35
SUB-12369,Atlas Studio,Starter,monthly,United States,paid search,2024-09-20,,active,10,68.15
SUB-12705,Fable Partners,Growth,annual,Germany,paid search,2024-09-20,,active,10,197.75
SUB-11270,Acme Health,Scale,annual,United States,paid search,2024-09-21,,active,17,427.55
SUB-11520,Kestrel Partners,Growth,monthly,France,content,2024-09-21,2025-06-24,churned,2,113.85
SUB-11659,Copper Partners,Growth,monthly,Australia,organic search,2024-09-21,,active,7,188.1
SUB-12302,Orbit Analytics,Starter,annual,Canada,content,2024-09-21,,active,3,32.05
SUB-12304,Kestrel Retail,Starter,annual,United States,organic search,2024-09-21,,active,4,35.74
SUB-12329,Orbit Foods,Growth,annual,Australia,organic search,2024-09-21,,active,1,84.15
SUB-12876,Juniper Logistics,Enterprise,monthly,United States,paid search,2024-09-21,,active,61,1749
SUB-13030,Orbit Works,Starter,monthly,Germany,paid search,2024-09-21,,active,8,59.45
SUB-10074,Quill Logistics,Growth,monthly,United Kingdom,paid search,2024-09-22,,active,8,202.95
SUB-10301,Harbor Partners,Starter,annual,Australia,content,2024-09-22,,active,5,39.44
SUB-10617,Quill Health,Growth,annual,United States,paid search,2024-09-22,,active,2,96.77
SUB-11453,Lumen Logistics,Scale,annual,India,content,2024-09-22,,active,41,672.35
SUB-12949,Juniper Analytics,Starter,monthly,United States,organic search,2024-09-22,,active,6,50.75
SUB-11090,Atlas Labs,Growth,monthly,India,content,2024-09-23,,active,5,158.4
SUB-11628,Copper Logistics,Growth,annual,United States,organic search,2024-09-23,,active,9,185.13
SUB-12263,Atlas Studio,Scale,monthly,India,paid search,2024-09-23,2024-10-23,churned,26,611
SUB-12544,Fable Works,Scale,monthly,Brazil,referral,2024-09-23,,active,36,731
SUB-10518,Harbor Partners,Starter,annual,United States,content,2024-09-24,,active,4,35.74
SUB-11475,Kestrel Health,Starter,monthly,Germany,partner,2024-09-24,,active,5,46.4
SUB-11965,Juniper Partners,Starter,monthly,Australia,paid search,2024-09-24,2025-04-08,churned,3,37.7
SUB-10514,Kestrel Analytics,Growth,annual,Australia,organic search,2024-09-25,,active,5,134.64
SUB-10830,Vela Logistics,Enterprise,annual,United States,partner,2024-09-25,,active,44,1356.6
SUB-11265,Nimbus Health,Starter,annual,India,paid search,2024-09-25,2024-12-21,churned,6,43.14
SUB-11656,Kestrel Retail,Starter,annual,Canada,paid search,2024-09-25,,active,7,46.83
SUB-12117,Nimbus Partners,Starter,monthly,Germany,organic search,2024-09-25,,active,3,37.7
SUB-12496,Quill Studio,Starter,monthly,India,partner,2024-09-25,2024-11-18,churned,7,55.1
SUB-13045,Harbor Logistics,Starter,annual,Germany,outbound sales,2024-09-25,,active,4,35.74
SUB-11927,Kestrel Labs,Starter,monthly,Brazil,referral,2024-09-26,,active,5,46.4
SUB-10260,Kestrel Partners,Growth,monthly,United States,organic search,2024-09-27,,active,9,217.8
SUB-11019,Northwind Health,Starter,monthly,Germany,paid search,2024-09-27,,active,1,29
SUB-10025,Bluebird Labs,Growth,monthly,United States,paid search,2024-09-28,2024-11-16,churned,7,188.1
SUB-11286,Vela Analytics,Growth,annual,United Kingdom,organic search,2024-09-28,,active,6,147.26
SUB-11589,Nimbus Logistics,Growth,monthly,Canada,paid search,2024-09-28,2025-07-24,churned,1,99
SUB-11685,Bluebird Studio,Scale,monthly,Japan,partner,2024-09-28,,active,37,743
SUB-11875,Kestrel Partners,Starter,annual,United Kingdom,paid search,2024-09-28,,active,1,24.65
SUB-12248,Pine Works,Enterprise,monthly,United States,organic search,2024-09-28,,active,71,1839
SUB-12590,Fable Partners,Growth,annual,Australia,organic search,2024-09-28,,active,10,197.75
SUB-10914,Lumen Partners,Starter,monthly,India,content,2024-09-29,,active,9,63.8
SUB-11247,Harbor Works,Scale,monthly,United States,organic search,2024-09-29,,active,27,623
SUB-12307,Atlas Logistics,Starter,annual,United States,partner,2024-09-29,,active,2,28.35
SUB-13058,Bluebird Studio,Growth,monthly,Brazil,content,2024-09-29,,active,1,99
SUB-10388,Quill Health,Scale,monthly,United States,organic search,2024-09-30,,active,31,671
SUB-12931,Fable Partners,Starter,monthly,Canada,content,2024-09-30,,active,6,50.75
SUB-10482,Orbit Works,Growth,monthly,Germany,paid search,2024-10-02,,active,6,173.25
SUB-10750,Quill Studio,Growth,annual,Germany,paid search,2024-10-02,,active,3,109.4
SUB-10880,Northwind Logistics,Growth,annual,Canada,referral,2024-10-02,,active,10,197.75
SUB-11214,Pine Labs,Starter,annual,United Kingdom,paid search,2024-10-02,,active,4,35.74
SUB-11952,Pine Retail,Growth,annual,India,referral,2024-10-02,,active,8,172.51
SUB-12446,Fable Retail,Starter,annual,India,organic search,2024-10-02,,active,5,39.44
SUB-10297,Acme Studio,Enterprise,monthly,India,referral,2024-10-03,,active,60,1740
SUB-10534,Copper Systems,Scale,monthly,United States,organic search,2024-10-03,2025-01-20,churned,44,827
SUB-11069,Atlas Works,Starter,annual,United States,organic search,2024-10-03,,active,2,28.35
SUB-11205,Orbit Analytics,Scale,monthly,France,organic search,2024-10-03,2025-01-16,churned,15,479
SUB-11785,Pine Health,Growth,annual,Australia,paid search,2024-10-03,,active,6,147.26
SUB-11892,Orbit Health,Growth,monthly,France,organic search,2024-10-03,,active,4,143.55
SUB-11063,Bluebird Foods,Scale,annual,Canada,organic search,2024-10-04,,active,24,498.95
SUB-11128,Quill Logistics,Starter,monthly,United States,paid search,2024-10-04,,active,4,42.05
SUB-11157,Acme Analytics,Enterprise,annual,Germany,organic search,2024-10-04,,active,156,2213.4
SUB-11432,Acme Studio,Growth,monthly,Brazil,organic search,2024-10-04,2024-11-03,churned,9,217.8
SUB-12357,Orbit Health,Starter,annual,United States,content,2024-10-04,,active,1,24.65
SUB-12636,Vela Analytics,Starter,annual,India,organic search,2024-10-04,,active,6,43.14
SUB-13157,Kestrel Analytics,Starter,monthly,Germany,outbound sales,2024-10-04,,active,10,68.15
SUB-10265,Bluebird Systems,Scale,monthly,Japan,referral,2024-10-05,,active,16,491
SUB-11905,Lumen Health,Starter,monthly,Canada,paid search,2024-10-05,2025-04-17,churned,5,46.4
SUB-10005,Acme Logistics,Starter,annual,United States,paid search,2024-10-06,,active,2,28.35
SUB-11229,Lumen Foods,Starter,annual,Australia,content,2024-10-06,,active,2,28.35
SUB-10312,Acme Health,Starter,annual,France,referral,2024-10-07,2024-11-06,churned,6,43.14
SUB-10334,Harbor Analytics,Growth,annual,United Kingdom,organic search,2024-10-07,,active,8,172.51
SUB-12643,Kestrel Analytics,Growth,monthly,India,paid search,2024-10-07,2025-03-18,churned,7,188.1
SUB-10335,Kestrel Labs,Starter,monthly,United States,outbound sales,2024-10-08,,active,6,50.75
SUB-11004,Nimbus Studio,Growth,monthly,Germany,organic search,2024-10-08,,active,8,202.95
SUB-12703,Bluebird Analytics,Starter,monthly,United Kingdom,organic search,2024-10-08,,active,4,42.05
SUB-10234,Kestrel Labs,Scale,monthly,Australia,partner,2024-10-09,2025-02-08,churned,44,827
SUB-11843,Orbit Partners,Growth,annual,United States,paid search,2024-10-09,,active,3,109.4
SUB-11876,Nimbus Retail,Growth,monthly,India,paid search,2024-10-09,,active,9,217.8
SUB-10264,Fable Logistics,Starter,monthly,United Kingdom,organic search,2024-10-10,2024-11-09,churned,1,29
SUB-10423,Northwind Analytics,Enterprise,annual,United States,organic search,2024-10-10,,active,104,1815.6
SUB-10994,Orbit Works,Starter,annual,United Kingdom,organic search,2024-10-10,,active,6,43.14
SUB-11171,Orbit Logistics,Growth,monthly,United Kingdom,outbound sales,2024-10-10,,active,6,173.25
SUB-11182,Pine Analytics,Starter,annual,United States,content,2024-10-10,2024-11-09,churned,10,57.93
SUB-11649,Vela Foods,Scale,monthly,Brazil,paid search,2024-10-10,,active,11,431
SUB-11737,Orbit Analytics,Growth,monthly,United States,content,2024-10-10,,active,10,232.65
SUB-11761,Northwind Works,Enterprise,monthly,United States,organic search,2024-10-10,,active,175,2775
SUB-12227,Quill Foods,Scale,annual,United Kingdom,referral,2024-10-10,,active,22,478.55
SUB-12640,Quill Foods,Enterprise,monthly,United States,outbound sales,2024-10-10,,active,177,2793
SUB-12654,Orbit Health,Growth,monthly,United States,referral,2024-10-10,,active,2,113.85
SUB-10053,Nimbus Retail,Growth,monthly,United Kingdom,paid search,2024-10-11,,active,10,232.65
SUB-10358,Nimbus Works,Growth,monthly,United Kingdom,partner,2024-10-11,,active,8,202.95
SUB-11181,Copper Analytics,Growth,monthly,India,paid search,2024-10-11,,active,9,217.8
SUB-11239,Northwind Retail,Starter,monthly,Brazil,organic search,2024-10-11,,active,7,55.1
SUB-12313,Atlas Health,Scale,monthly,United Kingdom,outbound sales,2024-10-11,,active,18,515
SUB-10565,Kestrel Partners,Starter,annual,Canada,organic search,2024-10-12,,active,1,24.65
SUB-11428,Juniper Systems,Starter,annual,India,referral,2024-10-12,,active,8,50.53
SUB-10213,Orbit Works,Starter,monthly,United States,content,2024-10-13,2025-08-04,churned,3,37.7
SUB-10453,Lumen Works,Growth,monthly,Japan,organic search,2024-10-13,,active,3,128.7
SUB-10660,Lumen Analytics,Scale,annual,United States,paid search,2024-10-13,,active,22,478.55
SUB-10702,Kestrel Works,Starter,monthly,United States,content,2024-10-13,,active,1,29
SUB-11296,Vela Studio,Starter,annual,France,paid search,2024-10-13,,active,8,50.53
SUB-11347,Quill Partners,Starter,monthly,United States,referral,2024-10-13,,active,2,33.35
SUB-11558,Quill Labs,Starter,monthly,India,organic search,2024-10-13,2025-05-09,churned,2,33.35
SUB-11723,Fable Analytics,Growth,monthly,Brazil,organic search,2024-10-13,,active,8,202.95
SUB-12576,Pine Foods,Growth,monthly,United States,organic search,2024-10-13,2024-12-12,churned,7,188.1
SUB-12749,Vela Analytics,Enterprise,monthly,United States,content,2024-10-13,,active,88,1992
SUB-10971,Juniper Foods,Growth,annual,United States,referral,2024-10-14,,active,9,185.13
SUB-11342,Bluebird Systems,Growth,monthly,United States,referral,2024-10-14,2025-06-25,churned,3,128.7
SUB-12807,Northwind Partners,Starter,monthly,United States,paid search,2024-10-14,,active,8,59.45
SUB-13132,Vela Works,Starter,annual,Canada,organic search,2024-10-14,2024-11-13,churned,5,39.44
SUB-10252,Nimbus Studio,Scale,annual,United States,content,2024-10-15,,active,15,407.15
SUB-10925,Orbit Works,Growth,monthly,India,partner,2024-10-15,,active,1,99
SUB-10937,Fable Works,Growth,annual,United Kingdom,outbound sales,2024-10-15,,active,10,197.75
SUB-11204,Kestrel Studio,Starter,monthly,India,partner,2024-10-15,2024-11-14,churned,10,68.15
SUB-11569,Atlas Logistics,Starter,monthly,United States,referral,2024-10-15,2025-02-21,churned,7,55.1
SUB-12023,Bluebird Labs,Growth,monthly,Germany,outbound sales,2024-10-15,,active,4,143.55
SUB-11359,Kestrel Logistics,Starter,annual,United States,organic search,2024-10-16,,active,3,32.05
SUB-11975,Northwind Health,Starter,monthly,Germany,outbound sales,2024-10-16,,active,10,68.15
SUB-11984,Northwind Foods,Starter,monthly,Japan,partner,2024-10-16,,active,6,50.75
SUB-12598,Kestrel Studio,Starter,annual,United States,paid search,2024-10-16,,active,6,43.14
SUB-13169,Vela Retail,Growth,monthly,Brazil,referral,2024-10-16,,active,8,202.95
SUB-10196,Vela Systems,Scale,monthly,Canada,organic search,2024-10-17,2025-05-09,churned,27,623
SUB-10270,Kestrel Partners,Starter,annual,Germany,organic search,2024-10-17,,active,9,54.23
SUB-11003,Quill Labs,Growth,annual,United States,content,2024-10-17,,active,3,109.4
SUB-11642,Nimbus Works,Starter,monthly,United States,outbound sales,2024-10-17,,active,4,42.05
SUB-12875,Harbor Retail,Starter,monthly,Germany,organic search,2024-10-17,,active,4,42.05
SUB-12933,Harbor Partners,Growth,monthly,Australia,paid search,2024-10-17,,active,7,188.1
SUB-10409,Bluebird Retail,Starter,annual,Germany,outbound sales,2024-10-18,,active,2,28.35
SUB-12170,Vela Systems,Growth,monthly,India,referral,2024-10-18,2025-02-17,churned,2,113.85
SUB-12240,Acme Health,Starter,monthly,Canada,organic search,2024-10-18,2025-07-22,churned,10,68.15
SUB-12249,Lumen Foods,Growth,annual,India,outbound sales,2024-10-18,,active,8,172.51
SUB-12641,Vela Foods,Starter,monthly,United States,partner,2024-10-18,2024-11-20,churned,2,33.35
SUB-12810,Acme Retail,Scale,monthly,United States,partner,2024-10-18,,active,6,371
SUB-12241,Nimbus Partners,Starter,annual,United States,paid search,2024-10-19,,active,4,35.74
SUB-12564,Vela Partners,Scale,annual,Germany,paid search,2024-10-19,,active,34,600.95
SUB-12953,Vela Logistics,Growth,monthly,Germany,content,2024-10-19,,active,7,188.1
SUB-11269,Quill Studio,Starter,monthly,Canada,paid search,2024-10-20,2024-11-19,churned,3,37.7
SUB-12365,Northwind Health,Starter,monthly,India,partner,2024-10-20,2025-03-22,churned,1,29
SUB-12879,Kestrel Partners,Starter,monthly,United States,organic search,2024-10-20,,active,4,42.05
SUB-10112,Juniper Analytics,Enterprise,monthly,United Kingdom,paid search,2024-10-21,,active,29,1461
SUB-10529,Lumen Foods,Scale,monthly,United Kingdom,partner,2024-10-21,,active,41,791
SUB-11594,Kestrel Retail,Enterprise,monthly,United States,outbound sales,2024-10-21,,active,139,2451
SUB-11801,Vela Retail,Growth,annual,Brazil,paid search,2024-10-21,,active,10,197.75
SUB-11870,Pine Studio,Starter,monthly,Canada,paid search,2024-10-21,,active,4,42.05
SUB-11943,Northwind Logistics,Enterprise,annual,United Kingdom,outbound sales,2024-10-21,,active,44,1356.6
SUB-10210,Kestrel Analytics,Starter,monthly,India,referral,2024-10-22,,active,3,37.7
SUB-11611,Lumen Health,Starter,monthly,United States,paid search,2024-10-22,,active,3,37.7
SUB-12650,Atlas Health,Starter,annual,United States,organic search,2024-10-22,,active,3,32.05
SUB-10293,Kestrel Partners,Scale,annual,United States,referral,2024-10-23,2025-05-12,churned,27,529.55
SUB-10381,Copper Studio,Starter,annual,Japan,referral,2024-10-23,,active,1,24.65
SUB-10458,Northwind Analytics,Starter,annual,United States,paid search,2024-10-23,2025-01-26,churned,1,24.65
SUB-10832,Lumen Logistics,Scale,monthly,Germany,partner,2024-10-23,2025-01-22,churned,30,659
SUB-12511,Quill Partners,Starter,annual,United States,paid search,2024-10-23,,active,8,50.53
SUB-12759,Juniper Partners,Growth,monthly,United States,partner,2024-10-23,,active,5,158.4
SUB-10166,Vela Logistics,Growth,annual,Japan,paid search,2024-10-24,,active,6,147.26
SUB-11798,Copper Studio,Growth,monthly,Canada,outbound sales,2024-10-24,,active,7,188.1
SUB-10275,Harbor Labs,Starter,annual,United States,paid search,2024-10-26,,active,5,39.44
SUB-12160,Copper Health,Enterprise,annual,India,paid search,2024-10-26,,active,76,1601.4
SUB-12354,Vela Retail,Enterprise,monthly,United States,content,2024-10-26,,active,159,2631
SUB-12563,Harbor Logistics,Growth,monthly,United States,organic search,2024-10-26,,active,5,158.4
SUB-13178,Kestrel Logistics,Growth,monthly,United States,partner,2024-10-26,,active,2,113.85
SUB-10031,Kestrel Partners,Starter,monthly,United States,referral,2024-10-27,,active,7,55.1
SUB-10089,Atlas Studio,Starter,monthly,Canada,organic search,2024-10-27,2024-12-20,churned,4,42.05
SUB-11119,Harbor Logistics,Starter,monthly,Japan,paid search,2024-10-27,,active,4,42.05
SUB-11140,Lumen Studio,Growth,annual,United Kingdom,organic search,2024-10-27,,active,1,84.15
SUB-11260,Nimbus Foods,Starter,monthly,India,outbound sales,2024-10-27,,active,9,63.8
SUB-11553,Atlas Labs,Starter,annual,Australia,organic search,2024-10-27,,active,8,50.53
SUB-12896,Nimbus Partners,Growth,annual,Canada,organic search,2024-10-27,,active,10,197.75
SUB-13068,Vela Analytics,Growth,monthly,United States,organic search,2024-10-27,2024-11-26,churned,9,217.8
SUB-10806,Copper Analytics,Starter,monthly,Canada,organic search,2024-10-28,2025-06-21,churned,8,59.45
SUB-12484,Acme Foods,Enterprise,monthly,United States,organic search,2024-10-28,2025-11-12,churned,146,2514
SUB-12911,Fable Partners,Starter,monthly,India,paid search,2024-10-28,2025-06-03,churned,1,29
SUB-13197,Harbor Works,Starter,monthly,France,partner,2024-10-28,,active,9,63.8
SUB-11011,Kestrel Labs,Scale,annual,Japan,organic search,2024-10-29,,active,13,386.75
SUB-11124,Copper Analytics,Starter,monthly,United States,outbound sales,2024-10-29,,active,10,68.15
SUB-11393,Harbor Health,Growth,monthly,United States,organic search,2024-10-29,2025-03-21,churned,8,202.95
SUB-11576,Pine Health,Growth,monthly,India,content,2024-10-29,,active,5,158.4
SUB-11583,Vela Works,Starter,monthly,Brazil,paid search,2024-10-29,,active,7,55.1
SUB-12372,Kestrel Studio,Starter,annual,Australia,paid search,2024-10-29,2025-08-15,churned,5,39.44
SUB-13160,Lumen Logistics,Starter,annual,France,organic search,2024-10-29,,active,1,24.65
SUB-10003,Northwind Retail,Growth,monthly,India,paid search,2024-10-30,,active,10,232.65
SUB-11700,Fable Logistics,Starter,monthly,India,organic search,2024-10-30,,active,9,63.8
SUB-12230,Quill Works,Growth,annual,United States,referral,2024-10-30,,active,4,122.02
SUB-11556,Copper Partners,Enterprise,monthly,United States,paid search,2024-10-31,,active,78,1902
SUB-11894,Harbor Labs,Starter,annual,Brazil,paid search,2024-10-31,,active,7,46.83
SUB-11950,Northwind Analytics,Starter,monthly,United States,organic search,2024-10-31,2025-01-04,churned,9,63.8
SUB-11273,Juniper Systems,Growth,annual,Canada,outbound sales,2024-11-01,,active,5,134.64
SUB-11335,Copper Logistics,Scale,monthly,Germany,organic search,2024-11-01,,active,12,443
SUB-11370,Kestrel Analytics,Starter,monthly,United Kingdom,paid search,2024-11-01,,active,1,29
SUB-12476,Northwind Labs,Growth,monthly,Germany,content,2024-11-01,,active,9,217.8
SUB-12964,Lumen Health,Growth,annual,Germany,outbound sales,2024-11-01,,active,9,185.13
SUB-10257,Pine Analytics,Enterprise,annual,United States,content,2024-11-02,,active,115,1899.75
SUB-11409,Kestrel Works,Scale,monthly,United States,partner,2024-11-02,,active,38,755
SUB-11802,Copper Analytics,Starter,monthly,Germany,organic search,2024-11-02,,active,6,50.75
SUB-11936,Fable Works,Scale,annual,France,organic search,2024-11-02,,active,28,539.75
SUB-12377,Nimbus Logistics,Starter,monthly,Australia,outbound sales,2024-11-02,2025-05-13,churned,10,68.15
SUB-10383,Orbit Studio,Starter,monthly,United States,content,2024-11-03,2025-12-23,churned,3,37.7
SUB-10481,Copper Systems,Scale,monthly,United Kingdom,organic search,2024-11-03,,active,22,563
SUB-12806,Lumen Retail,Starter,monthly,United States,organic search,2024-11-03,,active,7,55.1
SUB-10019,Vela Studio,Growth,monthly,Germany,referral,2024-11-04,2025-03-07,churned,4,143.55
SUB-10048,Copper Retail,Scale,monthly,United Kingdom,paid search,2024-11-04,,active,15,479
SUB-10983,Nimbus Labs,Scale,monthly,India,paid search,2024-11-04,,active,13,455
SUB-10573,Acme Labs,Growth,monthly,United States,organic search,2024-11-05,,active,4,143.55
SUB-11609,Copper Health,Growth,annual,Germany,referral,2024-11-05,,active,7,159.89
SUB-12175,Copper Works,Enterprise,annual,India,outbound sales,2024-11-05,,active,83,1654.95
SUB-12917,Northwind Retail,Starter,monthly,United States,organic search,2024-11-05,,active,8,59.45
SUB-12947,Copper Logistics,Growth,monthly,United Kingdom,paid search,2024-11-05,,active,2,113.85
SUB-10220,Quill Foods,Growth,monthly,United States,outbound sales,2024-11-06,,active,7,188.1
SUB-11969,Fable Labs,Starter,monthly,United States,organic search,2024-11-06,2025-09-18,churned,1,29
SUB-12520,Copper Labs,Starter,annual,United States,content,2024-11-06,,active,8,50.53
SUB-13198,Fable Analytics,Scale,annual,United States,content,2024-11-06,,active,29,549.95
SUB-11285,Orbit Health,Growth,annual,United States,paid search,2024-11-07,,active,1,84.15
SUB-12137,Bluebird Analytics,Scale,annual,Australia,partner,2024-11-07,,active,21,468.35
SUB-12822,Vela Studio,Scale,monthly,United States,paid search,2024-11-07,,active,31,671
SUB-12849,Bluebird Works,Growth,monthly,United States,organic search,2024-11-07,,active,6,173.25
SUB-12994,Bluebird Retail,Scale,monthly,United States,referral,2024-11-07,,active,6,371
SUB-13145,Fable Studio,Growth,monthly,United States,organic search,2024-11-07,,active,3,128.7
SUB-12437,Bluebird Health,Starter,monthly,United States,referral,2024-11-08,2025-10-03,churned,5,46.4
SUB-13085,Harbor Analytics,Growth,monthly,India,paid search,2024-11-08,,active,4,143.55
SUB-10226,Nimbus Systems,Starter,monthly,United States,content,2024-11-09,2025-05-29,churned,7,55.1
SUB-11207,Kestrel Studio,Starter,monthly,India,organic search,2024-11-09,,active,5,46.4
SUB-11815,Copper Foods,Starter,monthly,Germany,content,2024-11-09,2024-12-09,churned,2,33.35
SUB-12569,Nimbus Health,Scale,monthly,India,organic search,2024-11-09,,active,24,587
SUB-12884,Kestrel Logistics,Scale,monthly,France,content,2024-11-09,,active,29,647
SUB-12919,Copper Retail,Starter,annual,United States,partner,2024-11-09,2024-12-30,churned,7,46.83
SUB-12992,Pine Systems,Starter,annual,United States,content,2024-11-09,,active,2,28.35
SUB-11147,Copper Retail,Scale,annual,Germany,organic search,2024-11-10,,active,42,682.55
SUB-11191,Copper Systems,Growth,monthly,United Kingdom,referral,2024-11-10,2025-02-17,churned,6,173.25
SUB-11443,Kestrel Partners,Starter,monthly,United Kingdom,paid search,2024-11-10,,active,2,33.35
SUB-11450,Vela Analytics,Growth,annual,Germany,organic search,2024-11-10,,active,6,147.26
SUB-12407,Vela Systems,Scale,annual,Germany,content,2024-11-10,,active,41,672.35
SUB-10128,Orbit Retail,Starter,monthly,Japan,paid search,2024-11-11,2025-03-29,churned,6,50.75
SUB-10322,Acme Analytics,Growth,annual,Canada,organic search,2024-11-11,2025-06-09,churned,3,109.4
SUB-11129,Harbor Labs,Scale,annual,India,partner,2024-11-11,,active,23,488.75
SUB-11213,Orbit Systems,Starter,annual,United States,organic search,2024-11-11,,active,2,28.35
SUB-12910,Fable Foods,Starter,monthly,Australia,organic search,2024-11-11,,active,3,37.7
SUB-12622,Quill Works,Starter,monthly,India,paid search,2024-11-12,2025-08-19,churned,6,50.75
SUB-10570,Pine Systems,Scale,monthly,Brazil,content,2024-11-13,,active,40,779
SUB-10735,Kestrel Partners,Growth,annual,United States,referral,2024-11-13,2024-12-21,churned,3,109.4
SUB-12456,Atlas Health,Scale,monthly,United Kingdom,content,2024-11-13,2025-08-22,churned,21,551
SUB-10271,Nimbus Works,Growth,annual,Germany,partner,2024-11-14,,active,6,147.26
SUB-10576,Fable Systems,Growth,monthly,United States,paid search,2024-11-14,2025-11-02,churned,5,158.4
SUB-12466,Lumen Works,Growth,annual,United States,referral,2024-11-14,,active,1,84.15
SUB-12970,Nimbus Analytics,Starter,monthly,Japan,organic search,2024-11-14,2025-12-10,churned,3,37.7
SUB-10545,Atlas Systems,Scale,monthly,United States,referral,2024-11-15,,active,23,575
SUB-10729,Pine Foods,Starter,monthly,Germany,organic search,2024-11-15,,active,6,50.75
SUB-11232,Kestrel Analytics,Growth,monthly,United States,partner,2024-11-15,,active,4,143.55
SUB-11643,Nimbus Works,Starter,monthly,United States,organic search,2024-11-15,,active,8,59.45
SUB-10164,Quill Logistics,Scale,annual,United States,referral,2024-11-16,,active,37,631.55
SUB-10360,Pine Studio,Starter,monthly,United States,referral,2024-11-16,,active,10,68.15
SUB-10892,Copper Labs,Starter,monthly,Canada,partner,2024-11-16,,active,9,63.8
SUB-11600,Fable Studio,Starter,annual,United States,partner,2024-11-16,,active,5,39.44
SUB-11924,Pine Analytics,Growth,monthly,United Kingdom,outbound sales,2024-11-16,,active,4,143.55
SUB-12689,Pine Works,Growth,monthly,India,paid search,2024-11-16,,active,4,143.55
SUB-10357,Acme Foods,Starter,annual,France,paid search,2024-11-17,,active,5,39.44
SUB-10611,Fable Health,Growth,annual,Brazil,content,2024-11-17,,active,10,197.75
SUB-10989,Orbit Health,Growth,annual,India,partner,2024-11-17,,active,5,134.64
SUB-11115,Juniper Foods,Scale,monthly,United States,paid search,2024-11-17,2025-09-24,churned,12,443
SUB-11567,Kestrel Logistics,Enterprise,monthly,United States,paid search,2024-11-17,,active,158,2622
SUB-12547,Acme Analytics,Starter,monthly,Canada,organic search,2024-11-17,,active,2,33.35
SUB-12688,Pine Health,Growth,monthly,United States,outbound sales,2024-11-17,,active,7,188.1
SUB-10091,Orbit Health,Starter,monthly,Germany,paid search,2024-11-18,,active,1,29
SUB-11410,Quill Health,Starter,annual,United States,outbound sales,2024-11-18,,active,9,54.23
SUB-11899,Fable Labs,Enterprise,monthly,United States,referral,2024-11-18,,active,86,1974
SUB-13076,Orbit Health,Growth,annual,United States,organic search,2024-11-18,,active,1,84.15
SUB-10504,Pine Retail,Starter,monthly,United States,paid search,2024-11-19,2024-12-23,churned,3,37.7
SUB-11073,Kestrel Works,Scale,monthly,United States,content,2024-11-19,,active,32,683
SUB-11174,Atlas Systems,Scale,monthly,Japan,outbound sales,2024-11-19,,active,11,431
SUB-11406,Orbit Systems,Starter,annual,United Kingdom,organic search,2024-11-19,,active,8,50.53
SUB-11614,Fable Retail,Growth,monthly,Germany,organic search,2024-11-19,2025-06-20,churned,5,158.4
SUB-11779,Northwind Retail,Growth,annual,United Kingdom,organic search,2024-11-19,,active,7,159.89
SUB-12426,Orbit Logistics,Starter,annual,United States,paid search,2024-11-19,,active,5,39.44
SUB-12439,Copper Works,Growth,monthly,United States,paid search,2024-11-19,,active,6,173.25
SUB-12746,Bluebird Logistics,Scale,monthly,United States,paid search,2024-11-19,,active,23,575
SUB-10036,Vela Foods,Growth,annual,United States,organic search,2024-11-20,,active,9,185.13
SUB-11353,Acme Studio,Growth,annual,United States,organic search,2024-11-20,,active,4,122.02
SUB-11535,Kestrel Works,Scale,annual,India,organic search,2024-11-20,,active,38,641.75
SUB-12051,Kestrel Health,Starter,annual,Canada,paid search,2024-11-20,,active,5,39.44
SUB-10907,Fable Systems,Growth,annual,Germany,paid search,2024-11-21,,active,4,122.02
SUB-10995,Juniper Labs,Growth,annual,United Kingdom,outbound sales,2024-11-21,,active,7,159.89
SUB-11454,Lumen Logistics,Starter,monthly,India,content,2024-11-21,2024-12-21,churned,10,68.15
SUB-11476,Pine Labs,Scale,monthly,Germany,organic search,2024-11-21,,active,44,827
SUB-11601,Juniper Studio,Growth,annual,United Kingdom,organic search,2024-11-21,2025-06-12,churned,7,159.89
SUB-12742,Vela Foods,Growth,monthly,France,referral,2024-11-21,,active,3,128.7
SUB-12815,Nimbus Studio,Growth,monthly,Australia,outbound sales,2024-11-21,,active,2,113.85
SUB-10375,Nimbus Works,Growth,monthly,United States,referral,2024-11-22,,active,4,143.55
SUB-11275,Bluebird Foods,Growth,monthly,Japan,outbound sales,2024-11-22,,active,1,99
SUB-11412,Fable Partners,Starter,monthly,United States,organic search,2024-11-22,,active,10,68.15
SUB-11806,Pine Logistics,Growth,monthly,United States,organic search,2024-11-22,,active,10,232.65
SUB-11999,Harbor Studio,Starter,annual,Canada,outbound sales,2024-11-22,,active,9,54.23
SUB-12472,Orbit Retail,Starter,annual,Japan,outbound sales,2024-11-22,2025-09-17,churned,3,32.05
SUB-10366,Vela Partners,Growth,monthly,Japan,partner,2024-11-23,,active,6,173.25
SUB-10476,Copper Logistics,Growth,monthly,United States,organic search,2024-11-23,2025-11-23,churned,4,143.55
SUB-11775,Vela Studio,Growth,monthly,India,outbound sales,2024-11-23,2025-04-22,churned,1,99
SUB-12097,Pine Works,Growth,annual,United States,content,2024-11-23,2025-04-30,churned,10,197.75
SUB-11150,Juniper Labs,Scale,monthly,India,referral,2024-11-24,,active,21,551
SUB-12348,Vela Partners,Starter,monthly,United States,outbound sales,2024-11-24,2025-10-06,churned,8,59.45
SUB-10727,Vela Health,Growth,annual,Japan,paid search,2024-11-25,,active,8,172.51
SUB-11144,Lumen Foods,Starter,annual,Canada,paid search,2024-11-25,,active,6,43.14
SUB-11368,Orbit Retail,Growth,annual,Germany,paid search,2024-11-25,,active,2,96.77
SUB-11573,Harbor Systems,Starter,annual,Brazil,partner,2024-11-25,,active,9,54.23
SUB-11800,Acme Retail,Scale,monthly,United States,referral,2024-11-25,,active,21,551
SUB-12252,Atlas Analytics,Growth,annual,Australia,content,2024-11-25,,active,3,109.4
SUB-12293,Atlas Partners,Enterprise,monthly,United States,paid search,2024-11-25,,active,22,1398
SUB-12862,Kestrel Studio,Scale,annual,Germany,content,2024-11-25,,active,22,478.55
SUB-11837,Vela Health,Growth,monthly,United States,organic search,2024-11-26,2025-04-22,churned,7,188.1
SUB-13100,Harbor Analytics,Starter,annual,India,partner,2024-11-26,2024-12-26,churned,10,57.93
SUB-10163,Nimbus Foods,Growth,monthly,United States,paid search,2024-11-27,,active,4,143.55
SUB-10976,Quill Logistics,Growth,monthly,France,paid search,2024-11-27,2025-01-04,churned,1,99
SUB-11033,Fable Foods,Growth,annual,Japan,content,2024-11-27,,active,7,159.89
SUB-11333,Harbor Partners,Enterprise,monthly,Australia,outbound sales,2024-11-27,,active,106,2154
SUB-11396,Orbit Analytics,Starter,annual,United States,partner,2024-11-27,,active,1,24.65
SUB-11904,Harbor Partners,Scale,monthly,Brazil,organic search,2024-11-27,2024-12-27,churned,39,767
SUB-12014,Vela Retail,Scale,monthly,Canada,paid search,2024-11-27,,active,32,683
SUB-12187,Quill Retail,Growth,monthly,United States,organic search,2024-11-27,,active,10,232.65
SUB-10691,Quill Logistics,Scale,monthly,United Kingdom,partner,2024-11-28,,active,18,515
SUB-12062,Juniper Logistics,Growth,monthly,France,paid search,2024-11-28,,active,9,217.8
SUB-12352,Acme Works,Starter,annual,Canada,content,2024-11-28,,active,8,50.53
SUB-12419,Nimbus Foods,Starter,monthly,United States,paid search,2024-11-28,2025-08-05,churned,8,59.45
SUB-10988,Pine Systems,Starter,annual,Brazil,outbound sales,2024-11-29,,active,8,50.53
SUB-12163,Kestrel Foods,Scale,annual,United States,paid search,2024-11-29,,active,26,519.35
SUB-12341,Copper Analytics,Starter,monthly,United States,organic search,2024-11-29,2025-09-24,churned,8,59.45
SUB-12517,Acme Analytics,Scale,monthly,Australia,organic search,2024-11-29,2025-04-02,churned,30,659
SUB-12551,Copper Systems,Starter,monthly,Germany,organic search,2024-11-29,,active,7,55.1
SUB-12595,Vela Systems,Starter,monthly,India,organic search,2024-11-29,2025-02-20,churned,2,33.35
SUB-11242,Quill Systems,Growth,monthly,United States,outbound sales,2024-11-30,,active,10,232.65
SUB-12580,Bluebird Health,Starter,annual,United States,organic search,2024-11-30,,active,7,46.83
SUB-12588,Nimbus Labs,Growth,monthly,United States,paid search,2024-11-30,,active,3,128.7
SUB-12724,Quill Foods,Starter,monthly,Australia,referral,2024-11-30,,active,6,50.75
SUB-12976,Nimbus Labs,Growth,monthly,United States,paid search,2024-11-30,,active,6,173.25
SUB-13162,Pine Systems,Scale,annual,Brazil,referral,2024-11-30,,active,30,560.15
SUB-10885,Acme Works,Starter,monthly,United Kingdom,partner,2024-12-01,,active,3,37.7
SUB-11132,Northwind Analytics,Starter,monthly,Australia,partner,2024-12-01,2025-08-19,churned,2,33.35
SUB-11386,Vela Logistics,Scale,annual,Australia,partner,2024-12-01,,active,43,692.75
SUB-12351,Copper Foods,Scale,monthly,Japan,organic search,2024-12-01,,active,21,551
SUB-12505,Atlas Systems,Scale,monthly,Brazil,referral,2024-12-01,,active,31,671
SUB-11311,Juniper Systems,Starter,annual,United States,organic search,2024-12-02,,active,9,54.23
SUB-12581,Orbit Studio,Starter,monthly,India,paid search,2024-12-02,2025-07-24,churned,2,33.35
SUB-10122,Nimbus Works,Growth,monthly,United States,organic search,2024-12-03,2025-11-17,churned,8,202.95
SUB-11085,Fable Logistics,Starter,monthly,Japan,outbound sales,2024-12-03,2025-10-01,churned,4,42.05
SUB-11886,Bluebird Works,Growth,monthly,Australia,organic search,2024-12-03,,active,3,128.7
SUB-11932,Fable Works,Starter,annual,France,organic search,2024-12-03,,active,2,28.35
SUB-12281,Juniper Foods,Starter,annual,United Kingdom,organic search,2024-12-03,,active,1,24.65
SUB-13187,Harbor Health,Enterprise,monthly,Australia,paid search,2024-12-03,,active,20,1380
SUB-10679,Fable Partners,Starter,annual,India,outbound sales,2024-12-04,,active,10,57.93
SUB-10717,Northwind Systems,Scale,annual,United States,outbound sales,2024-12-04,,active,30,560.15
SUB-11138,Harbor Health,Enterprise,monthly,United States,referral,2024-12-04,,active,38,1542
SUB-10494,Acme Partners,Starter,monthly,United Kingdom,referral,2024-12-05,,active,5,46.4
SUB-10614,Bluebird Works,Starter,annual,United States,organic search,2024-12-05,,active,4,35.74
SUB-10861,Acme Health,Scale,monthly,Canada,referral,2024-12-05,2025-07-02,churned,6,371
SUB-11584,Lumen Works,Scale,monthly,India,outbound sales,2024-12-05,,active,26,611
SUB-11915,Atlas Retail,Starter,annual,United States,referral,2024-12-05,,active,3,32.05
SUB-10096,Kestrel Labs,Growth,monthly,France,partner,2024-12-06,,active,5,158.4
SUB-10623,Fable Labs,Growth,annual,India,paid search,2024-12-06,,active,5,134.64
SUB-10672,Lumen Logistics,Starter,monthly,United States,outbound sales,2024-12-06,,active,7,55.1
SUB-10725,Juniper Systems,Growth,monthly,India,organic search,2024-12-06,2025-07-03,churned,2,113.85
SUB-11230,Harbor Foods,Enterprise,monthly,United States,content,2024-12-06,,active,116,2244
SUB-11588,Harbor Studio,Growth,monthly,United Kingdom,organic search,2024-12-06,2025-03-19,churned,5,158.4
SUB-11914,Orbit Retail,Growth,monthly,United States,referral,2024-12-06,,active,7,188.1
SUB-12154,Nimbus Labs,Scale,annual,United States,paid search,2024-12-06,,active,33,590.75
SUB-10060,Atlas Retail,Starter,monthly,United States,partner,2024-12-07,,active,6,50.75
SUB-12108,Bluebird Analytics,Growth,monthly,Canada,outbound sales,2024-12-07,,active,1,99
SUB-12518,Lumen Logistics,Starter,annual,United States,outbound sales,2024-12-07,,active,1,24.65
SUB-12528,Kestrel Analytics,Scale,monthly,United States,referral,2024-12-07,,active,41,791
SUB-10258,Harbor Logistics,Starter,monthly,India,organic search,2024-12-08,2025-08-13,churned,7,55.1
SUB-10867,Northwind Retail,Growth,monthly,Brazil,outbound sales,2024-12-08,2025-09-16,churned,5,158.4
SUB-10924,Vela Systems,Growth,monthly,United Kingdom,organic search,2024-12-08,,active,1,99
SUB-12392,Juniper Systems,Growth,monthly,India,referral,2024-12-08,,active,2,113.85
SUB-10618,Copper Analytics,Growth,annual,Germany,organic search,2024-12-09,,active,3,109.4
SUB-11356,Bluebird Foods,Starter,monthly,Japan,content,2024-12-09,2025-02-02,churned,1,29
SUB-11605,Vela Logistics,Starter,annual,India,outbound sales,2024-12-09,,active,6,43.14
SUB-11728,Atlas Logistics,Growth,monthly,France,organic search,2024-12-09,2025-06-21,churned,7,188.1
SUB-11781,Copper Systems,Starter,monthly,United Kingdom,partner,2024-12-09,2025-07-15,churned,2,33.35
SUB-11929,Fable Systems,Growth,monthly,United States,organic search,2024-12-09,2025-11-10,churned,10,232.65
SUB-12490,Copper Studio,Starter,monthly,United States,referral,2024-12-09,2025-10-04,churned,3,37.7
SUB-12856,Juniper Health,Starter,monthly,India,outbound sales,2024-12-09,,active,3,37.7
SUB-11280,Fable Partners,Starter,monthly,United States,organic search,2024-12-10,,active,2,33.35
SUB-11435,Pine Partners,Growth,annual,United States,partner,2024-12-10,,active,8,172.51
SUB-11913,Nimbus Studio,Starter,monthly,United States,paid search,2024-12-10,,active,1,29
SUB-12402,Atlas Health,Starter,monthly,Brazil,referral,2024-12-10,,active,7,55.1
SUB-12958,Juniper Studio,Starter,monthly,United States,outbound sales,2024-12-10,2025-06-17,churned,10,68.15
SUB-13007,Lumen Foods,Starter,monthly,United States,outbound sales,2024-12-10,,active,7,55.1
SUB-10250,Harbor Labs,Growth,annual,United Kingdom,outbound sales,2024-12-11,,active,4,122.02
SUB-10673,Nimbus Works,Starter,monthly,United States,partner,2024-12-11,2025-01-21,churned,5,46.4
SUB-11521,Northwind Labs,Growth,monthly,India,referral,2024-12-11,,active,3,128.7
SUB-12328,Atlas Analytics,Scale,monthly,United States,outbound sales,2024-12-11,2025-10-18,churned,26,611
SUB-12692,Vela Systems,Starter,annual,Germany,paid search,2024-12-11,,active,8,50.53
SUB-12734,Quill Retail,Starter,annual,Germany,organic search,2024-12-11,,active,4,35.74
SUB-12831,Northwind Health,Scale,monthly,United States,partner,2024-12-11,,active,31,671
SUB-13101,Atlas Works,Growth,monthly,United States,content,2024-12-11,,active,8,202.95
SUB-10080,Copper Works,Scale,annual,United States,organic search,2024-12-12,,active,35,611.15
SUB-10598,Quill Analytics,Starter,monthly,Brazil,organic search,2024-12-12,,active,4,42.05
SUB-11081,Copper Logistics,Starter,monthly,Brazil,partner,2024-12-12,,active,1,29
SUB-10404,Fable Works,Starter,monthly,Germany,organic search,2024-12-13,,active,5,46.4
SUB-10955,Northwind Foods,Growth,monthly,United Kingdom,content,2024-12-13,2025-02-19,churned,10,232.65
SUB-11506,Acme Labs,Starter,monthly,Canada,organic search,2024-12-13,,active,7,55.1
SUB-11574,Kestrel Labs,Scale,annual,India,referral,2024-12-13,,active,27,529.55
SUB-10232,Copper Logistics,Starter,monthly,United States,organic search,2024-12-14,2025-05-24,churned,3,37.7
SUB-10347,Pine Labs,Growth,annual,United States,paid search,2024-12-14,,active,6,147.26
SUB-10438,Acme Health,Growth,monthly,Canada,partner,2024-12-14,,active,5,158.4
SUB-10562,Kestrel Studio,Scale,monthly,Germany,referral,2024-12-14,,active,44,827
SUB-10764,Nimbus Labs,Starter,annual,Australia,organic search,2024-12-14,,active,1,24.65
SUB-11034,Copper Retail,Scale,annual,United States,outbound sales,2024-12-14,,active,42,682.55
SUB-11155,Lumen Studio,Starter,annual,United States,organic search,2024-12-14,,active,5,39.44
SUB-11348,Kestrel Health,Starter,monthly,United States,paid search,2024-12-14,2025-11-16,churned,6,50.75
SUB-12235,Juniper Partners,Enterprise,annual,United States,paid search,2024-12-14,,active,149,2159.85
SUB-13180,Bluebird Studio,Enterprise,monthly,United Kingdom,content,2024-12-14,,active,163,2667
SUB-11426,Lumen Logistics,Starter,annual,India,organic search,2024-12-15,,active,10,57.93
SUB-11986,Pine Retail,Scale,annual,United Kingdom,paid search,2024-12-15,,active,27,529.55
SUB-12146,Quill Retail,Growth,monthly,Australia,organic search,2024-12-15,2025-05-23,churned,7,188.1
SUB-10510,Vela Labs,Growth,annual,Canada,organic search,2024-12-16,2025-08-02,churned,9,185.13
SUB-11231,Fable Studio,Starter,annual,United States,outbound sales,2024-12-16,2025-05-25,churned,7,46.83
SUB-11764,Lumen Studio,Growth,monthly,India,organic search,2024-12-16,2025-03-07,churned,1,99
SUB-12380,Pine Retail,Enterprise,annual,United States,partner,2024-12-16,,active,89,1700.85
SUB-12549,Kestrel Health,Growth,monthly,United Kingdom,organic search,2024-12-16,,active,2,113.85
SUB-12725,Acme Systems,Starter,monthly,India,organic search,2024-12-16,2025-01-15,churned,7,55.1
SUB-13028,Nimbus Analytics,Scale,annual,India,content,2024-12-16,,active,25,509.15
SUB-10137,Harbor Systems,Enterprise,annual,United States,outbound sales,2024-12-17,,active,117,1915.05
SUB-10649,Nimbus Analytics,Starter,monthly,United States,paid search,2024-12-17,2025-02-18,churned,7,55.1
SUB-10942,Nimbus Studio,Growth,annual,United States,paid search,2024-12-17,,active,8,172.51
SUB-11706,Pine Analytics,Starter,monthly,United Kingdom,outbound sales,2024-12-17,2025-03-14,churned,2,33.35
SUB-11719,Orbit Works,Starter,monthly,United States,organic search,2024-12-17,2025-02-14,churned,5,46.4
SUB-12294,Lumen Logistics,Starter,annual,United States,referral,2024-12-17,,active,10,57.93
SUB-12370,Lumen Health,Starter,annual,United States,referral,2024-12-17,,active,10,57.93
SUB-10109,Acme Systems,Starter,annual,United States,organic search,2024-12-18,,active,8,50.53
SUB-11189,Quill Health,Growth,annual,United States,referral,2024-12-18,,active,8,172.51
SUB-11774,Harbor Foods,Starter,monthly,Canada,organic search,2024-12-18,2025-10-30,churned,6,50.75
SUB-11957,Kestrel Partners,Starter,annual,Germany,paid search,2024-12-18,,active,5,39.44
SUB-12067,Vela Studio,Enterprise,monthly,United States,content,2024-12-18,,active,79,1911
SUB-13094,Quill Foods,Growth,monthly,United States,paid search,2024-12-18,,active,8,202.95
SUB-10602,Lumen Retail,Growth,monthly,United States,referral,2024-12-19,2025-09-08,churned,4,143.55
SUB-10744,Juniper Analytics,Starter,annual,Japan,referral,2024-12-19,2025-06-21,churned,8,50.53
SUB-10920,Harbor Foods,Scale,annual,United States,content,2024-12-19,,active,43,692.75
SUB-11331,Northwind Partners,Starter,monthly,Brazil,organic search,2024-12-19,,active,3,37.7
SUB-11495,Bluebird Health,Starter,monthly,United States,outbound sales,2024-12-19,,active,1,29
SUB-11881,Kestrel Logistics,Starter,monthly,United States,referral,2024-12-19,,active,4,42.05
SUB-12297,Harbor Studio,Starter,monthly,United States,paid search,2024-12-19,,active,5,46.4
SUB-12272,Vela Systems,Scale,annual,United Kingdom,outbound sales,2024-12-20,,active,17,427.55
SUB-12308,Northwind Logistics,Enterprise,monthly,United States,partner,2024-12-20,,active,54,1686
SUB-12775,Copper Analytics,Growth,monthly,United States,partner,2024-12-20,,active,6,173.25
SUB-12829,Harbor Systems,Scale,annual,United States,organic search,2024-12-20,,active,31,570.35
SUB-12936,Orbit Analytics,Growth,monthly,France,organic search,2024-12-20,,active,5,158.4
SUB-10197,Kestrel Health,Starter,monthly,United States,paid search,2024-12-21,2025-05-24,churned,6,50.75
SUB-10324,Quill Works,Enterprise,annual,Brazil,paid search,2024-12-21,,active,71,1563.15
SUB-10526,Copper Works,Scale,annual,Germany,referral,2024-12-21,,active,28,539.75
SUB-10740,Copper Foods,Growth,monthly,Brazil,outbound sales,2024-12-21,,active,7,188.1
SUB-12570,Copper Partners,Starter,monthly,Brazil,organic search,2024-12-21,,active,1,29
SUB-12982,Bluebird Works,Growth,monthly,Canada,referral,2024-12-21,2025-09-17,churned,5,158.4
SUB-12997,Bluebird Health,Enterprise,monthly,Brazil,paid search,2024-12-21,,active,94,2046
SUB-13048,Kestrel Analytics,Scale,annual,Germany,referral,2024-12-21,,active,24,498.95
SUB-10300,Vela Partners,Scale,annual,Germany,content,2024-12-22,,active,20,458.15
SUB-10447,Bluebird Studio,Starter,monthly,United States,paid search,2024-12-22,,active,7,55.1
SUB-10541,Juniper Health,Starter,annual,United States,organic search,2024-12-22,2025-08-04,churned,1,24.65
SUB-11083,Atlas Logistics,Starter,annual,India,outbound sales,2024-12-22,,active,2,28.35
SUB-11246,Juniper Foods,Enterprise,monthly,Germany,content,2024-12-22,,active,24,1416
SUB-12061,Northwind Health,Starter,monthly,Canada,paid search,2024-12-22,2025-10-28,churned,2,33.35
SUB-12845,Juniper Logistics,Starter,annual,Brazil,referral,2024-12-22,,active,7,46.83
SUB-12914,Kestrel Labs,Starter,annual,Brazil,paid search,2024-12-22,,active,7,46.83
SUB-10043,Nimbus Analytics,Starter,annual,United States,content,2024-12-23,,active,1,24.65
SUB-10124,Kestrel Retail,Starter,monthly,United States,organic search,2024-12-23,,active,4,42.05
SUB-12000,Lumen Logistics,Growth,annual,Canada,content,2024-12-23,,active,9,185.13
SUB-13098,Harbor Studio,Starter,annual,Japan,organic search,2024-12-23,,active,5,39.44
SUB-10099,Kestrel Health,Growth,monthly,United States,organic search,2024-12-24,2025-01-23,churned,3,128.7
SUB-10216,Bluebird Works,Growth,monthly,Germany,organic search,2024-12-24,2025-08-31,churned,6,173.25
SUB-11677,Atlas Retail,Scale,annual,Germany,organic search,2024-12-24,,active,16,417.35
SUB-12212,Vela Analytics,Starter,monthly,United States,referral,2024-12-24,,active,3,37.7
SUB-12732,Vela Systems,Starter,annual,Brazil,outbound sales,2024-12-24,,active,10,57.93
SUB-10219,Kestrel Works,Scale,monthly,United Kingdom,partner,2024-12-25,,active,26,611
SUB-11865,Copper Labs,Enterprise,annual,Australia,referral,2024-12-25,,active,113,1884.45
SUB-12228,Vela Labs,Starter,annual,India,referral,2024-12-25,,active,6,43.14
SUB-12441,Juniper Studio,Scale,annual,India,partner,2024-12-25,,active,40,662.15
SUB-12550,Lumen Analytics,Growth,annual,United States,partner,2024-12-25,,active,4,122.02
SUB-12632,Bluebird Partners,Starter,monthly,Canada,organic search,2024-12-25,,active,2,33.35
SUB-12697,Juniper Labs,Starter,annual,Germany,outbound sales,2024-12-25,,active,1,24.65
SUB-12828,Vela Studio,Growth,annual,Germany,referral,2024-12-25,,active,2,96.77
SUB-10484,Orbit Systems,Starter,monthly,United States,content,2024-12-26,,active,8,59.45
SUB-11402,Juniper Systems,Growth,annual,Australia,organic search,2024-12-26,2025-07-19,churned,9,185.13
SUB-11592,Atlas Systems,Starter,monthly,United States,organic search,2024-12-26,,active,8,59.45
SUB-11898,Bluebird Works,Growth,annual,Germany,outbound sales,2024-12-26,2025-08-21,churned,2,96.77
SUB-12191,Nimbus Foods,Scale,monthly,United States,referral,2024-12-26,,active,21,551
SUB-10532,Lumen Retail,Starter,monthly,Australia,paid search,2024-12-27,2025-06-15,churned,7,55.1
SUB-10659,Kestrel Studio,Starter,monthly,India,paid search,2024-12-27,2025-07-16,churned,3,37.7
SUB-11960,Orbit Analytics,Starter,monthly,India,paid search,2024-12-27,,active,4,42.05
SUB-10362,Orbit Foods,Scale,annual,India,organic search,2024-12-28,,active,36,621.35
SUB-11309,Northwind Labs,Starter,annual,United States,organic search,2024-12-28,,active,9,54.23
SUB-11320,Pine Health,Starter,monthly,United States,partner,2024-12-28,,active,6,50.75
SUB-12247,Copper Systems,Scale,monthly,United States,content,2024-12-28,,active,41,791
SUB-12624,Acme Partners,Starter,annual,United Kingdom,organic search,2024-12-29,,active,8,50.53
SUB-10044,Pine Studio,Growth,monthly,France,organic search,2024-12-30,,active,1,99
SUB-10359,Fable Analytics,Starter,monthly,Japan,paid search,2024-12-30,,active,5,46.4
SUB-11262,Kestrel Foods,Starter,monthly,Australia,paid search,2024-12-30,,active,5,46.4
SUB-12140,Acme Studio,Growth,monthly,France,content,2024-12-30,,active,7,188.1
SUB-12339,Copper Partners,Starter,monthly,United Kingdom,referral,2024-12-30,2025-06-18,churned,4,42.05
SUB-10950,Orbit Analytics,Scale,monthly,Brazil,organic search,2024-12-31,2025-03-29,churned,14,467
SUB-11736,Quill Partners,Starter,monthly,Canada,content,2024-12-31,,active,3,37.7
SUB-11935,Fable Foods,Scale,monthly,Australia,paid search,2024-12-31,2025-11-04,churned,35,719
SUB-12128,Kestrel Health,Growth,annual,United States,partner,2024-12-31,,active,7,159.89
SUB-11226,Fable Retail,Starter,monthly,United States,paid search,2025-01-01,,active,1,29
SUB-11825,Nimbus Studio,Growth,annual,France,referral,2025-01-01,,active,4,122.02
SUB-12730,Nimbus Analytics,Growth,annual,United States,organic search,2025-01-01,,active,8,172.51
SUB-10703,Acme Foods,Growth,monthly,United States,organic search,2025-01-02,,active,5,158.4
SUB-11637,Nimbus Works,Starter,monthly,United Kingdom,referral,2025-01-02,,active,5,46.4
SUB-11747,Kestrel Systems,Growth,monthly,United States,paid search,2025-01-02,2025-11-21,churned,2,113.85
SUB-11947,Copper Retail,Growth,annual,United States,outbound sales,2025-01-02,,active,7,159.89
SUB-12054,Northwind Systems,Starter,annual,Brazil,referral,2025-01-02,,active,2,28.35
SUB-12539,Juniper Works,Starter,monthly,United Kingdom,partner,2025-01-02,,active,3,37.7
SUB-10118,Lumen Foods,Growth,monthly,United Kingdom,paid search,2025-01-03,,active,1,99
SUB-10667,Northwind Foods,Starter,annual,United States,paid search,2025-01-03,,active,3,32.05
SUB-11531,Acme Systems,Starter,monthly,Germany,organic search,2025-01-03,2025-04-25,churned,5,46.4
SUB-11839,Juniper Labs,Growth,monthly,Germany,outbound sales,2025-01-03,,active,5,158.4
SUB-11906,Northwind Analytics,Growth,monthly,France,outbound sales,2025-01-03,,active,5,158.4
SUB-12116,Kestrel Foods,Growth,monthly,Australia,paid search,2025-01-03,,active,3,128.7
SUB-12202,Pine Studio,Growth,annual,Japan,organic search,2025-01-03,,active,6,147.26
SUB-10127,Copper Works,Growth,annual,Germany,content,2025-01-04,,active,10,197.75
SUB-10721,Fable Analytics,Starter,monthly,Japan,organic search,2025-01-04,2025-09-11,churned,10,68.15
SUB-11029,Pine Labs,Starter,monthly,United States,organic search,2025-01-04,,active,9,63.8
SUB-11077,Kestrel Labs,Starter,monthly,Germany,organic search,2025-01-04,2025-05-19,churned,10,68.15
SUB-12883,Fable Studio,Scale,annual,Germany,organic search,2025-01-04,,active,14,396.95
SUB-13022,Lumen Logistics,Starter,monthly,Canada,outbound sales,2025-01-04,,active,6,50.75
SUB-10273,Pine Studio,Starter,monthly,United Kingdom,organic search,2025-01-05,2025-02-04,churned,6,50.75
SUB-10938,Kestrel Works,Growth,monthly,United States,organic search,2025-01-05,,active,4,143.55
SUB-11534,Orbit Studio,Starter,monthly,Canada,organic search,2025-01-05,,active,5,46.4
SUB-11550,Copper Partners,Growth,monthly,Australia,organic search,2025-01-05,,active,1,99
SUB-13055,Atlas Systems,Starter,monthly,United States,content,2025-01-05,,active,8,59.45
SUB-13091,Quill Analytics,Scale,monthly,Brazil,organic search,2025-01-05,2025-05-17,churned,31,671
SUB-13156,Kestrel Works,Starter,monthly,Australia,paid search,2025-01-05,2025-11-15,churned,7,55.1
SUB-10246,Northwind Studio,Growth,monthly,United Kingdom,organic search,2025-01-06,,active,2,113.85
SUB-10933,Nimbus Labs,Starter,monthly,France,referral,2025-01-06,,active,6,50.75
SUB-11031,Nimbus Analytics,Starter,monthly,Germany,content,2025-01-06,,active,10,68.15
SUB-10387,Quill Studio,Starter,annual,United States,outbound sales,2025-01-07,2025-07-25,churned,3,32.05
SUB-10467,Northwind Labs,Starter,monthly,United States,organic search,2025-01-07,2025-03-29,churned,5,46.4
SUB-11963,Acme Retail,Starter,annual,Australia,partner,2025-01-07,,active,4,35.74
SUB-10072,Acme Works,Growth,monthly,Germany,referral,2025-01-08,,active,5,158.4
SUB-10188,Northwind Retail,Starter,monthly,United States,paid search,2025-01-08,2025-09-14,churned,1,29
SUB-10160,Vela Logistics,Starter,annual,United States,organic search,2025-01-09,2025-03-22,churned,1,24.65
SUB-10214,Lumen Retail,Starter,monthly,United States,referral,2025-01-09,,active,5,46.4
SUB-11190,Vela Partners,Scale,annual,United States,outbound sales,2025-01-09,,active,27,529.55
SUB-10574,Pine Logistics,Scale,monthly,United Kingdom,paid search,2025-01-10,,active,14,467
SUB-11606,Bluebird Systems,Growth,annual,United States,partner,2025-01-10,,active,2,96.77
SUB-11816,Harbor Systems,Scale,annual,Brazil,organic search,2025-01-10,,active,16,417.35
SUB-11819,Harbor Systems,Growth,monthly,United States,paid search,2025-01-10,2025-02-09,churned,7,188.1
SUB-12255,Juniper Foods,Scale,monthly,United States,content,2025-01-10,,active,11,431
SUB-12988,Bluebird Partners,Starter,annual,United Kingdom,organic search,2025-01-10,,active,7,46.83
SUB-13122,Copper Systems,Starter,monthly,Canada,partner,2025-01-10,,active,5,46.4
SUB-10380,Copper Labs,Starter,monthly,Australia,referral,2025-01-11,2025-02-10,churned,1,29
SUB-10449,Copper Partners,Scale,monthly,Germany,referral,2025-01-11,,active,43,815
SUB-11080,Copper Partners,Growth,monthly,Canada,outbound sales,2025-01-11,,active,3,128.7
SUB-11288,Atlas Studio,Starter,annual,United Kingdom,content,2025-01-11,2025-04-21,churned,6,43.14
SUB-12406,Kestrel Labs,Scale,monthly,United States,referral,2025-01-11,2025-07-20,churned,5,359
SUB-10100,Fable Systems,Growth,annual,United States,paid search,2025-01-12,2025-08-07,churned,8,172.51
SUB-10700,Copper Foods,Scale,monthly,Germany,paid search,2025-01-12,,active,30,659
SUB-12487,Northwind Foods,Scale,annual,United Kingdom,paid search,2025-01-12,,active,7,325.55
SUB-12514,Fable Analytics,Starter,annual,Japan,content,2025-01-12,,active,8,50.53
SUB-12729,Bluebird Partners,Starter,annual,United Kingdom,organic search,2025-01-12,,active,1,24.65
SUB-12763,Juniper Labs,Growth,monthly,Australia,outbound sales,2025-01-12,,active,6,173.25
SUB-11329,Copper Systems,Starter,monthly,United States,paid search,2025-01-13,,active,10,68.15
SUB-11621,Acme Analytics,Growth,annual,United States,paid search,2025-01-13,,active,6,147.26
SUB-11847,Pine Works,Enterprise,monthly,Germany,paid search,2025-01-13,,active,152,2568
SUB-12900,Copper Systems,Growth,monthly,Brazil,organic search,2025-01-13,,active,3,128.7
SUB-10550,Nimbus Retail,Growth,monthly,United States,organic search,2025-01-14,2025-11-06,churned,3,128.7
SUB-10939,Lumen Retail,Starter,monthly,United States,organic search,2025-01-14,2025-03-25,churned,7,55.1
SUB-11023,Copper Retail,Growth,monthly,Canada,content,2025-01-14,,active,3,128.7
SUB-11471,Lumen Systems,Growth,monthly,Germany,referral,2025-01-14,,active,10,232.65
SUB-11974,Orbit Logistics,Starter,monthly,Brazil,organic search,2025-01-14,,active,4,42.05
SUB-10147,Copper Foods,Growth,monthly,Australia,paid search,2025-01-15,,active,5,158.4
SUB-12017,Northwind Logistics,Scale,annual,Australia,outbound sales,2025-01-15,,active,40,662.15
SUB-12935,Bluebird Studio,Growth,monthly,Canada,organic search,2025-01-15,,active,6,173.25
SUB-13155,Pine Partners,Scale,annual,United States,organic search,2025-01-15,,active,24,498.95
SUB-10028,Atlas Foods,Starter,annual,Japan,outbound sales,2025-01-16,,active,2,28.35
SUB-12157,Atlas Foods,Enterprise,monthly,Canada,organic search,2025-01-16,,active,128,2352
SUB-12743,Harbor Studio,Scale,monthly,Japan,paid search,2025-01-16,,active,39,767
SUB-12852,Nimbus Studio,Starter,annual,Australia,partner,2025-01-16,,active,1,24.65
SUB-11378,Orbit Health,Scale,monthly,United Kingdom,outbound sales,2025-01-17,2025-03-25,churned,23,575
SUB-11398,Acme Systems,Starter,annual,United Kingdom,organic search,2025-01-17,,active,1,24.65
SUB-11423,Kestrel Systems,Growth,annual,Australia,organic search,2025-01-17,,active,6,147.26
SUB-11597,Fable Works,Starter,monthly,United States,organic search,2025-01-17,,active,7,55.1
SUB-12591,Vela Labs,Growth,annual,France,outbound sales,2025-01-17,,active,5,134.64
SUB-10820,Vela Labs,Growth,annual,Brazil,organic search,2025-01-18,,active,9,185.13
SUB-10603,Lumen Health,Starter,monthly,India,paid search,2025-01-19,,active,1,29
SUB-11283,Copper Systems,Scale,annual,United Kingdom,referral,2025-01-19,2025-04-24,churned,11,366.35
SUB-12258,Kestrel Analytics,Starter,annual,United Kingdom,referral,2025-01-19,2025-08-20,churned,7,46.83
SUB-12489,Acme Logistics,Scale,annual,Germany,referral,2025-01-19,,active,26,519.35
SUB-12755,Kestrel Studio,Starter,monthly,France,organic search,2025-01-19,2025-10-09,churned,10,68.15
SUB-12985,Quill Labs,Growth,monthly,India,paid search,2025-01-19,,active,9,217.8
SUB-10793,Northwind Logistics,Scale,monthly,India,outbound sales,2025-01-20,,active,10,419
SUB-11055,Pine Health,Scale,monthly,Australia,referral,2025-01-20,,active,20,539
SUB-11233,Copper Foods,Growth,monthly,United States,outbound sales,2025-01-20,,active,1,99
SUB-11681,Acme Foods,Growth,monthly,Brazil,organic search,2025-01-20,,active,3,128.7
SUB-11828,Harbor Systems,Starter,monthly,Brazil,outbound sales,2025-01-20,,active,1,29
SUB-11928,Orbit Analytics,Starter,monthly,United States,referral,2025-01-20,,active,7,55.1
SUB-12658,Harbor Works,Starter,monthly,United Kingdom,organic search,2025-01-20,2025-03-30,churned,7,55.1
SUB-10561,Nimbus Systems,Starter,monthly,India,organic search,2025-01-21,,active,3,37.7
SUB-12008,Acme Analytics,Scale,monthly,United Kingdom,organic search,2025-01-21,,active,33,695
SUB-12634,Nimbus Analytics,Growth,monthly,Brazil,organic search,2025-01-21,2025-09-12,churned,3,128.7
SUB-10704,Acme Foods,Starter,monthly,United States,organic search,2025-01-22,2025-10-23,churned,8,59.45
SUB-11101,Copper Partners,Starter,annual,United States,outbound sales,2025-01-22,,active,6,43.14
SUB-11183,Juniper Partners,Growth,annual,Japan,partner,2025-01-22,2025-05-19,churned,7,159.89
SUB-12004,Harbor Logistics,Starter,monthly,Japan,outbound sales,2025-01-22,,active,8,59.45
SUB-12793,Copper Logistics,Growth,monthly,Australia,organic search,2025-01-22,,active,6,173.25
SUB-10866,Vela Retail,Scale,annual,Canada,organic search,2025-01-24,,active,42,682.55
SUB-11047,Harbor Foods,Growth,monthly,India,outbound sales,2025-01-24,,active,7,188.1
SUB-11277,Copper Systems,Starter,monthly,United States,referral,2025-01-24,,active,2,33.35
SUB-11445,Vela Studio,Growth,annual,Germany,paid search,2025-01-24,,active,3,109.4
SUB-11620,Atlas Foods,Growth,monthly,Germany,organic search,2025-01-24,,active,2,113.85
SUB-12674,Quill Systems,Scale,annual,United States,content,2025-01-24,,active,13,386.75
SUB-12783,Orbit Logistics,Scale,annual,United States,referral,2025-01-24,,active,8,335.75
SUB-13025,Juniper Retail,Scale,monthly,Canada,paid search,2025-01-24,,active,31,671
SUB-13108,Northwind Logistics,Growth,monthly,Germany,referral,2025-01-24,,active,8,202.95
SUB-10421,Quill Foods,Growth,monthly,United Kingdom,outbound sales,2025-01-25,2025-05-20,churned,1,99
SUB-11511,Pine Studio,Growth,monthly,United States,paid search,2025-01-25,,active,1,99
SUB-11694,Acme Labs,Enterprise,monthly,United States,organic search,2025-01-25,,active,194,2946
SUB-13020,Kestrel Retail,Enterprise,annual,United States,outbound sales,2025-01-25,,active,86,1677.9
SUB-11108,Fable Systems,Growth,annual,United Kingdom,organic search,2025-01-26,,active,7,159.89
SUB-11911,Juniper Retail,Scale,monthly,United States,content,2025-01-26,,active,26,611
SUB-12079,Northwind Studio,Starter,annual,India,paid search,2025-01-26,,active,5,39.44
SUB-12909,Pine Health,Starter,annual,Germany,organic search,2025-01-26,,active,7,46.83
SUB-10113,Kestrel Analytics,Growth,annual,France,organic search,2025-01-27,,active,10,197.75
SUB-11692,Atlas Systems,Scale,annual,Canada,content,2025-01-27,,active,7,325.55
SUB-11920,Vela Partners,Starter,monthly,Germany,paid search,2025-01-27,,active,3,37.7
SUB-10245,Vela Foods,Growth,monthly,United Kingdom,paid search,2025-01-28,2025-07-17,churned,3,128.7
SUB-10292,Bluebird Partners,Growth,annual,Canada,outbound sales,2025-01-28,,active,7,159.89
SUB-10825,Fable Analytics,Starter,monthly,Brazil,paid search,2025-01-28,2025-12-24,churned,7,55.1
SUB-10834,Acme Systems,Starter,annual,Germany,organic search,2025-01-28,,active,5,39.44
SUB-11768,Fable Studio,Growth,monthly,United States,paid search,2025-01-28,,active,7,188.1
SUB-12005,Atlas Studio,Starter,annual,United States,organic search,2025-01-28,,active,10,57.93
SUB-12196,Nimbus Retail,Growth,monthly,United States,partner,2025-01-28,,active,5,158.4
SUB-13111,Orbit Logistics,Scale,monthly,Germany,content,2025-01-28,,active,44,827
SUB-13174,Quill Labs,Growth,annual,Canada,paid search,2025-01-28,,active,8,172.51
SUB-11392,Acme Foods,Starter,monthly,United States,referral,2025-01-29,,active,9,63.8
SUB-12274,Kestrel Works,Scale,monthly,Brazil,paid search,2025-01-29,,active,19,527
SUB-12395,Harbor Foods,Growth,monthly,Germany,referral,2025-01-29,2025-03-07,churned,5,158.4
SUB-12593,Atlas Systems,Growth,monthly,United States,paid search,2025-01-29,,active,2,113.85
SUB-13179,Copper Health,Starter,annual,United Kingdom,referral,2025-01-29,,active,6,43.14
SUB-11804,Harbor Retail,Growth,annual,India,organic search,2025-01-30,,active,9,185.13
SUB-11945,Copper Health,Starter,annual,Japan,paid search,2025-01-30,,active,6,43.14
SUB-12041,Vela Systems,Growth,annual,United Kingdom,paid search,2025-01-30,,active,5,134.64
SUB-10680,Orbit Systems,Starter,monthly,United States,partner,2025-01-31,2025-07-25,churned,5,46.4
SUB-11310,Harbor Retail,Growth,annual,United Kingdom,partner,2025-01-31,,active,5,134.64
SUB-11510,Copper Partners,Scale,annual,United States,outbound sales,2025-01-31,,active,20,458.15
SUB-11690,Bluebird Foods,Starter,annual,Canada,organic search,2025-01-31,,active,2,28.35
SUB-11872,Quill Partners,Starter,monthly,Australia,content,2025-01-31,2025-12-26,churned,8,59.45
SUB-12442,Kestrel Foods,Growth,monthly,Japan,outbound sales,2025-01-31,,active,5,158.4
SUB-11312,Lumen Labs,Growth,monthly,United States,referral,2025-02-01,2025-04-30,churned,9,217.8
SUB-11493,Bluebird Labs,Starter,annual,United States,referral,2025-02-01,2025-12-08,churned,9,54.23
SUB-11672,Juniper Foods,Growth,monthly,United States,outbound sales,2025-02-01,2025-03-30,churned,3,128.7
SUB-10625,Fable Systems,Starter,monthly,Canada,content,2025-02-02,,active,2,33.35
SUB-11148,Nimbus Analytics,Starter,annual,Japan,organic search,2025-02-02,,active,8,50.53
SUB-12897,Orbit Health,Growth,annual,Japan,content,2025-02-02,,active,9,185.13
SUB-12979,Orbit Retail,Starter,monthly,United Kingdom,organic search,2025-02-02,,active,1,29
SUB-13073,Harbor Health,Starter,monthly,Brazil,organic search,2025-02-02,,active,2,33.35
SUB-10206,Juniper Analytics,Starter,monthly,United States,organic search,2025-02-03,,active,10,68.15
SUB-10211,Orbit Labs,Growth,annual,United Kingdom,paid search,2025-02-03,,active,9,185.13
SUB-10435,Copper Systems,Scale,monthly,United Kingdom,outbound sales,2025-02-03,2025-09-15,churned,17,503
SUB-10730,Juniper Partners,Starter,monthly,United Kingdom,content,2025-02-03,2025-03-05,churned,10,68.15
SUB-11100,Fable Systems,Growth,monthly,United Kingdom,content,2025-02-03,,active,6,173.25
SUB-12605,Atlas Analytics,Growth,annual,United Kingdom,outbound sales,2025-02-03,,active,6,147.26
SUB-10012,Pine Retail,Growth,monthly,Canada,paid search,2025-02-04,,active,5,158.4
SUB-10355,Harbor Health,Growth,annual,Brazil,organic search,2025-02-04,,active,8,172.51
SUB-11291,Nimbus Analytics,Starter,monthly,Germany,content,2025-02-04,2025-08-18,churned,10,68.15
SUB-11444,Pine Partners,Starter,monthly,Brazil,content,2025-02-04,,active,2,33.35
SUB-11648,Orbit Analytics,Starter,monthly,United States,paid search,2025-02-04,,active,2,33.35
SUB-12238,Kestrel Health,Enterprise,annual,Australia,paid search,2025-02-04,,active,33,1272.45
SUB-13104,Pine Works,Growth,annual,Australia,paid search,2025-02-04,,active,2,96.77
SUB-10241,Pine Systems,Starter,monthly,United States,organic search,2025-02-05,,active,7,55.1
SUB-10528,Quill Health,Growth,monthly,United States,paid search,2025-02-05,,active,5,158.4
SUB-11245,Harbor Systems,Starter,monthly,Brazil,outbound sales,2025-02-05,2025-05-28,churned,8,59.45
SUB-11345,Nimbus Foods,Scale,annual,United States,partner,2025-02-05,,active,22,478.55
SUB-11484,Pine Foods,Starter,monthly,Germany,paid search,2025-02-05,,active,1,29
SUB-11680,Acme Studio,Starter,annual,India,partner,2025-02-05,,active,5,39.44
SUB-12244,Copper Logistics,Scale,monthly,United States,organic search,2025-02-05,2025-09-23,churned,10,419
SUB-12488,Atlas Partners,Starter,annual,France,organic search,2025-02-05,,active,4,35.74
SUB-10819,Nimbus Labs,Scale,monthly,United States,paid search,2025-02-06,,active,6,371
SUB-11071,Northwind Works,Starter,monthly,France,organic search,2025-02-06,2025-10-05,churned,3,37.7
SUB-11122,Pine Logistics,Growth,monthly,Germany,content,2025-02-06,,active,5,158.4
SUB-12164,Juniper Systems,Growth,annual,Germany,outbound sales,2025-02-06,,active,8,172.51
SUB-12957,Acme Partners,Starter,monthly,India,organic search,2025-02-06,,active,7,55.1
SUB-10572,Juniper Partners,Scale,annual,United States,referral,2025-02-07,,active,17,427.55
SUB-10710,Lumen Analytics,Growth,monthly,Germany,paid search,2025-02-07,2025-07-28,churned,7,188.1
SUB-11294,Harbor Analytics,Enterprise,annual,United Kingdom,paid search,2025-02-07,,active,79,1624.35
SUB-11667,Pine Studio,Starter,monthly,India,organic search,2025-02-07,,active,10,68.15
SUB-11856,Northwind Systems,Scale,monthly,France,outbound sales,2025-02-07,,active,44,827
SUB-12206,Nimbus Retail,Scale,monthly,India,paid search,2025-02-07,,active,14,467
SUB-12311,Copper Works,Growth,annual,Brazil,content,2025-02-07,,active,4,122.02
SUB-13036,Harbor Studio,Growth,monthly,United States,organic search,2025-02-07,2025-05-16,churned,7,188.1
SUB-10187,Fable Analytics,Growth,monthly,United Kingdom,organic search,2025-02-08,,active,8,202.95
SUB-10949,Kestrel Partners,Starter,monthly,Japan,referral,2025-02-08,,active,2,33.35
SUB-11209,Vela Systems,Growth,annual,India,content,2025-02-08,,active,3,109.4
SUB-12552,Northwind Retail,Growth,annual,United States,partner,2025-02-08,,active,6,147.26
SUB-12606,Orbit Logistics,Scale,monthly,United States,organic search,2025-02-08,,active,39,767
SUB-10097,Lumen Labs,Starter,monthly,Canada,paid search,2025-02-09,2025-09-04,churned,1,29
SUB-10785,Fable Systems,Scale,monthly,United States,referral,2025-02-09,,active,6,371
SUB-11112,Atlas Health,Starter,monthly,Australia,organic search,2025-02-09,,active,8,59.45
SUB-11580,Fable Foods,Starter,monthly,United States,organic search,2025-02-09,,active,7,55.1
SUB-12171,Lumen Works,Growth,monthly,United States,outbound sales,2025-02-09,,active,8,202.95
SUB-12965,Copper Analytics,Starter,monthly,United States,paid search,2025-02-09,,active,7,55.1
SUB-10891,Atlas Partners,Starter,monthly,Japan,paid search,2025-02-10,2025-03-12,churned,1,29
SUB-12921,Acme Foods,Starter,monthly,France,organic search,2025-02-10,,active,6,50.75
SUB-10935,Fable Retail,Growth,monthly,Brazil,organic search,2025-02-11,2025-08-26,churned,5,158.4
SUB-11025,Acme Systems,Starter,monthly,India,outbound sales,2025-02-11,,active,10,68.15
SUB-12860,Orbit Health,Enterprise,monthly,Brazil,referral,2025-02-11,,active,192,2928
SUB-10202,Pine Analytics,Growth,monthly,Japan,paid search,2025-02-12,,active,2,113.85
SUB-10569,Acme Retail,Growth,monthly,Japan,outbound sales,2025-02-12,,active,2,113.85
SUB-12397,Lumen Works,Starter,monthly,Germany,organic search,2025-02-12,,active,1,29
SUB-12942,Northwind Analytics,Scale,monthly,India,organic search,2025-02-12,,active,43,815
SUB-10340,Lumen Health,Starter,monthly,Japan,content,2025-02-13,,active,3,37.7
SUB-11570,Atlas Health,Growth,monthly,India,paid search,2025-02-13,,active,4,143.55
SUB-12449,Vela Partners,Growth,annual,Australia,paid search,2025-02-13,,active,6,147.26
SUB-12651,Bluebird Retail,Scale,monthly,Canada,organic search,2025-02-13,2025-10-11,churned,11,431
SUB-12986,Harbor Analytics,Growth,annual,United States,organic search,2025-02-13,,active,6,147.26
SUB-10140,Pine Studio,Growth,monthly,Brazil,paid search,2025-02-14,2025-08-10,churned,9,217.8
SUB-10802,Kestrel Analytics,Growth,annual,Japan,outbound sales,2025-02-14,,active,6,147.26
SUB-10901,Copper Foods,Scale,annual,France,partner,2025-02-14,,active,29,549.95
SUB-11142,Fable Health,Starter,monthly,Japan,organic search,2025-02-14,2025-03-16,churned,3,37.7
SUB-12243,Northwind Logistics,Growth,annual,Brazil,paid search,2025-02-14,,active,6,147.26
SUB-12980,Atlas Studio,Growth,monthly,India,organic search,2025-02-14,,active,5,158.4
SUB-13078,Atlas Foods,Starter,monthly,Germany,organic search,2025-02-14,2025-08-20,churned,1,29
SUB-10032,Nimbus Labs,Starter,monthly,United States,referral,2025-02-15,2025-07-13,churned,2,33.35
SUB-10403,Bluebird Analytics,Growth,annual,United States,referral,2025-02-15,,active,5,134.64
SUB-11383,Bluebird Studio,Growth,monthly,Germany,referral,2025-02-15,,active,3,128.7
SUB-11544,Kestrel Works,Starter,monthly,Japan,referral,2025-02-15,2025-11-12,churned,7,55.1
SUB-11720,Quill Partners,Starter,annual,United States,paid search,2025-02-15,,active,2,28.35
SUB-11995,Bluebird Health,Starter,monthly,United Kingdom,referral,2025-02-15,2025-10-22,churned,4,42.05
SUB-12186,Atlas Systems,Starter,monthly,United States,organic search,2025-02-15,2025-04-28,churned,9,63.8
SUB-12290,Orbit Analytics,Starter,monthly,Canada,paid search,2025-02-15,2025-05-17,churned,6,50.75
SUB-13008,Atlas Systems,Starter,annual,United States,outbound sales,2025-02-15,,active,8,50.53
SUB-10620,Orbit Analytics,Starter,annual,Brazil,outbound sales,2025-02-16,,active,1,24.65
SUB-10709,Pine Health,Growth,monthly,United States,paid search,2025-02-16,,active,8,202.95
SUB-11341,Quill Logistics,Starter,monthly,Brazil,paid search,2025-02-16,,active,1,29
SUB-13003,Pine Logistics,Enterprise,annual,United Kingdom,content,2025-02-16,,active,44,1356.6
SUB-11301,Vela Analytics,Growth,monthly,United States,organic search,2025-02-18,,active,1,99
SUB-11474,Acme Retail,Growth,monthly,United States,paid search,2025-02-18,,active,2,113.85
SUB-12893,Northwind Systems,Starter,monthly,United Kingdom,organic search,2025-02-18,2025-08-01,churned,6,50.75
SUB-10222,Fable Analytics,Starter,annual,United Kingdom,organic search,2025-02-19,2025-05-01,churned,9,54.23
SUB-10601,Acme Systems,Starter,annual,United States,organic search,2025-02-19,,active,9,54.23
SUB-12952,Bluebird Labs,Growth,annual,Australia,outbound sales,2025-02-19,,active,1,84.15
SUB-10564,Juniper Partners,Enterprise,monthly,Canada,content,2025-02-20,2025-04-20,churned,107,2163
SUB-11866,Harbor Logistics,Starter,monthly,Germany,referral,2025-02-20,2025-10-14,churned,2,33.35
SUB-11868,Bluebird Works,Growth,monthly,Japan,paid search,2025-02-20,,active,3,128.7
SUB-12246,Lumen Labs,Scale,monthly,United States,referral,2025-02-20,,active,26,611
SUB-12671,Juniper Works,Starter,monthly,France,content,2025-02-20,2025-12-12,churned,2,33.35
SUB-12812,Atlas Analytics,Growth,monthly,France,paid search,2025-02-20,2025-05-04,churned,5,158.4
SUB-13135,Harbor Works,Enterprise,monthly,United States,paid search,2025-02-20,,active,52,1668
SUB-11817,Juniper Systems,Growth,monthly,United States,partner,2025-02-21,2025-09-12,churned,6,173.25
SUB-12346,Fable Analytics,Starter,annual,United Kingdom,organic search,2025-02-21,2025-03-23,churned,10,57.93
SUB-12714,Lumen Labs,Scale,annual,Australia,paid search,2025-02-21,,active,8,335.75
SUB-10473,Atlas Analytics,Starter,monthly,United States,referral,2025-02-22,,active,8,59.45
SUB-10817,Bluebird Analytics,Growth,monthly,Canada,organic search,2025-02-22,,active,10,232.65
SUB-11267,Kestrel Foods,Growth,monthly,Canada,organic search,2025-02-22,,active,9,217.8
SUB-11921,Acme Systems,Starter,monthly,France,referral,2025-02-22,,active,9,63.8
SUB-10172,Nimbus Retail,Enterprise,monthly,United States,paid search,2025-02-23,,active,118,2262
SUB-10230,Orbit Analytics,Growth,monthly,United Kingdom,paid search,2025-02-23,2025-09-28,churned,5,158.4
SUB-10441,Bluebird Retail,Enterprise,monthly,United States,referral,2025-02-23,,active,39,1551
SUB-12431,Pine Foods,Growth,monthly,Germany,outbound sales,2025-02-23,,active,9,217.8
SUB-12691,Quill Studio,Scale,monthly,India,outbound sales,2025-02-23,,active,21,551
SUB-13086,Copper Works,Starter,annual,Australia,organic search,2025-02-23,,active,5,39.44
SUB-10864,Kestrel Partners,Starter,monthly,United States,content,2025-02-24,,active,3,37.7
SUB-12522,Harbor Foods,Growth,monthly,Japan,paid search,2025-02-24,,active,5,158.4
SUB-12811,Atlas Analytics,Enterprise,monthly,United States,organic search,2025-02-24,,active,183,2847
SUB-13181,Quill Studio,Scale,annual,Germany,paid search,2025-02-24,,active,28,539.75
SUB-10384,Pine Retail,Growth,annual,Germany,organic search,2025-02-25,2025-11-13,churned,4,122.02
SUB-10921,Bluebird Works,Starter,monthly,United Kingdom,organic search,2025-02-25,,active,3,37.7
SUB-12082,Copper Logistics,Growth,monthly,United States,outbound sales,2025-02-25,,active,2,113.85
SUB-12789,Fable Studio,Growth,monthly,Brazil,organic search,2025-02-25,,active,9,217.8
SUB-10968,Vela Labs,Starter,monthly,Canada,paid search,2025-02-26,2025-07-09,churned,9,63.8
SUB-11862,Nimbus Works,Starter,monthly,United States,organic search,2025-02-26,,active,9,63.8
SUB-12633,Nimbus Logistics,Growth,monthly,India,organic search,2025-02-26,,active,3,128.7
SUB-13059,Orbit Health,Growth,monthly,United Kingdom,paid search,2025-02-26,,active,5,158.4
SUB-10139,Atlas Labs,Enterprise,monthly,United States,paid search,2025-02-27,,active,44,1596
SUB-10590,Northwind Partners,Growth,annual,Germany,partner,2025-02-27,,active,6,147.26
SUB-11244,Juniper Labs,Growth,monthly,United States,organic search,2025-02-27,,active,2,113.85
SUB-10110,Lumen Labs,Growth,monthly,Canada,organic search,2025-02-28,,active,4,143.55
SUB-10141,Lumen Works,Growth,monthly,Germany,organic search,2025-03-01,,active,1,99
SUB-10415,Northwind Logistics,Starter,annual,India,partner,2025-03-01,,active,3,32.05
SUB-10511,Kestrel Systems,Starter,monthly,France,paid search,2025-03-01,,active,4,42.05
SUB-10645,Atlas Analytics,Growth,annual,United States,paid search,2025-03-01,2025-12-04,churned,3,109.4
SUB-10811,Acme Foods,Starter,monthly,Germany,partner,2025-03-01,,active,4,42.05
SUB-10926,Harbor Logistics,Starter,monthly,India,organic search,2025-03-01,,active,1,29
SUB-11036,Copper Systems,Starter,monthly,United States,organic search,2025-03-01,2025-05-19,churned,7,55.1
SUB-11039,Juniper Studio,Scale,annual,India,outbound sales,2025-03-01,,active,24,498.95
SUB-12126,Nimbus Systems,Starter,monthly,United States,content,2025-03-01,2025-05-02,churned,4,42.05
SUB-12385,Quill Foods,Growth,monthly,India,organic search,2025-03-01,,active,1,99
SUB-12503,Copper Health,Growth,monthly,United States,organic search,2025-03-01,2025-09-03,churned,2,113.85
SUB-12625,Pine Labs,Enterprise,monthly,India,referral,2025-03-01,2025-08-20,churned,112,2208
SUB-12751,Copper Works,Growth,monthly,India,paid search,2025-03-01,,active,2,113.85
SUB-12776,Harbor Partners,Scale,monthly,United States,outbound sales,2025-03-01,,active,10,419
SUB-11137,Juniper Studio,Starter,monthly,United States,outbound sales,2025-03-02,,active,5,46.4
SUB-11792,Pine Works,Growth,annual,Germany,content,2025-03-02,,active,2,96.77
SUB-10662,Vela Analytics,Growth,monthly,United States,organic search,2025-03-03,2025-12-14,churned,1,99
SUB-10686,Atlas Analytics,Starter,annual,Germany,referral,2025-03-03,,active,6,43.14
SUB-10712,Lumen Health,Scale,annual,India,paid search,2025-03-03,,active,28,539.75
SUB-11151,Quill Studio,Starter,monthly,Japan,partner,2025-03-03,,active,7,55.1
SUB-12389,Pine Analytics,Starter,monthly,United States,paid search,2025-03-03,2025-07-11,churned,4,42.05
SUB-11238,Quill Studio,Starter,monthly,United States,partner,2025-03-04,,active,7,55.1
SUB-12546,Harbor Health,Starter,monthly,France,outbound sales,2025-03-04,2025-04-03,churned,8,59.45
SUB-11026,Fable Systems,Starter,monthly,India,referral,2025-03-05,,active,4,42.05
SUB-13039,Juniper Foods,Growth,monthly,United Kingdom,referral,2025-03-05,2025-04-04,churned,4,143.55
SUB-10280,Nimbus Systems,Enterprise,annual,Australia,paid search,2025-03-06,,active,26,1218.9
SUB-11400,Nimbus Works,Scale,annual,Brazil,referral,2025-03-06,,active,33,590.75
SUB-12990,Northwind Analytics,Starter,annual,United States,organic search,2025-03-06,,active,3,32.05
SUB-10512,Northwind Foods,Scale,annual,United States,partner,2025-03-07,,active,24,498.95
SUB-11001,Bluebird Analytics,Enterprise,annual,United States,organic search,2025-03-07,2025-04-12,churned,30,1249.5
SUB-11434,Orbit Health,Starter,annual,India,content,2025-03-07,,active,2,28.35
SUB-10516,Copper Logistics,Growth,monthly,Canada,organic search,2025-03-08,,active,6,173.25
SUB-11017,Nimbus Retail,Starter,monthly,Germany,organic search,2025-03-08,2025-04-19,churned,4,42.05
SUB-11322,Orbit Labs,Starter,annual,United States,organic search,2025-03-08,,active,5,39.44
SUB-12099,Pine Health,Starter,monthly,Germany,content,2025-03-08,2025-06-15,churned,6,50.75
SUB-12167,Quill Analytics,Starter,annual,Canada,paid search,2025-03-08,,active,3,32.05
SUB-10515,Vela Partners,Growth,annual,India,partner,2025-03-09,,active,5,134.64
SUB-11560,Vela Systems,Starter,monthly,United Kingdom,organic search,2025-03-09,2025-09-01,churned,10,68.15
SUB-11738,Quill Analytics,Growth,monthly,United Kingdom,content,2025-03-09,,active,2,113.85
SUB-13199,Harbor Partners,Growth,monthly,United States,referral,2025-03-09,2025-10-18,churned,3,128.7
SUB-10628,Acme Partners,Growth,monthly,United States,outbound sales,2025-03-10,,active,9,217.8
SUB-12662,Atlas Retail,Growth,monthly,Germany,outbound sales,2025-03-10,,active,9,217.8
SUB-12817,Northwind Analytics,Scale,monthly,Australia,content,2025-03-10,,active,6,371
SUB-10767,Pine Logistics,Starter,monthly,Canada,partner,2025-03-11,2025-06-07,churned,9,63.8
SUB-10878,Quill Studio,Scale,monthly,Canada,referral,2025-03-11,,active,34,707
SUB-11040,Pine Systems,Growth,annual,United Kingdom,content,2025-03-11,,active,9,185.13
SUB-11200,Lumen Analytics,Growth,annual,Germany,organic search,2025-03-11,,active,10,197.75
SUB-11907,Bluebird Systems,Starter,annual,United States,organic search,2025-03-11,,active,6,43.14
SUB-12189,Harbor Studio,Growth,monthly,Brazil,organic search,2025-03-11,2025-12-18,churned,8,202.95
SUB-10400,Atlas Analytics,Scale,monthly,United States,partner,2025-03-12,,active,28,635
SUB-10437,Atlas Labs,Growth,annual,India,organic search,2025-03-12,,active,8,172.51
SUB-10851,Harbor Systems,Starter,monthly,United Kingdom,outbound sales,2025-03-12,2025-09-04,churned,8,59.45
SUB-11644,Lumen Labs,Starter,monthly,United States,partner,2025-03-12,2025-11-01,churned,9,63.8
SUB-12003,Northwind Systems,Growth,monthly,United States,organic search,2025-03-12,,active,4,143.55
SUB-12052,Bluebird Partners,Enterprise,annual,Germany,organic search,2025-03-12,,active,128,1999.2
SUB-12959,Kestrel Systems,Starter,annual,United States,referral,2025-03-12,,active,3,32.05
SUB-10227,Acme Retail,Scale,monthly,Germany,paid search,2025-03-13,,active,42,803
SUB-10286,Harbor Works,Scale,annual,India,partner,2025-03-13,,active,20,458.15
SUB-10658,Nimbus Labs,Scale,annual,United Kingdom,partner,2025-03-13,,active,34,600.95
SUB-11248,Acme Retail,Growth,monthly,United States,referral,2025-03-13,,active,5,158.4
SUB-12736,Vela Studio,Growth,monthly,Germany,outbound sales,2025-03-13,,active,5,158.4
SUB-10046,Atlas Logistics,Growth,monthly,Japan,organic search,2025-03-14,,active,9,217.8
SUB-10654,Orbit Studio,Growth,monthly,United States,referral,2025-03-14,,active,4,143.55
SUB-11581,Orbit Studio,Growth,monthly,Germany,paid search,2025-03-14,,active,2,113.85
SUB-11699,Vela Retail,Growth,monthly,Germany,partner,2025-03-14,,active,6,173.25
SUB-10429,Lumen Works,Starter,monthly,Australia,partner,2025-03-15,,active,2,33.35
SUB-12835,Pine Partners,Starter,monthly,United States,partner,2025-03-15,2025-06-20,churned,5,46.4
SUB-13033,Juniper Systems,Starter,annual,Germany,organic search,2025-03-16,,active,5,39.44
SUB-11765,Kestrel Foods,Growth,annual,Germany,outbound sales,2025-03-17,,active,2,96.77
SUB-12083,Kestrel Analytics,Starter,annual,United States,referral,2025-03-17,,active,1,24.65
SUB-12318,Nimbus Works,Starter,monthly,India,content,2025-03-17,,active,5,46.4
SUB-10081,Vela Partners,Growth,monthly,Germany,outbound sales,2025-03-18,2025-04-17,churned,3,128.7
SUB-10321,Fable Labs,Growth,annual,Japan,organic search,2025-03-18,,active,3,109.4
SUB-10619,Juniper Partners,Scale,annual,Brazil,referral,2025-03-18,,active,17,427.55
SUB-10734,Lumen Works,Scale,monthly,United States,referral,2025-03-18,,active,28,635
SUB-10760,Kestrel Logistics,Scale,annual,United Kingdom,organic search,2025-03-18,,active,14,396.95
SUB-11357,Copper Retail,Scale,monthly,Germany,organic search,2025-03-18,,active,42,803
SUB-11452,Harbor Labs,Scale,annual,Germany,referral,2025-03-18,,active,39,651.95
SUB-11820,Nimbus Foods,Growth,annual,France,organic search,2025-03-18,,active,10,197.75
SUB-11855,Quill Foods,Starter,monthly,United States,organic search,2025-03-18,,active,3,37.7
SUB-12021,Bluebird Analytics,Scale,monthly,Germany,organic search,2025-03-18,,active,6,371
SUB-10078,Orbit Retail,Growth,annual,United States,organic search,2025-03-19,2025-04-18,churned,1,84.15
SUB-10085,Atlas Systems,Enterprise,monthly,United Kingdom,paid search,2025-03-19,,active,23,1407
SUB-12221,Kestrel Works,Starter,annual,Australia,referral,2025-03-19,,active,1,24.65
SUB-12575,Pine Logistics,Enterprise,monthly,United Kingdom,organic search,2025-03-19,,active,48,1632
SUB-10207,Quill Systems,Growth,monthly,Canada,partner,2025-03-20,2025-08-29,churned,9,217.8
SUB-10547,Acme Health,Growth,annual,Canada,organic search,2025-03-20,,active,5,134.64
SUB-10959,Lumen Foods,Starter,monthly,Canada,paid search,2025-03-20,,active,6,50.75
SUB-11616,Harbor Health,Growth,monthly,India,referral,2025-03-20,,active,1,99
SUB-11655,Pine Labs,Growth,monthly,Japan,organic search,2025-03-20,,active,1,99
SUB-11835,Northwind Partners,Growth,annual,Australia,organic search,2025-03-20,,active,1,84.15
SUB-13037,Nimbus Foods,Scale,annual,United States,paid search,2025-03-20,,active,23,488.75
SUB-10468,Quill Studio,Starter,monthly,United Kingdom,organic search,2025-03-21,2025-09-01,churned,6,50.75
SUB-11387,Orbit Retail,Enterprise,annual,Germany,referral,2025-03-21,,active,158,2228.7
SUB-12234,Atlas Studio,Starter,annual,United States,paid search,2025-03-21,,active,2,28.35
SUB-12288,Juniper Works,Enterprise,annual,Canada,outbound sales,2025-03-21,,active,84,1662.6
SUB-12421,Bluebird Studio,Starter,monthly,United States,partner,2025-03-21,,active,9,63.8
SUB-12971,Kestrel Retail,Growth,annual,United States,organic search,2025-03-21,,active,3,109.4
SUB-13071,Harbor Partners,Starter,monthly,France,outbound sales,2025-03-21,,active,4,42.05
SUB-12752,Acme Systems,Scale,annual,United Kingdom,outbound sales,2025-03-22,,active,23,488.75
SUB-12956,Bluebird Works,Scale,annual,Brazil,referral,2025-03-22,,active,12,376.55
SUB-11602,Harbor Works,Scale,monthly,United States,organic search,2025-03-23,2025-06-27,churned,33,695
SUB-12553,Lumen Foods,Growth,annual,India,paid search,2025-03-23,2025-04-22,churned,10,197.75
SUB-10204,Kestrel Foods,Starter,annual,India,paid search,2025-03-24,,active,1,24.65
SUB-10442,Northwind Analytics,Growth,monthly,United States,paid search,2025-03-24,,active,6,173.25
SUB-10739,Northwind Partners,Starter,annual,United Kingdom,outbound sales,2025-03-24,,active,5,39.44
SUB-11206,Juniper Retail,Starter,monthly,India,outbound sales,2025-03-24,,active,9,63.8
SUB-11585,Acme Studio,Growth,annual,United States,outbound sales,2025-03-24,,active,8,172.51
SUB-12204,Quill Foods,Growth,monthly,United States,paid search,2025-03-24,,active,2,113.85
SUB-10057,Nimbus Health,Scale,monthly,Japan,referral,2025-03-25,,active,14,467
SUB-10477,Lumen Retail,Growth,annual,Canada,partner,2025-03-25,,active,1,84.15
SUB-11057,Vela Labs,Scale,monthly,Canada,outbound sales,2025-03-25,,active,8,395
SUB-11788,Copper Analytics,Starter,annual,United States,content,2025-03-25,,active,4,35.74
SUB-12436,Vela Retail,Enterprise,annual,United States,partner,2025-03-26,,active,161,2251.65
SUB-12940,Pine Health,Starter,monthly,Germany,referral,2025-03-26,,active,1,29
SUB-12954,Kestrel Labs,Growth,annual,Australia,paid search,2025-03-26,,active,6,147.26
SUB-10064,Acme Studio,Starter,monthly,United States,organic search,2025-03-27,,active,9,63.8
SUB-10106,Nimbus Health,Growth,monthly,Canada,referral,2025-03-27,,active,8,202.95
SUB-10741,Copper Health,Starter,annual,United States,outbound sales,2025-03-27,,active,6,43.14
SUB-11056,Fable Foods,Starter,monthly,India,content,2025-03-27,,active,8,59.45
SUB-11096,Juniper Logistics,Enterprise,monthly,India,paid search,2025-03-27,,active,42,1578
SUB-12197,Quill Logistics,Starter,monthly,United States,organic search,2025-03-27,2025-06-20,churned,7,55.1
SUB-12333,Lumen Logistics,Starter,monthly,United States,referral,2025-03-27,2025-06-19,churned,9,63.8
SUB-12963,Fable Health,Scale,annual,United States,partner,2025-03-27,,active,25,509.15
SUB-13134,Acme Studio,Scale,monthly,India,content,2025-03-27,,active,9,407
SUB-10452,Nimbus Works,Scale,monthly,France,organic search,2025-03-28,,active,35,719
SUB-11575,Pine Foods,Growth,monthly,United Kingdom,partner,2025-03-28,,active,6,173.25
SUB-11910,Juniper Foods,Enterprise,monthly,United Kingdom,paid search,2025-03-28,,active,62,1758
SUB-12558,Atlas Works,Growth,annual,United States,paid search,2025-03-28,2025-05-04,churned,1,84.15
SUB-12642,Orbit Analytics,Starter,annual,Brazil,partner,2025-03-28,,active,10,57.93
SUB-10024,Copper Works,Enterprise,annual,United States,partner,2025-03-29,,active,68,1540.2
SUB-10464,Harbor Analytics,Enterprise,monthly,Canada,organic search,2025-03-29,,active,189,2901
SUB-10567,Acme Analytics,Growth,monthly,India,organic search,2025-03-29,2025-06-25,churned,7,188.1
SUB-11554,Orbit Analytics,Scale,annual,United States,paid search,2025-03-29,,active,37,631.55
SUB-11762,Quill Analytics,Starter,annual,United Kingdom,outbound sales,2025-03-29,,active,7,46.83
SUB-11778,Lumen Labs,Starter,monthly,United States,outbound sales,2025-03-29,,active,10,68.15
SUB-12638,Atlas Analytics,Growth,monthly,United States,organic search,2025-03-29,,active,2,113.85
SUB-10854,Pine Analytics,Starter,monthly,United Kingdom,partner,2025-03-30,,active,1,29
SUB-11187,Lumen Analytics,Scale,monthly,Australia,organic search,2025-03-30,,active,15,479
SUB-11299,Quill Retail,Scale,annual,United States,paid search,2025-03-30,,active,42,682.55
SUB-11407,Lumen Works,Starter,monthly,United Kingdom,paid search,2025-03-30,2025-11-16,churned,7,55.1
SUB-11548,Harbor Retail,Starter,monthly,Germany,paid search,2025-03-30,2025-06-13,churned,8,59.45
SUB-11713,Kestrel Works,Growth,monthly,United States,paid search,2025-03-30,,active,1,99
SUB-12306,Harbor Retail,Starter,monthly,France,outbound sales,2025-03-30,,active,8,59.45
SUB-12464,Orbit Analytics,Growth,monthly,Germany,organic search,2025-03-30,2025-06-14,churned,5,158.4
SUB-12987,Lumen Analytics,Scale,monthly,United States,organic search,2025-03-30,2025-12-01,churned,36,731
SUB-13105,Quill Retail,Scale,annual,Australia,organic search,2025-03-30,,active,16,417.35
SUB-10829,Pine Foods,Enterprise,monthly,United States,content,2025-03-31,,active,139,2451
SUB-11145,Harbor Retail,Starter,monthly,India,organic search,2025-03-31,,active,4,42.05
SUB-13092,Quill Works,Starter,annual,Germany,organic search,2025-03-31,,active,1,24.65
SUB-10535,Nimbus Partners,Growth,annual,United States,referral,2025-04-01,2025-06-23,churned,10,197.75
SUB-11160,Juniper Systems,Starter,annual,United States,organic search,2025-04-01,,active,7,46.83
SUB-11482,Orbit Studio,Starter,monthly,Germany,organic search,2025-04-01,,active,2,33.35
SUB-11527,Juniper Systems,Growth,monthly,Canada,content,2025-04-01,2025-05-01,churned,9,217.8
SUB-11669,Bluebird Partners,Growth,monthly,United States,referral,2025-04-01,,active,1,99
SUB-12572,Northwind Health,Growth,monthly,Japan,organic search,2025-04-01,,active,2,113.85
SUB-10203,Pine Labs,Starter,annual,Germany,organic search,2025-04-02,,active,9,54.23
SUB-11683,Kestrel Retail,Starter,monthly,United States,paid search,2025-04-02,,active,4,42.05
SUB-11985,Acme Works,Growth,monthly,Canada,paid search,2025-04-02,2025-05-02,churned,3,128.7
SUB-12309,Quill Partners,Starter,monthly,India,outbound sales,2025-04-02,,active,3,37.7
SUB-10255,Kestrel Logistics,Starter,annual,Germany,content,2025-04-03,,active,1,24.65
SUB-10440,Kestrel Works,Starter,monthly,United States,referral,2025-04-03,,active,2,33.35
SUB-10664,Harbor Retail,Starter,monthly,Canada,outbound sales,2025-04-03,2025-10-28,churned,4,42.05
SUB-11192,Vela Systems,Starter,monthly,United Kingdom,organic search,2025-04-03,2025-11-10,churned,7,55.1
SUB-11318,Lumen Systems,Scale,annual,Canada,paid search,2025-04-03,2025-05-03,churned,38,641.75
SUB-11354,Lumen Studio,Starter,monthly,United States,paid search,2025-04-03,2025-08-19,churned,4,42.05
SUB-12055,Lumen Works,Growth,monthly,United Kingdom,partner,2025-04-03,2025-06-06,churned,7,188.1
SUB-12084,Pine Systems,Growth,annual,United States,outbound sales,2025-04-03,,active,8,172.51
SUB-10905,Orbit Partners,Starter,monthly,United States,referral,2025-04-04,,active,10,68.15
SUB-11883,Orbit Partners,Growth,monthly,United States,paid search,2025-04-04,2025-10-16,churned,6,173.25
SUB-12508,Acme Studio,Starter,monthly,United States,referral,2025-04-04,,active,2,33.35
SUB-13019,Vela Health,Growth,monthly,Japan,organic search,2025-04-04,2025-06-27,churned,9,217.8
SUB-10000,Quill Analytics,Growth,monthly,United States,organic search,2025-04-05,,active,3,128.7
SUB-10155,Lumen Foods,Enterprise,monthly,India,referral,2025-04-05,,active,110,2190
SUB-10575,Vela Partners,Growth,annual,United States,organic search,2025-04-05,,active,1,84.15
SUB-10967,Northwind Foods,Growth,monthly,United Kingdom,paid search,2025-04-05,2025-11-12,churned,2,113.85
SUB-11193,Quill Partners,Growth,annual,Germany,paid search,2025-04-05,2025-05-05,churned,6,147.26
SUB-11708,Copper Health,Starter,monthly,Canada,referral,2025-04-05,,active,10,68.15
SUB-11780,Quill Partners,Enterprise,annual,France,partner,2025-04-05,,active,33,1272.45
SUB-11978,Harbor Works,Growth,monthly,United States,referral,2025-04-05,,active,3,128.7
SUB-12120,Harbor Foods,Growth,annual,United Kingdom,organic search,2025-04-05,,active,4,122.02
SUB-12491,Fable Works,Starter,annual,India,organic search,2025-04-05,,active,9,54.23
SUB-10306,Kestrel Systems,Growth,monthly,United States,paid search,2025-04-06,,active,9,217.8
SUB-10398,Lumen Retail,Starter,monthly,India,outbound sales,2025-04-06,,active,5,46.4
SUB-11000,Pine Logistics,Growth,annual,Brazil,referral,2025-04-06,,active,8,172.51
SUB-11494,Copper Partners,Starter,annual,United States,organic search,2025-04-06,,active,3,32.05
SUB-11853,Quill Health,Growth,annual,United States,organic search,2025-04-06,,active,6,147.26
SUB-12989,Nimbus Studio,Growth,monthly,United States,outbound sales,2025-04-06,2025-12-22,churned,6,173.25
SUB-10224,Vela Analytics,Starter,monthly,France,organic search,2025-04-07,2025-07-27,churned,1,29
SUB-10496,Juniper Systems,Starter,annual,Japan,referral,2025-04-07,,active,3,32.05
SUB-10640,Northwind Foods,Starter,annual,United States,organic search,2025-04-07,2025-09-06,churned,4,35.74
SUB-11604,Northwind Logistics,Starter,annual,Canada,paid search,2025-04-07,,active,6,43.14
SUB-11842,Copper Partners,Starter,annual,United States,organic search,2025-04-07,,active,10,57.93
SUB-12388,Harbor Retail,Scale,monthly,United Kingdom,referral,2025-04-07,2025-12-08,churned,27,623
SUB-12594,Lumen Systems,Starter,monthly,Germany,organic search,2025-04-07,,active,10,68.15
SUB-10392,Orbit Labs,Growth,monthly,India,organic search,2025-04-08,,active,7,188.1
SUB-10812,Kestrel Studio,Enterprise,monthly,United States,outbound sales,2025-04-08,,active,73,1857
SUB-11851,Harbor Works,Enterprise,monthly,United States,content,2025-04-08,,active,90,2010
SUB-12565,Acme Health,Starter,monthly,United States,paid search,2025-04-08,,active,10,68.15
SUB-13024,Lumen Partners,Starter,monthly,Germany,content,2025-04-08,2025-09-28,churned,10,68.15
SUB-10385,Lumen Partners,Scale,monthly,Canada,paid search,2025-04-09,,active,31,671
SUB-11362,Harbor Studio,Starter,annual,United States,outbound sales,2025-04-09,,active,2,28.35
SUB-12010,Acme Analytics,Growth,annual,Australia,paid search,2025-04-09,,active,6,147.26
SUB-12148,Orbit Health,Starter,monthly,France,referral,2025-04-09,2025-06-19,churned,2,33.35
SUB-12469,Quill Labs,Scale,annual,India,paid search,2025-04-09,,active,5,305.15
SUB-12557,Kestrel Analytics,Starter,monthly,France,paid search,2025-04-09,,active,8,59.45
SUB-13035,Lumen Health,Starter,monthly,United States,organic search,2025-04-09,2025-06-21,churned,1,29
SUB-10774,Bluebird Studio,Enterprise,monthly,Japan,organic search,2025-04-10,,active,133,2397
SUB-10954,Harbor Studio,Scale,monthly,India,paid search,2025-04-10,,active,18,515
SUB-11201,Acme Studio,Scale,annual,United States,organic search,2025-04-10,,active,27,529.55
SUB-11433,Fable Foods,Starter,monthly,Germany,organic search,2025-04-10,,active,1,29
SUB-12821,Nimbus Logistics,Growth,monthly,United States,organic search,2025-04-10,,active,6,173.25
SUB-10499,Acme Retail,Starter,monthly,United Kingdom,referral,2025-04-11,,active,9,63.8
SUB-11222,Kestrel Works,Growth,annual,United Kingdom,organic search,2025-04-11,,active,2,96.77
SUB-12207,Kestrel Logistics,Starter,monthly,United States,content,2025-04-11,,active,5,46.4
SUB-12344,Orbit Foods,Growth,monthly,Canada,organic search,2025-04-11,2025-12-23,churned,7,188.1
SUB-13054,Vela Studio,Growth,monthly,United States,outbound sales,2025-04-11,,active,10,232.65
SUB-13170,Lumen Analytics,Growth,annual,India,organic search,2025-04-11,,active,1,84.15
SUB-10186,Kestrel Foods,Growth,monthly,United States,paid search,2025-04-12,,active,8,202.95
SUB-10289,Atlas Retail,Growth,annual,United States,paid search,2025-04-12,,active,4,122.02
SUB-10389,Harbor Partners,Growth,monthly,United Kingdom,outbound sales,2025-04-12,,active,4,143.55
SUB-10407,Vela Partners,Growth,annual,India,organic search,2025-04-12,,active,5,134.64
SUB-11705,Quill Logistics,Starter,monthly,Japan,organic search,2025-04-12,2025-10-28,churned,3,37.7
SUB-13061,Vela Partners,Starter,annual,United Kingdom,organic search,2025-04-12,2025-06-02,churned,4,35.74
SUB-10082,Kestrel Works,Starter,annual,United States,organic search,2025-04-13,2025-08-13,churned,9,54.23
SUB-12506,Fable Health,Growth,annual,United States,content,2025-04-13,,active,9,185.13
SUB-12735,Quill Works,Growth,annual,Brazil,organic search,2025-04-13,,active,4,122.02
SUB-13096,Kestrel Logistics,Growth,annual,United States,content,2025-04-13,,active,3,109.4
SUB-13190,Orbit Analytics,Starter,annual,United States,organic search,2025-04-13,,active,3,32.05
SUB-11460,Lumen Works,Starter,monthly,United States,content,2025-04-14,,active,2,33.35
SUB-12853,Vela Retail,Scale,monthly,India,content,2025-04-14,2025-08-22,churned,10,419
SUB-12904,Kestrel Foods,Starter,monthly,India,referral,2025-04-14,,active,1,29
SUB-13095,Lumen Partners,Growth,annual,United Kingdom,paid search,2025-04-14,,active,8,172.51
SUB-10777,Kestrel Works,Growth,monthly,Germany,paid search,2025-04-15,,active,1,99
SUB-12198,Juniper Partners,Growth,monthly,Japan,outbound sales,2025-04-15,,active,6,173.25
SUB-12604,Northwind Systems,Starter,annual,United States,paid search,2025-04-15,,active,7,46.83
SUB-12966,Northwind Health,Starter,monthly,Brazil,partner,2025-04-15,,active,6,50.75
SUB-10278,Copper Labs,Enterprise,monthly,India,organic search,2025-04-16,2025-10-12,churned,107,2163
SUB-10323,Lumen Labs,Growth,monthly,United States,paid search,2025-04-16,,active,8,202.95
SUB-11373,Acme Retail,Starter,monthly,Japan,paid search,2025-04-16,2025-07-25,churned,2,33.35
SUB-11572,Vela Partners,Starter,monthly,Brazil,outbound sales,2025-04-16,,active,8,59.45
SUB-12101,Juniper Partners,Enterprise,monthly,United States,paid search,2025-04-16,,active,50,1650
SUB-12463,Nimbus Works,Growth,annual,United States,organic search,2025-04-16,,active,1,84.15
SUB-11067,Kestrel Works,Enterprise,annual,United States,outbound sales,2025-04-17,,active,182,2412.3
SUB-11760,Acme Studio,Starter,monthly,Brazil,organic search,2025-04-17,,active,8,59.45
SUB-12264,Fable Analytics,Starter,monthly,Germany,referral,2025-04-17,,active,4,42.05
SUB-12303,Acme Analytics,Growth,monthly,United States,content,2025-04-17,,active,9,217.8
SUB-12589,Northwind Works,Growth,monthly,United States,referral,2025-04-17,,active,8,202.95
SUB-12647,Lumen Partners,Growth,monthly,India,organic search,2025-04-17,,active,7,188.1
SUB-10022,Vela Foods,Starter,monthly,Japan,organic search,2025-04-18,,active,5,46.4
SUB-10883,Harbor Retail,Starter,monthly,United States,organic search,2025-04-18,,active,8,59.45
SUB-13041,Nimbus Foods,Starter,monthly,Germany,organic search,2025-04-18,,active,5,46.4
SUB-13114,Lumen Works,Starter,monthly,India,paid search,2025-04-18,,active,1,29
SUB-10158,Pine Logistics,Starter,monthly,France,outbound sales,2025-04-19,,active,7,55.1
SUB-12693,Vela Health,Scale,annual,Brazil,referral,2025-04-19,,active,16,417.35
SUB-12781,Bluebird Foods,Starter,monthly,United States,content,2025-04-19,2025-08-30,churned,10,68.15
SUB-10274,Quill Logistics,Starter,monthly,United States,organic search,2025-04-20,,active,6,50.75
SUB-11274,Northwind Health,Growth,annual,Canada,organic search,2025-04-20,,active,5,134.64
SUB-12723,Quill Works,Starter,monthly,United States,organic search,2025-04-20,,active,7,55.1
SUB-12827,Pine Works,Growth,monthly,United States,content,2025-04-20,,active,4,143.55
SUB-11582,Juniper Systems,Starter,monthly,Germany,organic search,2025-04-21,,active,5,46.4
SUB-10261,Northwind Labs,Scale,annual,Australia,paid search,2025-04-22,,active,41,672.35
SUB-11091,Harbor Works,Growth,monthly,United Kingdom,referral,2025-04-22,2025-12-16,churned,1,99
SUB-11339,Kestrel Retail,Starter,monthly,Canada,organic search,2025-04-22,,active,8,59.45
SUB-11769,Juniper Systems,Starter,monthly,United States,outbound sales,2025-04-22,2025-09-12,churned,8,59.45
SUB-12114,Northwind Analytics,Starter,monthly,United States,organic search,2025-04-22,2025-08-30,churned,1,29
SUB-12728,Pine Retail,Growth,monthly,United States,content,2025-04-22,,active,6,173.25
SUB-13052,Bluebird Logistics,Starter,monthly,France,paid search,2025-04-22,2025-08-07,churned,4,42.05
SUB-10687,Atlas Works,Starter,annual,Japan,paid search,2025-04-23,,active,2,28.35
SUB-10957,Acme Foods,Starter,monthly,Germany,referral,2025-04-23,,active,1,29
SUB-11202,Juniper Analytics,Enterprise,monthly,United States,paid search,2025-04-23,,active,142,2478
SUB-10167,Northwind Health,Growth,monthly,Japan,outbound sales,2025-04-24,,active,9,217.8
SUB-10821,Lumen Works,Starter,monthly,United States,organic search,2025-04-24,2025-07-31,churned,4,42.05
SUB-11328,Acme Systems,Growth,monthly,United States,organic search,2025-04-24,,active,4,143.55
SUB-11612,Vela Analytics,Growth,annual,United States,organic search,2025-04-24,,active,5,134.64
SUB-13159,Fable Studio,Starter,annual,United States,content,2025-04-24,,active,10,57.93
SUB-10034,Nimbus Logistics,Starter,monthly,Canada,organic search,2025-04-25,2025-10-19,churned,5,46.4
SUB-10169,Juniper Retail,Starter,annual,United States,paid search,2025-04-25,,active,3,32.05
SUB-11223,Atlas Foods,Starter,monthly,United States,organic search,2025-04-25,,active,9,63.8
SUB-11401,Copper Studio,Growth,monthly,United States,referral,2025-04-25,,active,9,217.8
SUB-11841,Northwind Health,Starter,annual,Japan,paid search,2025-04-25,,active,7,46.83
SUB-11934,Vela Retail,Growth,annual,India,organic search,2025-04-25,,active,7,159.89
SUB-12972,Acme Foods,Growth,annual,United States,organic search,2025-04-25,,active,5,134.64
SUB-12991,Pine Logistics,Scale,monthly,United States,content,2025-04-25,,active,6,371
SUB-13148,Orbit Labs,Scale,monthly,United States,organic search,2025-04-25,,active,23,575
SUB-12837,Lumen Works,Starter,annual,Germany,content,2025-04-26,,active,9,54.23
SUB-10045,Juniper Partners,Starter,monthly,United States,organic search,2025-04-27,,active,8,59.45
SUB-11009,Copper Labs,Growth,monthly,India,content,2025-04-27,2025-08-23,churned,6,173.25
SUB-12287,Nimbus Analytics,Starter,monthly,Japan,organic search,2025-04-27,,active,10,68.15
SUB-12509,Acme Logistics,Scale,annual,United States,paid search,2025-04-27,,active,31,570.35
SUB-12542,Atlas Labs,Growth,monthly,United Kingdom,referral,2025-04-27,,active,1,99
SUB-12627,Atlas Foods,Starter,monthly,United States,referral,2025-04-27,,active,7,55.1
SUB-12891,Acme Partners,Scale,monthly,Canada,partner,2025-04-27,,active,18,515
SUB-10397,Copper Retail,Growth,monthly,United States,outbound sales,2025-04-28,,active,8,202.95
SUB-11298,Acme Works,Starter,annual,Germany,organic search,2025-04-28,2025-06-25,churned,7,46.83
SUB-11451,Acme Labs,Starter,monthly,United States,outbound sales,2025-04-28,,active,2,33.35
SUB-11653,Vela Foods,Growth,monthly,India,partner,2025-04-28,,active,2,113.85
SUB-12477,Copper Health,Enterprise,monthly,Germany,organic search,2025-04-28,,active,56,1704
SUB-12685,Pine Health,Growth,monthly,Germany,organic search,2025-04-28,,active,6,173.25
SUB-12974,Fable Labs,Growth,annual,United States,partner,2025-04-28,,active,6,147.26
SUB-10088,Nimbus Labs,Scale,monthly,Australia,paid search,2025-04-29,,active,20,539
SUB-10694,Atlas Studio,Growth,monthly,United States,organic search,2025-04-29,2025-12-27,churned,7,188.1
SUB-11240,Bluebird Studio,Starter,monthly,Japan,organic search,2025-04-29,2025-05-29,churned,1,29
SUB-12006,Harbor Studio,Starter,monthly,United Kingdom,organic search,2025-04-29,,active,3,37.7
SUB-13002,Kestrel Systems,Scale,monthly,Germany,referral,2025-04-29,,active,26,611
SUB-11064,Kestrel Studio,Scale,annual,United States,content,2025-04-30,,active,40,662.15
SUB-11170,Bluebird Labs,Starter,monthly,United States,paid search,2025-04-30,2025-12-28,churned,6,50.75
SUB-11496,Fable Retail,Starter,monthly,United States,organic search,2025-04-30,,active,7,55.1
SUB-12526,Copper Logistics,Scale,annual,Brazil,paid search,2025-04-30,,active,7,325.55
SUB-12684,Orbit Studio,Scale,annual,United States,referral,2025-04-30,,active,16,417.35
SUB-10086,Bluebird Analytics,Scale,monthly,Germany,referral,2025-05-01,,active,8,395
SUB-10524,Juniper Logistics,Starter,monthly,India,partner,2025-05-02,,active,6,50.75
SUB-10893,Northwind Labs,Starter,monthly,United States,paid search,2025-05-02,,active,3,37.7
SUB-11053,Bluebird Partners,Starter,monthly,Canada,organic search,2025-05-02,,active,7,55.1
SUB-12324,Harbor Foods,Starter,annual,United States,referral,2025-05-02,2025-11-08,churned,9,54.23
SUB-12844,Nimbus Logistics,Growth,monthly,France,referral,2025-05-02,,active,10,232.65
SUB-10033,Northwind Labs,Growth,monthly,Australia,organic search,2025-05-03,,active,10,232.65
SUB-10410,Bluebird Partners,Growth,monthly,United States,organic search,2025-05-03,2025-06-02,churned,2,113.85
SUB-10895,Northwind Foods,Scale,monthly,Germany,organic search,2025-05-03,2025-08-01,churned,19,527
SUB-11168,Bluebird Analytics,Scale,monthly,Germany,organic search,2025-05-03,2025-06-02,churned,32,683
SUB-11704,Bluebird Retail,Growth,annual,United States,content,2025-05-03,,active,1,84.15
SUB-12538,Nimbus Retail,Starter,monthly,India,paid search,2025-05-03,,active,3,37.7
SUB-10444,Harbor Partners,Growth,monthly,India,referral,2025-05-04,,active,6,173.25
SUB-10722,Copper Logistics,Growth,monthly,United States,paid search,2025-05-04,,active,9,217.8
SUB-11645,Bluebird Health,Starter,monthly,United Kingdom,organic search,2025-05-04,,active,8,59.45
SUB-12090,Quill Foods,Growth,annual,Germany,referral,2025-05-04,2025-10-25,churned,4,122.02
SUB-12885,Vela Retail,Scale,monthly,United Kingdom,paid search,2025-05-04,,active,43,815
SUB-11487,Harbor Partners,Enterprise,monthly,United States,organic search,2025-05-05,,active,108,2172
SUB-11682,Acme Systems,Growth,monthly,India,content,2025-05-05,2025-12-04,churned,9,217.8
SUB-12034,Copper Partners,Scale,annual,India,partner,2025-05-05,,active,23,488.75
SUB-13166,Northwind Logistics,Starter,annual,United Kingdom,outbound sales,2025-05-05,,active,10,57.93
SUB-10171,Acme Partners,Growth,monthly,United States,referral,2025-05-06,,active,5,158.4
SUB-11545,Northwind Partners,Starter,monthly,United States,referral,2025-05-06,,active,6,50.75
SUB-11716,Vela Partners,Growth,annual,India,paid search,2025-05-06,,active,3,109.4
SUB-12237,Vela Works,Starter,annual,France,referral,2025-05-06,,active,6,43.14
SUB-10282,Copper Analytics,Scale,annual,United States,paid search,2025-05-07,,active,20,458.15
SUB-11635,Fable Retail,Starter,annual,Germany,referral,2025-05-07,,active,4,35.74
SUB-11877,Copper Studio,Starter,annual,Australia,paid search,2025-05-07,,active,9,54.23
SUB-10701,Copper Analytics,Starter,monthly,United States,referral,2025-05-08,2025-10-12,churned,2,33.35
SUB-11538,Fable Labs,Growth,annual,Brazil,paid search,2025-05-08,,active,7,159.89
SUB-11893,Lumen Works,Scale,annual,Canada,partner,2025-05-08,,active,28,539.75
SUB-12179,Nimbus Retail,Enterprise,annual,United States,partner,2025-05-08,,active,94,1739.1
SUB-10513,Northwind Studio,Growth,annual,United States,paid search,2025-05-09,,active,2,96.77
SUB-11829,Northwind Logistics,Enterprise,annual,Canada,referral,2025-05-09,,active,181,2404.65
SUB-12214,Juniper Health,Growth,annual,United States,paid search,2025-05-09,2025-06-12,churned,4,122.02
SUB-13110,Juniper Labs,Scale,monthly,United States,outbound sales,2025-05-09,2025-12-17,churned,38,755
SUB-13149,Vela Partners,Starter,monthly,United States,organic search,2025-05-09,2025-06-08,churned,4,42.05
SUB-10596,Copper Foods,Starter,monthly,United Kingdom,paid search,2025-05-10,,active,10,68.15
SUB-11127,Lumen Analytics,Scale,monthly,India,paid search,2025-05-10,,active,7,383
SUB-11844,Nimbus Foods,Growth,annual,United States,referral,2025-05-10,,active,8,172.51
SUB-12280,Lumen Health,Starter,monthly,Germany,paid search,2025-05-10,,active,9,63.8
SUB-10194,Northwind Logistics,Growth,annual,United States,organic search,2025-05-11,2025-06-27,churned,10,197.75
SUB-10363,Bluebird Logistics,Starter,monthly,United States,referral,2025-05-11,,active,10,68.15
SUB-11164,Fable Analytics,Scale,monthly,France,paid search,2025-05-11,,active,37,743
SUB-11867,Fable Analytics,Starter,annual,United Kingdom,outbound sales,2025-05-11,,active,3,32.05
SUB-12088,Northwind Logistics,Starter,monthly,United Kingdom,paid search,2025-05-11,,active,1,29
SUB-12473,Lumen Systems,Enterprise,annual,Australia,paid search,2025-05-11,,active,163,2266.95
SUB-11629,Juniper Partners,Growth,annual,United Kingdom,organic search,2025-05-12,,active,10,197.75
SUB-12548,Copper Logistics,Scale,annual,Japan,paid search,2025-05-12,,active,30,560.15
SUB-10221,Atlas Systems,Scale,annual,United States,organic search,2025-05-13,,active,24,498.95
SUB-10262,Harbor Health,Growth,monthly,United Kingdom,paid search,2025-05-13,,active,5,158.4
SUB-10648,Vela Foods,Starter,monthly,Japan,paid search,2025-05-13,2025-09-18,churned,9,63.8
SUB-11006,Quill Logistics,Growth,monthly,India,partner,2025-05-13,,active,5,158.4
SUB-11448,Juniper Partners,Growth,monthly,United States,partner,2025-05-14,2025-09-15,churned,9,217.8
SUB-11951,Atlas Systems,Growth,monthly,United States,organic search,2025-05-14,,active,4,143.55
SUB-12391,Orbit Logistics,Growth,annual,United Kingdom,partner,2025-05-14,,active,8,172.51
SUB-12635,Kestrel Systems,Starter,monthly,India,organic search,2025-05-14,,active,4,42.05
SUB-12918,Vela Analytics,Enterprise,monthly,United States,referral,2025-05-14,,active,136,2424
SUB-13109,Copper Retail,Starter,monthly,France,content,2025-05-14,2025-12-23,churned,4,42.05
SUB-11217,Juniper Works,Starter,annual,United States,referral,2025-05-15,,active,7,46.83
SUB-11462,Kestrel Health,Growth,annual,Germany,paid search,2025-05-15,,active,1,84.15
SUB-12614,Lumen Logistics,Starter,monthly,Australia,organic search,2025-05-15,,active,6,50.75
SUB-12824,Kestrel Systems,Starter,annual,United States,organic search,2025-05-15,,active,10,57.93
SUB-12832,Copper Health,Starter,annual,Japan,content,2025-05-15,,active,4,35.74
SUB-12870,Copper Labs,Growth,annual,India,outbound sales,2025-05-15,,active,7,159.89
SUB-10773,Acme Health,Growth,annual,France,organic search,2025-05-16,,active,3,109.4
SUB-10831,Nimbus Analytics,Growth,monthly,Germany,paid search,2025-05-16,,active,7,188.1
SUB-11241,Copper Logistics,Starter,annual,United Kingdom,organic search,2025-05-16,2025-06-22,churned,9,54.23
SUB-11315,Orbit Logistics,Starter,monthly,United States,outbound sales,2025-05-16,2025-10-02,churned,6,50.75
SUB-11739,Copper Studio,Scale,monthly,United States,content,2025-05-16,,active,12,443
SUB-12044,Pine Works,Starter,monthly,United States,referral,2025-05-16,2025-09-16,churned,2,33.35
SUB-10372,Orbit Analytics,Starter,monthly,United States,paid search,2025-05-17,,active,9,63.8
SUB-10485,Juniper Retail,Starter,annual,United Kingdom,content,2025-05-17,,active,8,50.53
SUB-11753,Fable Works,Scale,monthly,Japan,organic search,2025-05-17,2025-08-28,churned,30,659
SUB-12499,Nimbus Foods,Starter,monthly,Australia,partner,2025-05-17,,active,8,59.45
SUB-12657,Bluebird Studio,Scale,annual,Germany,organic search,2025-05-17,,active,7,325.55
SUB-10042,Acme Systems,Starter,monthly,India,outbound sales,2025-05-18,,active,2,33.35
SUB-10117,Kestrel Studio,Starter,monthly,Canada,partner,2025-05-18,,active,7,55.1
SUB-10129,Pine Foods,Starter,monthly,France,paid search,2025-05-18,,active,6,50.75
SUB-10198,Kestrel Foods,Starter,annual,United States,organic search,2025-05-18,,active,10,57.93
SUB-10894,Atlas Works,Growth,annual,Germany,referral,2025-05-18,,active,1,84.15
SUB-11846,Copper Partners,Scale,annual,Canada,organic search,2025-05-18,,active,29,549.95
SUB-10746,Vela Works,Growth,annual,United States,organic search,2025-05-19,2025-12-30,churned,2,96.77
SUB-10978,Fable Foods,Scale,monthly,United States,organic search,2025-05-19,2025-09-04,churned,23,575
SUB-11522,Northwind Analytics,Growth,monthly,United States,paid search,2025-05-19,2025-12-13,churned,4,143.55
SUB-11724,Acme Partners,Growth,monthly,United States,content,2025-05-19,,active,6,173.25
SUB-12803,Nimbus Foods,Scale,monthly,Germany,outbound sales,2025-05-19,,active,18,515
SUB-10237,Copper Labs,Starter,monthly,India,organic search,2025-05-20,,active,1,29
SUB-10428,Lumen Retail,Growth,annual,Canada,organic search,2025-05-20,,active,9,185.13
SUB-11803,Pine Foods,Growth,monthly,France,referral,2025-05-20,,active,7,188.1
SUB-10990,Lumen Studio,Starter,annual,United Kingdom,organic search,2025-05-21,,active,7,46.83
SUB-11005,Copper Analytics,Growth,monthly,India,content,2025-05-21,2025-12-22,churned,4,143.55
SUB-11268,Kestrel Retail,Growth,monthly,France,organic search,2025-05-21,2025-09-26,churned,7,188.1
SUB-11691,Pine Foods,Enterprise,monthly,United States,paid search,2025-05-21,,active,100,2100
SUB-10123,Quill Systems,Growth,monthly,France,referral,2025-05-22,,active,6,173.25
SUB-11759,Vela Logistics,Starter,annual,Canada,outbound sales,2025-05-22,,active,3,32.05
SUB-12443,Orbit Logistics,Growth,monthly,India,content,2025-05-22,,active,7,188.1
SUB-12630,Kestrel Analytics,Scale,annual,United States,organic search,2025-05-22,,active,39,651.95
SUB-13128,Juniper Retail,Growth,annual,Australia,organic search,2025-05-22,,active,9,185.13
SUB-11228,Atlas Studio,Starter,annual,Brazil,paid search,2025-05-23,,active,9,54.23
SUB-11491,Quill Health,Growth,annual,Germany,organic search,2025-05-23,,active,9,185.13
SUB-11925,Pine Retail,Growth,annual,United Kingdom,outbound sales,2025-05-23,,active,8,172.51
SUB-12271,Fable Systems,Starter,monthly,India,paid search,2025-05-23,2025-12-06,churned,2,33.35
SUB-12345,Northwind Health,Starter,monthly,Germany,referral,2025-05-23,,active,5,46.4
SUB-11249,Juniper Foods,Scale,annual,United States,organic search,2025-05-24,,active,15,407.15
SUB-12076,Fable Studio,Scale,monthly,United Kingdom,paid search,2025-05-24,,active,31,671
SUB-12854,Vela Partners,Growth,monthly,Germany,organic search,2025-05-24,,active,1,99
SUB-13027,Atlas Analytics,Enterprise,annual,France,partner,2025-05-24,,active,55,1440.75
SUB-10559,Copper Health,Growth,monthly,Germany,referral,2025-05-25,,active,2,113.85
SUB-10769,Vela Analytics,Starter,monthly,United States,organic search,2025-05-25,2025-08-30,churned,6,50.75
SUB-10842,Acme Analytics,Scale,monthly,Germany,organic search,2025-05-25,,active,36,731
SUB-11116,Lumen Studio,Growth,monthly,India,outbound sales,2025-05-25,,active,6,173.25
SUB-11330,Copper Works,Growth,annual,United States,paid search,2025-05-25,,active,7,159.89
SUB-11884,Orbit Studio,Growth,monthly,Germany,outbound sales,2025-05-25,,active,7,188.1
SUB-12039,Vela Partners,Growth,annual,Canada,paid search,2025-05-25,,active,4,122.02
SUB-12068,Harbor Works,Starter,monthly,United Kingdom,outbound sales,2025-05-25,,active,4,42.05
SUB-12135,Copper Works,Growth,monthly,France,organic search,2025-05-25,,active,8,202.95
SUB-12616,Orbit Studio,Starter,annual,Japan,outbound sales,2025-05-26,,active,5,39.44
SUB-10656,Vela Studio,Growth,monthly,United States,referral,2025-05-27,2025-10-26,churned,2,113.85
SUB-10697,Harbor Logistics,Enterprise,monthly,Australia,paid search,2025-05-27,,active,101,2109
SUB-11634,Nimbus Health,Growth,monthly,United States,organic search,2025-05-27,,active,10,232.65
SUB-12433,Bluebird Partners,Starter,monthly,Canada,paid search,2025-05-27,2025-06-26,churned,8,59.45
SUB-10193,Northwind Partners,Scale,monthly,Japan,organic search,2025-05-28,,active,19,527
SUB-10814,Kestrel Foods,Growth,monthly,United States,referral,2025-05-28,,active,8,202.95
SUB-11772,Fable Foods,Starter,monthly,United States,organic search,2025-05-28,,active,6,50.75
SUB-13154,Juniper Retail,Growth,annual,Brazil,organic search,2025-05-28,,active,7,159.89
SUB-10071,Orbit Logistics,Starter,monthly,United States,organic search,2025-05-29,,active,10,68.15
SUB-10152,Harbor Logistics,Scale,annual,Brazil,organic search,2025-05-29,,active,32,580.55
SUB-10451,Nimbus Analytics,Scale,annual,United States,paid search,2025-05-29,,active,32,580.55
SUB-11479,Lumen Works,Starter,annual,United Kingdom,paid search,2025-05-29,,active,10,57.93
SUB-12823,Juniper Foods,Growth,annual,Germany,organic search,2025-05-29,,active,1,84.15
SUB-10084,Harbor Works,Scale,annual,Canada,organic search,2025-05-30,,active,11,366.35
SUB-10135,Juniper Partners,Starter,annual,United States,paid search,2025-05-30,,active,7,46.83
SUB-11358,Kestrel Health,Enterprise,monthly,United States,partner,2025-05-30,,active,147,2523
SUB-10483,Juniper Analytics,Starter,annual,United States,content,2025-05-31,,active,9,54.23
SUB-10796,Kestrel Systems,Enterprise,annual,United States,organic search,2025-05-31,,active,118,1922.7
SUB-11787,Northwind Logistics,Starter,annual,Japan,paid search,2025-05-31,,active,9,54.23
SUB-11954,Northwind Logistics,Growth,monthly,United Kingdom,paid search,2025-05-31,,active,5,158.4
SUB-11996,Lumen Labs,Growth,monthly,India,partner,2025-05-31,,active,2,113.85
SUB-12065,Lumen Partners,Starter,monthly,Australia,outbound sales,2025-05-31,2025-12-09,churned,3,37.7
SUB-12485,Northwind Foods,Starter,monthly,Germany,referral,2025-05-31,,active,5,46.4
SUB-12737,Harbor Logistics,Growth,monthly,Brazil,referral,2025-05-31,,active,9,217.8
SUB-10159,Fable Analytics,Growth,monthly,United States,referral,2025-06-01,,active,8,202.95
SUB-11424,Vela Retail,Growth,monthly,United States,organic search,2025-06-01,,active,3,128.7
SUB-11811,Quill Retail,Starter,monthly,United Kingdom,referral,2025-06-01,,active,6,50.75
SUB-12454,Vela Studio,Starter,annual,United States,organic search,2025-06-01,,active,8,50.53
SUB-12716,Nimbus Logistics,Growth,monthly,India,organic search,2025-06-01,,active,1,99
SUB-10316,Orbit Works,Starter,annual,Canada,content,2025-06-02,,active,1,24.65
SUB-10850,Orbit Studio,Starter,annual,United Kingdom,paid search,2025-06-02,2025-07-02,churned,2,28.35
SUB-11377,Vela Retail,Growth,annual,India,partner,2025-06-02,,active,1,84.15
SUB-10737,Bluebird Studio,Starter,monthly,United States,organic search,2025-06-03,2025-08-22,churned,2,33.35
SUB-11062,Fable Labs,Growth,monthly,United States,organic search,2025-06-03,,active,7,188.1
SUB-12312,Nimbus Works,Starter,monthly,United Kingdom,paid search,2025-06-03,2025-07-18,churned,7,55.1
SUB-12562,Juniper Labs,Starter,monthly,Japan,outbound sales,2025-06-03,2025-08-10,churned,4,42.05
SUB-12602,Quill Foods,Starter,monthly,United Kingdom,outbound sales,2025-06-03,2025-08-25,churned,8,59.45
SUB-10386,Bluebird Retail,Starter,monthly,United Kingdom,paid search,2025-06-04,,active,5,46.4
SUB-10417,Nimbus Logistics,Growth,monthly,Japan,paid search,2025-06-04,2025-07-04,churned,5,158.4
SUB-11139,Acme Studio,Starter,annual,United States,paid search,2025-06-04,,active,7,46.83
SUB-11379,Fable Studio,Scale,monthly,United States,organic search,2025-06-04,,active,34,707
SUB-12512,Orbit Works,Starter,monthly,India,paid search,2025-06-04,,active,9,63.8
SUB-11987,Orbit Studio,Starter,monthly,Australia,partner,2025-06-05,,active,6,50.75
SUB-12652,Fable Systems,Enterprise,monthly,United States,organic search,2025-06-05,,active,53,1677
SUB-12750,Vela Foods,Growth,annual,United Kingdom,organic search,2025-06-05,,active,7,159.89
SUB-11858,Nimbus Works,Starter,monthly,United States,paid search,2025-06-06,,active,5,46.4
SUB-11942,Acme Foods,Growth,annual,Canada,paid search,2025-06-06,,active,5,134.64
SUB-12515,Juniper Partners,Starter,monthly,Brazil,referral,2025-06-06,,active,10,68.15
SUB-12872,Vela Studio,Starter,monthly,United States,paid search,2025-06-06,,active,3,37.7
SUB-13193,Kestrel Works,Starter,annual,United Kingdom,outbound sales,2025-06-06,,active,8,50.53
SUB-10243,Vela Retail,Starter,monthly,Germany,referral,2025-06-07,,active,6,50.75
SUB-10581,Atlas Analytics,Starter,annual,Canada,outbound sales,2025-06-07,,active,7,46.83
SUB-11266,Nimbus Retail,Growth,annual,United Kingdom,content,2025-06-07,,active,10,197.75
SUB-11549,Bluebird Retail,Starter,monthly,India,organic search,2025-06-07,,active,2,33.35
SUB-11810,Juniper Foods,Growth,monthly,United States,organic search,2025-06-07,2025-08-23,churned,2,113.85
SUB-12136,Pine Analytics,Starter,monthly,United States,paid search,2025-06-07,,active,8,59.45
SUB-12706,Northwind Partners,Growth,annual,Brazil,organic search,2025-06-07,,active,2,96.77
SUB-10690,Pine Health,Growth,monthly,United States,outbound sales,2025-06-08,,active,4,143.55
SUB-11010,Fable Partners,Starter,annual,United States,referral,2025-06-08,,active,10,57.93
SUB-11131,Bluebird Studio,Growth,monthly,Germany,content,2025-06-08,2025-07-23,churned,1,99
SUB-11607,Acme Foods,Starter,monthly,United States,paid search,2025-06-08,,active,3,37.7
SUB-11746,Quill Systems,Growth,monthly,United Kingdom,paid search,2025-06-08,,active,9,217.8
SUB-12941,Quill Health,Starter,monthly,France,referral,2025-06-08,,active,8,59.45
SUB-10668,Northwind Systems,Starter,annual,Germany,referral,2025-06-09,,active,5,39.44
SUB-12556,Lumen Logistics,Scale,monthly,United Kingdom,content,2025-06-09,,active,34,707
SUB-10157,Lumen Labs,Starter,monthly,Canada,organic search,2025-06-10,,active,1,29
SUB-10183,Bluebird Studio,Starter,annual,United Kingdom,outbound sales,2025-06-10,,active,7,46.83
SUB-10448,Quill Partners,Scale,monthly,India,paid search,2025-06-10,,active,32,683
SUB-10958,Quill Analytics,Growth,monthly,Australia,paid search,2025-06-10,,active,10,232.65
SUB-12060,Acme Labs,Starter,monthly,Japan,organic search,2025-06-10,,active,5,46.4
SUB-12134,Quill Studio,Growth,monthly,United States,paid search,2025-06-10,,active,1,99
SUB-12618,Pine Foods,Scale,monthly,United States,organic search,2025-06-10,2025-08-14,churned,26,611
SUB-12797,Nimbus Logistics,Starter,monthly,United States,content,2025-06-10,2025-08-15,churned,4,42.05
SUB-10634,Northwind Systems,Starter,monthly,United States,organic search,2025-06-11,2025-07-22,churned,6,50.75
SUB-10765,Harbor Analytics,Scale,annual,United States,paid search,2025-06-11,,active,29,549.95
SUB-11061,Vela Labs,Enterprise,monthly,United States,organic search,2025-06-11,,active,74,1866
SUB-12387,Harbor Analytics,Scale,monthly,Germany,partner,2025-06-11,,active,6,371
SUB-12886,Vela Systems,Starter,monthly,United States,outbound sales,2025-06-11,,active,7,55.1
SUB-12888,Lumen Partners,Starter,annual,United Kingdom,paid search,2025-06-11,,active,2,28.35
SUB-10908,Juniper Analytics,Starter,monthly,France,paid search,2025-06-12,2025-12-14,churned,5,46.4
SUB-12194,Bluebird Partners,Enterprise,annual,United States,referral,2025-06-12,,active,171,2328.15
SUB-12813,Northwind Systems,Starter,monthly,Australia,outbound sales,2025-06-12,,active,2,33.35
SUB-12920,Harbor Analytics,Starter,monthly,Germany,organic search,2025-06-12,2025-12-19,churned,3,37.7
SUB-13062,Lumen Partners,Scale,annual,United States,paid search,2025-06-12,,active,24,498.95
SUB-10425,Orbit Studio,Starter,annual,United States,referral,2025-06-13,,active,7,46.83
SUB-10970,Bluebird Logistics,Starter,monthly,United Kingdom,paid search,2025-06-13,,active,9,63.8
SUB-11758,Atlas Systems,Starter,monthly,United States,referral,2025-06-13,,active,5,46.4
SUB-12668,Vela Analytics,Growth,monthly,United States,paid search,2025-06-13,2025-07-13,churned,10,232.65
SUB-12672,Orbit Studio,Growth,annual,Germany,referral,2025-06-13,,active,7,159.89
SUB-10010,Nimbus Logistics,Starter,monthly,Brazil,content,2025-06-14,,active,10,68.15
SUB-10521,Nimbus Analytics,Scale,annual,United Kingdom,organic search,2025-06-14,,active,19,447.95
SUB-12158,Kestrel Systems,Starter,monthly,India,organic search,2025-06-14,,active,7,55.1
SUB-12660,Orbit Health,Growth,monthly,France,outbound sales,2025-06-14,,active,6,173.25
SUB-12172,Juniper Partners,Enterprise,monthly,United States,paid search,2025-06-15,,active,138,2442
SUB-12363,Vela Logistics,Growth,annual,Brazil,organic search,2025-06-15,,active,10,197.75
SUB-10114,Northwind Logistics,Growth,monthly,Canada,organic search,2025-06-16,,active,8,202.95
SUB-10418,Juniper Studio,Starter,annual,Canada,paid search,2025-06-16,,active,1,24.65
SUB-10527,Fable Partners,Growth,monthly,Brazil,paid search,2025-06-16,,active,6,173.25
SUB-11541,Juniper Foods,Growth,annual,Australia,paid search,2025-06-16,,active,10,197.75
SUB-11714,Pine Retail,Scale,monthly,France,organic search,2025-06-16,,active,44,827
SUB-11859,Lumen Analytics,Starter,annual,United States,content,2025-06-16,,active,9,54.23
SUB-12774,Vela Logistics,Starter,monthly,United States,outbound sales,2025-06-16,,active,1,29
SUB-12838,Bluebird Health,Starter,annual,Canada,organic search,2025-06-16,,active,5,39.44
SUB-10208,Juniper Systems,Starter,annual,United States,partner,2025-06-17,,active,10,57.93
SUB-10215,Nimbus Labs,Starter,monthly,Brazil,paid search,2025-06-17,2025-07-17,churned,10,68.15
SUB-10755,Copper Labs,Growth,monthly,United States,content,2025-06-17,,active,2,113.85
SUB-12216,Pine Partners,Scale,monthly,Brazil,partner,2025-06-17,,active,22,563
SUB-13142,Fable Logistics,Scale,monthly,United Kingdom,paid search,2025-06-17,,active,31,671
SUB-10102,Orbit Labs,Growth,monthly,United States,paid search,2025-06-18,,active,10,232.65
SUB-11121,Fable Foods,Scale,annual,United States,organic search,2025-06-18,,active,32,580.55
SUB-12378,Acme Health,Enterprise,annual,Canada,organic search,2025-06-18,,active,54,1433.1
SUB-12951,Fable Health,Growth,annual,United States,organic search,2025-06-18,,active,10,197.75
SUB-10174,Copper Foods,Growth,monthly,Germany,content,2025-06-19,,active,6,173.25
SUB-11470,Bluebird Analytics,Scale,monthly,India,partner,2025-06-19,,active,32,683
SUB-12193,Orbit Systems,Scale,monthly,United Kingdom,paid search,2025-06-19,,active,7,383
SUB-12541,Juniper Partners,Growth,annual,United States,organic search,2025-06-19,,active,7,159.89
SUB-10143,Bluebird Health,Growth,annual,India,organic search,2025-06-20,,active,3,109.4
SUB-10613,Orbit Partners,Starter,annual,United States,paid search,2025-06-20,2025-10-13,churned,8,50.53
SUB-10653,Juniper Logistics,Growth,monthly,Australia,organic search,2025-06-20,,active,9,217.8
SUB-10873,Harbor Labs,Growth,monthly,United Kingdom,organic search,2025-06-20,2025-08-14,churned,9,217.8
SUB-11078,Vela Works,Enterprise,annual,United States,organic search,2025-06-20,,active,43,1348.95
SUB-11791,Harbor Systems,Starter,monthly,India,referral,2025-06-20,,active,10,68.15
SUB-12785,Acme Studio,Enterprise,monthly,United States,content,2025-06-20,,active,174,2766
SUB-13163,Acme Retail,Growth,monthly,Germany,partner,2025-06-20,,active,4,143.55
SUB-11179,Northwind Logistics,Starter,monthly,Australia,partner,2025-06-21,,active,8,59.45
SUB-11500,Lumen Retail,Starter,monthly,Australia,referral,2025-06-21,2025-09-04,churned,8,59.45
SUB-11703,Nimbus Studio,Scale,annual,United Kingdom,organic search,2025-06-21,,active,34,600.95
SUB-12091,Orbit Logistics,Scale,annual,Germany,organic search,2025-06-22,,active,10,356.15
SUB-12141,Pine Works,Starter,monthly,India,paid search,2025-06-22,2025-10-05,churned,2,33.35
SUB-11219,Bluebird Foods,Starter,monthly,United States,content,2025-06-23,,active,5,46.4
SUB-10027,Atlas Works,Starter,annual,Canada,organic search,2025-06-24,,active,2,28.35
SUB-10179,Lumen Analytics,Growth,monthly,Brazil,content,2025-06-24,,active,1,99
SUB-10253,Orbit Labs,Scale,monthly,United States,paid search,2025-06-24,,active,41,791
SUB-11631,Quill Systems,Starter,annual,United States,paid search,2025-06-24,,active,8,50.53
SUB-11751,Kestrel Logistics,Starter,monthly,India,organic search,2025-06-24,2025-08-08,churned,9,63.8
SUB-11880,Lumen Foods,Starter,monthly,Japan,content,2025-06-24,2025-08-02,churned,4,42.05
SUB-12583,Harbor Labs,Starter,monthly,United States,outbound sales,2025-06-24,,active,1,29
SUB-13009,Quill Partners,Starter,monthly,Canada,paid search,2025-06-24,,active,6,50.75
SUB-13121,Orbit Logistics,Starter,monthly,Brazil,paid search,2025-06-24,,active,5,46.4
SUB-10136,Northwind Foods,Starter,monthly,United States,organic search,2025-06-25,,active,3,37.7
SUB-10145,Harbor Analytics,Growth,annual,France,content,2025-06-25,,active,2,96.77
SUB-10308,Vela Logistics,Starter,monthly,United Kingdom,referral,2025-06-25,,active,1,29
SUB-10965,Kestrel Labs,Growth,monthly,United States,organic search,2025-06-25,,active,4,143.55
SUB-11308,Atlas Logistics,Starter,monthly,Germany,outbound sales,2025-06-25,2025-07-25,churned,4,42.05
SUB-11372,Quill Analytics,Starter,monthly,United States,partner,2025-06-25,,active,7,55.1
SUB-11702,Quill Retail,Starter,monthly,France,referral,2025-06-25,,active,6,50.75
SUB-12018,Atlas Logistics,Starter,monthly,United Kingdom,paid search,2025-06-25,2025-07-25,churned,10,68.15
SUB-12121,Bluebird Foods,Scale,annual,Japan,referral,2025-06-25,,active,8,335.75
SUB-12254,Northwind Labs,Starter,monthly,India,referral,2025-06-25,,active,1,29
SUB-10311,Kestrel Retail,Starter,annual,United States,partner,2025-06-26,,active,9,54.23
SUB-12200,Harbor Foods,Starter,monthly,United States,referral,2025-06-26,2025-11-05,churned,6,50.75
SUB-13067,Acme Health,Enterprise,monthly,India,organic search,2025-06-26,,active,188,2892
SUB-11887,Fable Foods,Starter,monthly,United Kingdom,paid search,2025-06-27,2025-10-24,churned,2,33.35
SUB-13116,Vela Works,Scale,monthly,Germany,referral,2025-06-27,,active,8,395
SUB-10131,Bluebird Health,Starter,monthly,United States,organic search,2025-06-28,,active,3,37.7
SUB-11472,Lumen Labs,Starter,monthly,Canada,organic search,2025-06-28,,active,7,55.1
SUB-11530,Atlas Studio,Enterprise,monthly,United Kingdom,organic search,2025-06-28,,active,148,2532
SUB-12702,Fable Analytics,Starter,monthly,India,paid search,2025-06-28,,active,6,50.75
SUB-10248,Juniper Health,Scale,monthly,Canada,organic search,2025-06-30,,active,14,467
SUB-10474,Vela Health,Growth,monthly,United States,partner,2025-06-30,,active,10,232.65
SUB-10794,Orbit Studio,Enterprise,annual,United States,content,2025-06-30,,active,33,1272.45
SUB-11566,Quill Labs,Starter,annual,Japan,outbound sales,2025-06-30,,active,9,54.23
SUB-13164,Fable Systems,Scale,monthly,United States,outbound sales,2025-06-30,2025-09-24,churned,21,551
SUB-10915,Pine Labs,Growth,monthly,Canada,organic search,2025-07-01,,active,7,188.1
SUB-11020,Northwind Analytics,Starter,monthly,United States,organic search,2025-07-01,,active,1,29
SUB-11363,Acme Partners,Starter,monthly,United States,referral,2025-07-01,2025-09-25,churned,10,68.15
SUB-10190,Kestrel Studio,Scale,annual,France,partner,2025-07-02,,active,20,458.15
SUB-11184,Kestrel Systems,Growth,annual,United States,paid search,2025-07-02,,active,10,197.75
SUB-11733,Kestrel Retail,Starter,annual,India,organic search,2025-07-02,,active,6,43.14
SUB-11784,Kestrel Works,Starter,annual,Australia,referral,2025-07-02,,active,7,46.83
SUB-12059,Lumen Partners,Starter,monthly,United States,partner,2025-07-02,,active,5,46.4
SUB-12830,Bluebird Partners,Scale,monthly,Canada,outbound sales,2025-07-02,,active,14,467
SUB-10115,Juniper Systems,Enterprise,monthly,France,referral,2025-07-03,,active,181,2829
SUB-10177,Copper Labs,Growth,monthly,United States,referral,2025-07-03,,active,5,158.4
SUB-10353,Pine Logistics,Starter,monthly,United Kingdom,organic search,2025-07-03,,active,7,55.1
SUB-10692,Harbor Studio,Starter,monthly,Germany,referral,2025-07-03,,active,4,42.05
SUB-10772,Lumen Labs,Starter,monthly,India,partner,2025-07-03,,active,6,50.75
SUB-11413,Kestrel Retail,Enterprise,monthly,Canada,paid search,2025-07-03,,active,177,2793
SUB-12109,Kestrel Logistics,Starter,monthly,Germany,outbound sales,2025-07-03,,active,5,46.4
SUB-12161,Kestrel Labs,Starter,annual,United States,outbound sales,2025-07-03,,active,9,54.23
SUB-10021,Vela Retail,Enterprise,monthly,Germany,partner,2025-07-04,,active,111,2199
SUB-10646,Harbor Retail,Growth,monthly,United States,referral,2025-07-04,,active,6,173.25
SUB-11953,Kestrel Labs,Growth,annual,India,partner,2025-07-04,,active,8,172.51
SUB-12415,Copper Foods,Growth,monthly,Australia,organic search,2025-07-04,,active,9,217.8
SUB-10015,Quill Logistics,Enterprise,monthly,India,organic search,2025-07-05,,active,32,1488
SUB-10882,Kestrel Partners,Starter,annual,United States,paid search,2025-07-05,,active,5,39.44
SUB-11752,Kestrel Studio,Enterprise,annual,United States,referral,2025-07-05,,active,49,1394.85
SUB-12905,Quill Partners,Growth,annual,United States,organic search,2025-07-05,,active,10,197.75
SUB-11455,Juniper Studio,Starter,monthly,United States,partner,2025-07-06,,active,4,42.05
SUB-11477,Vela Foods,Starter,monthly,United Kingdom,paid search,2025-07-06,2025-12-12,churned,6,50.75
SUB-12178,Nimbus Logistics,Growth,monthly,France,paid search,2025-07-06,,active,10,232.65
SUB-10600,Harbor Works,Starter,monthly,Germany,content,2025-07-07,2025-08-06,churned,5,46.4
SUB-10647,Atlas Partners,Growth,annual,United States,organic search,2025-07-07,,active,8,172.51
SUB-12349,Pine Health,Starter,annual,France,organic search,2025-07-07,,active,10,57.93
SUB-12350,Northwind Foods,Scale,annual,United States,content,2025-07-07,,active,21,468.35
SUB-12478,Quill Labs,Starter,annual,United States,organic search,2025-07-07,,active,2,28.35
SUB-10161,Kestrel Retail,Growth,annual,France,content,2025-07-08,,active,8,172.51
SUB-10462,Northwind Partners,Starter,monthly,United States,organic search,2025-07-08,,active,9,63.8
SUB-10486,Nimbus Labs,Growth,monthly,United States,outbound sales,2025-07-08,,active,4,143.55
SUB-10797,Nimbus Systems,Starter,monthly,Germany,partner,2025-07-08,,active,3,37.7
SUB-12131,Atlas Labs,Starter,monthly,United States,outbound sales,2025-07-08,,active,9,63.8
SUB-12944,Atlas Studio,Growth,monthly,United States,outbound sales,2025-07-08,,active,10,232.65
SUB-10014,Atlas Partners,Starter,annual,Brazil,organic search,2025-07-09,2025-09-06,churned,5,39.44
SUB-10146,Juniper Studio,Growth,monthly,United States,outbound sales,2025-07-09,,active,4,143.55
SUB-10676,Juniper Partners,Starter,monthly,France,paid search,2025-07-09,,active,7,55.1
SUB-10900,Acme Partners,Starter,monthly,India,referral,2025-07-09,,active,6,50.75
SUB-11050,Northwind Studio,Scale,monthly,United States,partner,2025-07-09,,active,31,671
SUB-11263,Copper Labs,Starter,annual,United States,organic search,2025-07-09,,active,5,39.44
SUB-12607,Pine Works,Starter,annual,Germany,paid search,2025-07-09,,active,1,24.65
SUB-10058,Fable Health,Starter,monthly,United States,organic search,2025-07-10,,active,7,55.1
SUB-10663,Acme Systems,Growth,monthly,United States,referral,2025-07-10,,active,10,232.65
SUB-10807,Northwind Labs,Growth,annual,United States,organic search,2025-07-10,2025-09-07,churned,3,109.4
SUB-10930,Copper Health,Starter,monthly,France,outbound sales,2025-07-10,,active,9,63.8
SUB-11901,Pine Partners,Growth,annual,United States,outbound sales,2025-07-10,,active,4,122.02
SUB-11926,Bluebird Health,Starter,monthly,United States,paid search,2025-07-10,,active,3,37.7
SUB-13029,Pine Health,Starter,annual,United Kingdom,organic search,2025-07-10,,active,8,50.53
SUB-10816,Bluebird Foods,Growth,annual,United States,paid search,2025-07-11,,active,10,197.75
SUB-11264,Bluebird Systems,Growth,annual,India,partner,2025-07-11,,active,7,159.89
SUB-11931,Harbor Logistics,Growth,monthly,United States,content,2025-07-11,,active,9,217.8
SUB-12284,Orbit Studio,Starter,annual,Japan,content,2025-07-11,,active,8,50.53
SUB-12653,Pine Logistics,Starter,monthly,Brazil,referral,2025-07-11,,active,6,50.75
SUB-10637,Harbor Logistics,Enterprise,monthly,Germany,paid search,2025-07-12,,active,89,2001
SUB-10343,Atlas Works,Scale,annual,United States,paid search,2025-07-13,,active,23,488.75
SUB-12310,Copper Works,Starter,annual,United States,referral,2025-07-13,,active,8,50.53
SUB-12424,Northwind Health,Starter,monthly,Canada,paid search,2025-07-13,,active,4,42.05
SUB-12451,Vela Retail,Scale,monthly,Japan,organic search,2025-07-13,,active,35,719
SUB-12946,Bluebird Retail,Growth,annual,United Kingdom,organic search,2025-07-13,,active,2,96.77
SUB-10067,Fable Studio,Growth,annual,India,outbound sales,2025-07-14,,active,2,96.77
SUB-10077,Orbit Systems,Growth,annual,Germany,content,2025-07-14,,active,2,96.77
SUB-11058,Nimbus Systems,Starter,monthly,India,referral,2025-07-14,2025-11-04,churned,6,50.75
SUB-11967,Atlas Health,Starter,monthly,Germany,outbound sales,2025-07-14,,active,9,63.8
SUB-12899,Nimbus Foods,Starter,monthly,India,content,2025-07-14,2025-11-08,churned,2,33.35
SUB-11490,Northwind Studio,Starter,monthly,Germany,paid search,2025-07-15,,active,2,33.35
SUB-12404,Fable Partners,Starter,annual,United States,paid search,2025-07-15,,active,10,57.93
SUB-12777,Acme Labs,Enterprise,annual,Germany,content,2025-07-15,,active,36,1295.4
SUB-13056,Harbor Labs,Starter,monthly,Canada,paid search,2025-07-15,,active,9,63.8
SUB-10909,Copper Health,Scale,annual,United States,paid search,2025-07-16,,active,40,662.15
SUB-10982,Nimbus Analytics,Growth,annual,United States,organic search,2025-07-16,,active,1,84.15
SUB-12045,Orbit Partners,Starter,monthly,India,outbound sales,2025-07-16,2025-08-15,churned,8,59.45
SUB-13070,Orbit Logistics,Scale,annual,United States,partner,2025-07-16,,active,6,315.35
SUB-10325,Harbor Labs,Starter,monthly,United States,organic search,2025-07-17,2025-10-25,churned,1,29
SUB-10533,Juniper Systems,Scale,monthly,India,partner,2025-07-17,,active,40,779
SUB-10616,Pine Analytics,Starter,monthly,United States,outbound sales,2025-07-17,,active,10,68.15
SUB-11075,Acme Foods,Starter,monthly,United States,organic search,2025-07-17,2025-09-04,churned,2,33.35
SUB-11937,Acme Logistics,Starter,monthly,United States,paid search,2025-07-17,,active,6,50.75
SUB-13185,Pine Analytics,Growth,monthly,France,referral,2025-07-17,,active,1,99
SUB-10393,Juniper Logistics,Growth,monthly,United States,paid search,2025-07-18,,active,4,143.55
SUB-11008,Acme Works,Enterprise,monthly,Canada,outbound sales,2025-07-18,,active,57,1713
SUB-12150,Orbit Studio,Enterprise,monthly,Canada,paid search,2025-07-18,,active,132,2388
SUB-12314,Vela Analytics,Starter,monthly,United States,organic search,2025-07-18,,active,4,42.05
SUB-12878,Quill Retail,Growth,annual,United Kingdom,outbound sales,2025-07-18,,active,10,197.75
SUB-12998,Lumen Foods,Starter,monthly,Japan,organic search,2025-07-18,,active,4,42.05
SUB-10018,Bluebird Retail,Growth,annual,United States,organic search,2025-07-19,,active,4,122.02
SUB-12037,Vela Logistics,Scale,monthly,United Kingdom,referral,2025-07-19,,active,28,635
SUB-12115,Copper Health,Starter,monthly,Canada,content,2025-07-19,,active,5,46.4
SUB-12600,Nimbus Retail,Enterprise,annual,Germany,content,2025-07-19,,active,45,1364.25
SUB-10240,Acme Health,Scale,annual,United States,paid search,2025-07-20,,active,12,376.55
SUB-10254,Northwind Retail,Starter,monthly,United Kingdom,paid search,2025-07-20,,active,9,63.8
SUB-10314,Orbit Health,Growth,monthly,United States,referral,2025-07-20,,active,9,217.8
SUB-10884,Acme Systems,Scale,monthly,India,paid search,2025-07-20,,active,43,815
SUB-11186,Fable Labs,Growth,annual,Canada,paid search,2025-07-20,,active,1,84.15
SUB-12493,Bluebird Foods,Starter,monthly,United Kingdom,referral,2025-07-20,,active,6,50.75
SUB-10007,Quill Works,Scale,monthly,United States,organic search,2025-07-21,,active,15,479
SUB-10116,Nimbus Studio,Growth,annual,United States,organic search,2025-07-21,,active,8,172.51
SUB-10119,Juniper Health,Starter,monthly,United States,organic search,2025-07-21,,active,7,55.1
SUB-10299,Bluebird Works,Growth,monthly,United States,referral,2025-07-21,,active,3,128.7
SUB-10826,Copper Foods,Growth,annual,Brazil,organic search,2025-07-21,,active,3,109.4
SUB-10906,Orbit Health,Growth,monthly,United States,referral,2025-07-21,,active,6,173.25
SUB-10966,Bluebird Labs,Growth,annual,United Kingdom,paid search,2025-07-21,,active,6,147.26
SUB-11639,Atlas Works,Growth,monthly,United Kingdom,organic search,2025-07-21,,active,3,128.7
SUB-12048,Nimbus Foods,Starter,annual,United States,partner,2025-07-21,,active,2,28.35
SUB-10050,Quill Labs,Starter,monthly,Germany,content,2025-07-22,,active,1,29
SUB-10379,Quill Logistics,Starter,monthly,Canada,partner,2025-07-22,,active,2,33.35
SUB-10775,Kestrel Works,Starter,annual,United States,organic search,2025-07-22,,active,6,43.14
SUB-10836,Copper Health,Growth,annual,United Kingdom,outbound sales,2025-07-22,,active,2,96.77
SUB-11845,Juniper Retail,Starter,monthly,United States,outbound sales,2025-07-22,,active,3,37.7
SUB-11989,Fable Analytics,Starter,monthly,United States,paid search,2025-07-22,2025-08-21,churned,7,55.1
SUB-10890,Lumen Retail,Scale,monthly,Germany,outbound sales,2025-07-23,,active,36,731
SUB-11133,Quill Labs,Scale,monthly,United States,organic search,2025-07-23,,active,38,755
SUB-11196,Kestrel Health,Scale,monthly,United Kingdom,referral,2025-07-23,,active,26,611
SUB-12462,Quill Labs,Enterprise,annual,United Kingdom,organic search,2025-07-23,,active,106,1830.9
SUB-12767,Pine Retail,Starter,monthly,United States,organic search,2025-07-23,,active,1,29
SUB-11619,Harbor Analytics,Starter,monthly,United States,paid search,2025-07-24,,active,3,37.7
SUB-12613,Pine Studio,Starter,annual,Japan,organic search,2025-07-24,,active,6,43.14
SUB-12637,Atlas Partners,Enterprise,monthly,Japan,partner,2025-07-24,,active,70,1830
SUB-12801,Lumen Systems,Starter,monthly,Japan,paid search,2025-07-24,,active,1,29
SUB-10296,Northwind Retail,Growth,annual,United States,content,2025-07-25,,active,8,172.51
SUB-11175,Lumen Systems,Growth,monthly,United States,partner,2025-07-25,,active,1,99
SUB-11532,Harbor Analytics,Scale,annual,Germany,referral,2025-07-25,,active,41,672.35
SUB-12317,Bluebird Retail,Scale,annual,Germany,organic search,2025-07-25,,active,17,427.55
SUB-10104,Bluebird Analytics,Starter,annual,United States,outbound sales,2025-07-26,,active,7,46.83
SUB-10263,Northwind Studio,Starter,monthly,United Kingdom,organic search,2025-07-26,,active,6,50.75
SUB-12582,Pine Health,Growth,annual,United Kingdom,organic search,2025-07-26,,active,1,84.15
SUB-10394,Pine Labs,Starter,annual,United Kingdom,paid search,2025-07-27,2025-11-28,churned,5,39.44
SUB-11300,Juniper Partners,Growth,annual,United Kingdom,organic search,2025-07-27,,active,8,172.51
SUB-11697,Copper Logistics,Growth,annual,India,organic search,2025-07-27,,active,2,96.77
SUB-12057,Lumen Studio,Growth,monthly,Brazil,paid search,2025-07-27,,active,4,143.55
SUB-12661,Fable Works,Growth,annual,United States,referral,2025-07-27,,active,3,109.4
SUB-12690,Lumen Works,Starter,monthly,United States,partner,2025-07-27,,active,4,42.05
SUB-12907,Orbit Studio,Scale,annual,India,partner,2025-07-27,,active,37,631.55
SUB-13177,Kestrel Logistics,Starter,monthly,United States,referral,2025-07-27,,active,2,33.35
SUB-10320,Bluebird Retail,Starter,monthly,Australia,paid search,2025-07-28,,active,10,68.15
SUB-10577,Bluebird Partners,Starter,monthly,India,content,2025-07-28,,active,9,63.8
SUB-10586,Juniper Systems,Enterprise,annual,United States,paid search,2025-07-28,,active,59,1471.35
SUB-10641,Orbit Partners,Growth,annual,United States,outbound sales,2025-07-28,,active,3,109.4
SUB-10789,Pine Foods,Scale,monthly,India,paid search,2025-07-28,,active,41,791
SUB-11571,Bluebird Labs,Scale,monthly,United States,partner,2025-07-28,,active,15,479
SUB-11941,Copper Logistics,Scale,annual,United States,paid search,2025-07-28,,active,6,315.35
SUB-11961,Quill Retail,Starter,monthly,United States,referral,2025-07-28,,active,6,50.75
SUB-12153,Juniper Analytics,Starter,monthly,United States,organic search,2025-07-28,2025-08-27,churned,3,37.7
SUB-12747,Northwind Labs,Starter,monthly,France,outbound sales,2025-07-28,2025-12-06,churned,7,55.1
SUB-12851,Nimbus Labs,Growth,annual,Australia,organic search,2025-07-28,2025-09-01,churned,6,147.26
SUB-12873,Nimbus Logistics,Growth,annual,United States,partner,2025-07-28,,active,7,159.89
SUB-12906,Acme Retail,Starter,monthly,United States,paid search,2025-07-28,,active,6,50.75
SUB-10037,Kestrel Foods,Growth,monthly,Canada,paid search,2025-07-29,,active,4,143.55
SUB-10580,Bluebird Health,Scale,monthly,Germany,paid search,2025-07-29,,active,16,491
SUB-10758,Pine Partners,Scale,monthly,India,referral,2025-07-29,,active,20,539
SUB-11833,Juniper Retail,Growth,monthly,Japan,paid search,2025-07-29,,active,3,128.7
SUB-12855,Quill Works,Starter,monthly,Germany,organic search,2025-07-29,,active,10,68.15
SUB-13112,Bluebird Foods,Growth,monthly,United States,paid search,2025-07-29,,active,2,113.85
SUB-10069,Bluebird Labs,Scale,monthly,India,organic search,2025-07-30,,active,22,563
SUB-10351,Atlas Health,Growth,annual,Germany,content,2025-07-30,,active,3,109.4
SUB-10432,Vela Retail,Scale,monthly,Germany,paid search,2025-07-30,,active,40,779
SUB-10947,Acme Health,Starter,monthly,Japan,organic search,2025-07-30,,active,2,33.35
SUB-11015,Nimbus Labs,Growth,annual,United States,outbound sales,2025-07-30,,active,5,134.64
SUB-12367,Quill Logistics,Starter,monthly,Canada,organic search,2025-07-30,,active,9,63.8
SUB-10225,Juniper Analytics,Starter,monthly,France,organic search,2025-07-31,,active,6,50.75
SUB-10233,Juniper Systems,Starter,annual,Brazil,outbound sales,2025-07-31,,active,10,57.93
SUB-10546,Nimbus Labs,Scale,annual,United Kingdom,paid search,2025-07-31,,active,40,662.15
SUB-11224,Nimbus Works,Scale,monthly,United Kingdom,content,2025-07-31,,active,28,635
SUB-12215,Pine Logistics,Enterprise,monthly,Germany,outbound sales,2025-07-31,,active,22,1398
SUB-12459,Harbor Systems,Starter,monthly,United States,partner,2025-07-31,,active,5,46.4
SUB-11070,Juniper Labs,Growth,monthly,United Kingdom,paid search,2025-08-01,,active,3,128.7
SUB-11988,Quill Studio,Starter,annual,Germany,referral,2025-08-01,,active,3,32.05
SUB-10370,Copper Analytics,Growth,monthly,United States,outbound sales,2025-08-02,,active,2,113.85
SUB-10470,Juniper Health,Growth,annual,Japan,paid search,2025-08-02,,active,10,197.75
SUB-10749,Pine Works,Starter,monthly,India,outbound sales,2025-08-02,,active,7,55.1
SUB-10898,Lumen Works,Growth,monthly,India,referral,2025-08-02,,active,7,188.1
SUB-10948,Copper Foods,Growth,monthly,India,outbound sales,2025-08-02,,active,2,113.85
SUB-11158,Vela Foods,Starter,monthly,United States,organic search,2025-08-02,,active,1,29
SUB-12205,Pine Studio,Starter,monthly,India,partner,2025-08-02,,active,8,59.45
SUB-12840,Northwind Partners,Starter,monthly,United States,paid search,2025-08-02,,active,8,59.45
SUB-13184,Harbor Partners,Scale,annual,France,content,2025-08-02,,active,7,325.55
SUB-10285,Vela Analytics,Growth,monthly,United States,organic search,2025-08-03,,active,1,99
SUB-11021,Juniper Foods,Starter,annual,United States,organic search,2025-08-03,,active,5,39.44
SUB-11048,Orbit Health,Starter,annual,United States,paid search,2025-08-03,,active,6,43.14
SUB-12142,Atlas Works,Starter,annual,Japan,organic search,2025-08-03,,active,10,57.93
SUB-12461,Bluebird Retail,Scale,monthly,United States,organic search,2025-08-03,2025-11-10,churned,30,659
SUB-10013,Nimbus Analytics,Starter,monthly,Canada,paid search,2025-08-04,2025-12-09,churned,5,46.4
SUB-10283,Northwind Labs,Growth,annual,United Kingdom,referral,2025-08-04,,active,2,96.77
SUB-10674,Acme Foods,Growth,monthly,Germany,paid search,2025-08-04,,active,8,202.95
SUB-10338,Juniper Labs,Growth,annual,Japan,paid search,2025-08-05,,active,1,84.15
SUB-10726,Pine Studio,Enterprise,monthly,United States,partner,2025-08-05,,active,171,2739
SUB-11114,Copper Labs,Scale,monthly,Germany,outbound sales,2025-08-05,,active,31,671
SUB-12386,Juniper Studio,Starter,monthly,United States,outbound sales,2025-08-05,,active,8,59.45
SUB-12687,Bluebird Foods,Scale,monthly,India,outbound sales,2025-08-05,2025-12-25,churned,18,515
SUB-10009,Harbor Retail,Starter,monthly,Germany,paid search,2025-08-06,,active,8,59.45
SUB-10035,Bluebird Analytics,Starter,monthly,United States,organic search,2025-08-06,,active,10,68.15
SUB-11104,Harbor Systems,Starter,annual,United States,referral,2025-08-07,,active,7,46.83
SUB-12571,Lumen Studio,Starter,monthly,India,referral,2025-08-07,,active,1,29
SUB-10824,Harbor Foods,Starter,monthly,Australia,paid search,2025-08-08,,active,3,37.7
SUB-10917,Atlas Retail,Growth,annual,Germany,paid search,2025-08-08,,active,8,172.51
SUB-11334,Fable Analytics,Starter,annual,Japan,partner,2025-08-08,,active,7,46.83
SUB-12074,Kestrel Systems,Starter,monthly,India,content,2025-08-08,,active,8,59.45
SUB-12233,Kestrel Retail,Scale,monthly,United States,organic search,2025-08-08,,active,38,755
SUB-12337,Pine Retail,Starter,monthly,United States,organic search,2025-08-08,2025-11-13,churned,6,50.75
SUB-12371,Kestrel Foods,Starter,monthly,United States,organic search,2025-08-08,,active,10,68.15
SUB-12501,Northwind Foods,Growth,monthly,United States,organic search,2025-08-08,,active,10,232.65
SUB-12516,Juniper Studio,Growth,monthly,United States,organic search,2025-08-08,,active,6,173.25
SUB-12524,Nimbus Systems,Growth,monthly,United Kingdom,organic search,2025-08-08,,active,8,202.95
SUB-10888,Pine Logistics,Growth,monthly,Germany,organic search,2025-08-09,,active,4,143.55
SUB-11106,Northwind Labs,Starter,monthly,Germany,organic search,2025-08-09,,active,1,29
SUB-12139,Acme Works,Starter,annual,United States,outbound sales,2025-08-09,,active,1,24.65
SUB-12285,Fable Logistics,Scale,annual,United States,organic search,2025-08-09,,active,42,682.55
SUB-12981,Acme Works,Growth,annual,United States,content,2025-08-09,,active,9,185.13
SUB-11234,Orbit Systems,Growth,monthly,Japan,organic search,2025-08-10,2025-09-29,churned,3,128.7
SUB-11497,Juniper Labs,Scale,monthly,United States,referral,2025-08-10,,active,17,503
SUB-11786,Lumen Studio,Growth,annual,United States,organic search,2025-08-10,,active,9,185.13
SUB-12273,Kestrel Logistics,Starter,annual,United States,outbound sales,2025-08-10,,active,3,32.05
SUB-12347,Acme Labs,Starter,monthly,United States,content,2025-08-10,2025-09-09,churned,9,63.8
SUB-12434,Copper Health,Growth,monthly,United States,partner,2025-08-10,,active,6,173.25
SUB-12915,Acme Logistics,Enterprise,monthly,United States,organic search,2025-08-10,,active,133,2397
SUB-13117,Lumen Health,Starter,annual,United States,outbound sales,2025-08-10,,active,5,39.44
SUB-10998,Nimbus Foods,Starter,monthly,United States,referral,2025-08-11,,active,9,63.8
SUB-11456,Harbor Studio,Scale,monthly,Germany,referral,2025-08-11,,active,11,431
SUB-11903,Bluebird Partners,Starter,monthly,India,organic search,2025-08-11,,active,7,55.1
SUB-12678,Lumen Labs,Growth,annual,Australia,referral,2025-08-11,,active,4,122.02
SUB-12932,Acme Retail,Starter,monthly,United States,paid search,2025-08-11,,active,3,37.7
SUB-10361,Atlas Analytics,Starter,annual,Brazil,outbound sales,2025-08-12,,active,7,46.83
SUB-11425,Lumen Foods,Growth,annual,Germany,outbound sales,2025-08-12,,active,9,185.13
SUB-11852,Bluebird Systems,Growth,monthly,Brazil,paid search,2025-08-12,2025-12-11,churned,9,217.8
SUB-11878,Northwind Foods,Growth,monthly,United States,partner,2025-08-12,,active,2,113.85
SUB-12087,Bluebird Logistics,Growth,monthly,India,referral,2025-08-12,,active,3,128.7
SUB-12794,Lumen Analytics,Enterprise,monthly,Brazil,referral,2025-08-12,,active,129,2361
SUB-13021,Harbor Analytics,Starter,monthly,Brazil,paid search,2025-08-12,,active,10,68.15
SUB-10054,Fable Systems,Starter,annual,United Kingdom,outbound sales,2025-08-14,,active,8,50.53
SUB-10671,Quill Studio,Growth,monthly,Germany,paid search,2025-08-14,2025-09-26,churned,7,188.1
SUB-10675,Quill Health,Starter,monthly,Australia,paid search,2025-08-14,,active,4,42.05
SUB-11210,Quill Works,Starter,monthly,United States,organic search,2025-08-14,2025-12-12,churned,4,42.05
SUB-11284,Lumen Labs,Scale,monthly,Australia,referral,2025-08-14,,active,9,407
SUB-11641,Atlas Logistics,Growth,annual,United States,organic search,2025-08-14,,active,2,96.77
SUB-11696,Fable Foods,Starter,monthly,United States,outbound sales,2025-08-14,,active,3,37.7
SUB-11918,Juniper Logistics,Starter,annual,France,content,2025-08-14,,active,5,39.44
SUB-12119,Acme Labs,Starter,monthly,United Kingdom,content,2025-08-14,,active,2,33.35
SUB-13088,Pine Retail,Starter,monthly,United Kingdom,organic search,2025-08-14,,active,2,33.35
SUB-10689,Northwind Health,Enterprise,monthly,Australia,content,2025-08-15,,active,114,2226
SUB-12147,Nimbus Systems,Starter,monthly,India,outbound sales,2025-08-15,2025-10-08,churned,1,29
SUB-12427,Kestrel Analytics,Starter,monthly,United Kingdom,organic search,2025-08-15,,active,10,68.15
SUB-12460,Copper Labs,Growth,monthly,Japan,organic search,2025-08-15,,active,4,143.55
SUB-12592,Acme Labs,Starter,monthly,Canada,paid search,2025-08-15,,active,3,37.7
SUB-10919,Copper Retail,Enterprise,annual,India,organic search,2025-08-16,,active,172,2335.8
SUB-11422,Acme Retail,Growth,annual,Germany,outbound sales,2025-08-16,,active,1,84.15
SUB-11488,Northwind Studio,Starter,annual,United States,paid search,2025-08-16,,active,7,46.83
SUB-12144,Juniper Works,Scale,monthly,United Kingdom,organic search,2025-08-16,,active,35,719
SUB-12278,Northwind Systems,Growth,annual,United Kingdom,content,2025-08-16,2025-10-03,churned,8,172.51
SUB-12664,Lumen Partners,Starter,monthly,United Kingdom,paid search,2025-08-16,2025-09-15,churned,5,46.4
SUB-10540,Harbor Retail,Starter,monthly,United Kingdom,referral,2025-08-17,,active,2,33.35
SUB-11276,Lumen Partners,Starter,monthly,United Kingdom,outbound sales,2025-08-17,,active,2,33.35
SUB-11281,Acme Foods,Starter,monthly,United States,paid search,2025-08-17,,active,8,59.45
SUB-11349,Fable Retail,Scale,monthly,Canada,organic search,2025-08-17,,active,14,467
SUB-11689,Kestrel Systems,Scale,annual,United States,partner,2025-08-18,,active,32,580.55
SUB-12417,Harbor Studio,Scale,annual,United Kingdom,partner,2025-08-18,,active,18,437.75
SUB-12535,Vela Labs,Starter,monthly,India,content,2025-08-18,,active,6,50.75
SUB-12898,Pine Partners,Growth,monthly,Japan,outbound sales,2025-08-18,2025-10-24,churned,10,232.65
SUB-11949,Juniper Health,Starter,monthly,United States,organic search,2025-08-19,,active,3,37.7
SUB-12353,Pine Analytics,Starter,monthly,Germany,partner,2025-08-19,2025-12-05,churned,5,46.4
SUB-11371,Atlas Health,Starter,monthly,India,content,2025-08-20,,active,5,46.4
SUB-11388,Bluebird Analytics,Starter,annual,Japan,outbound sales,2025-08-20,,active,5,39.44
SUB-11529,Atlas Foods,Starter,monthly,Brazil,paid search,2025-08-20,,active,9,63.8
SUB-11722,Bluebird Studio,Scale,annual,United States,organic search,2025-08-20,,active,8,335.75
SUB-11983,Copper Logistics,Growth,monthly,India,outbound sales,2025-08-20,,active,3,128.7
SUB-12223,Lumen Labs,Starter,annual,India,outbound sales,2025-08-20,,active,8,50.53
SUB-10039,Kestrel Labs,Growth,monthly,United States,organic search,2025-08-21,,active,7,188.1
SUB-10228,Orbit Partners,Starter,annual,United States,outbound sales,2025-08-21,,active,9,54.23
SUB-10382,Copper Analytics,Growth,annual,United Kingdom,partner,2025-08-21,,active,9,185.13
SUB-10987,Pine Works,Starter,monthly,Canada,outbound sales,2025-08-21,,active,1,29
SUB-11013,Orbit Analytics,Starter,annual,United Kingdom,organic search,2025-08-21,,active,10,57.93
SUB-11237,Harbor Retail,Starter,monthly,India,partner,2025-08-21,,active,9,63.8
SUB-11715,Atlas Studio,Growth,annual,Japan,content,2025-08-21,,active,7,159.89
SUB-11795,Northwind Partners,Starter,monthly,France,content,2025-08-21,,active,5,46.4
SUB-12100,Nimbus Systems,Starter,annual,United States,paid search,2025-08-21,,active,6,43.14
SUB-10848,Quill Health,Growth,monthly,United States,outbound sales,2025-08-22,,active,3,128.7
SUB-11235,Kestrel Logistics,Scale,monthly,United States,partner,2025-08-22,,active,30,659
SUB-12162,Northwind Logistics,Starter,monthly,Australia,referral,2025-08-22,,active,2,33.35
SUB-10714,Acme Works,Scale,annual,United States,paid search,2025-08-23,,active,18,437.75
SUB-11756,Harbor Works,Scale,annual,Japan,paid search,2025-08-23,,active,12,376.55
SUB-12398,Lumen Foods,Starter,monthly,Canada,partner,2025-08-23,,active,4,42.05
SUB-12568,Northwind Analytics,Growth,annual,United States,paid search,2025-08-23,,active,9,185.13
SUB-10030,Harbor Foods,Starter,monthly,United States,content,2025-08-24,,active,6,50.75
SUB-10579,Lumen Systems,Starter,monthly,United States,referral,2025-08-24,,active,5,46.4
SUB-10929,Acme Retail,Starter,monthly,India,paid search,2025-08-24,,active,10,68.15
SUB-11125,Orbit Labs,Growth,annual,United Kingdom,paid search,2025-08-24,,active,2,96.77
SUB-11442,Juniper Foods,Starter,monthly,Germany,content,2025-08-24,2025-09-23,churned,3,37.7
SUB-11547,Vela Logistics,Enterprise,annual,United States,partner,2025-08-24,,active,65,1517.25
SUB-11593,Quill Systems,Growth,annual,Japan,paid search,2025-08-24,,active,7,159.89
SUB-10683,Orbit Health,Starter,monthly,United States,paid search,2025-08-25,,active,9,63.8
SUB-10743,Pine Works,Growth,annual,Canada,paid search,2025-08-25,,active,10,197.75
SUB-11807,Quill Studio,Starter,annual,Germany,organic search,2025-08-25,,active,5,39.44
SUB-12072,Nimbus Partners,Starter,annual,Australia,paid search,2025-08-25,,active,8,50.53
SUB-12973,Pine Works,Scale,annual,Canada,organic search,2025-08-25,,active,41,672.35
SUB-13018,Orbit Foods,Growth,annual,India,organic search,2025-08-25,,active,1,84.15
SUB-11489,Kestrel Studio,Starter,monthly,Brazil,organic search,2025-08-26,,active,10,68.15
SUB-12782,Bluebird Systems,Growth,monthly,Brazil,outbound sales,2025-08-26,,active,5,158.4
SUB-10330,Kestrel Systems,Starter,monthly,United States,outbound sales,2025-08-27,,active,6,50.75
SUB-10487,Atlas Health,Scale,monthly,United States,partner,2025-08-27,,active,37,743
SUB-11253,Quill Foods,Starter,monthly,United States,content,2025-08-27,2025-11-07,churned,7,55.1
SUB-12492,Orbit Analytics,Starter,monthly,United States,paid search,2025-08-27,,active,7,55.1
SUB-10993,Bluebird Labs,Starter,annual,India,outbound sales,2025-08-28,2025-12-14,churned,1,24.65
SUB-11437,Bluebird Retail,Growth,monthly,Australia,paid search,2025-08-28,,active,5,158.4
SUB-11777,Fable Logistics,Scale,monthly,India,paid search,2025-08-28,,active,17,503
SUB-12012,Orbit Systems,Scale,monthly,Germany,referral,2025-08-28,,active,7,383
SUB-12336,Harbor Partners,Growth,monthly,United States,organic search,2025-08-28,,active,1,99
SUB-11118,Copper Labs,Starter,monthly,United States,paid search,2025-08-29,,active,8,59.45
SUB-12282,Quill Analytics,Starter,monthly,Germany,referral,2025-08-29,,active,1,29
SUB-12948,Kestrel Logistics,Growth,annual,United States,referral,2025-08-29,,active,7,159.89
SUB-12967,Fable Retail,Starter,annual,India,organic search,2025-08-29,,active,9,54.23
SUB-11343,Harbor Systems,Growth,monthly,United Kingdom,referral,2025-08-30,,active,7,188.1
SUB-11873,Quill Studio,Starter,annual,Australia,paid search,2025-08-30,,active,10,57.93
SUB-12029,Copper Retail,Starter,monthly,France,referral,2025-08-30,,active,4,42.05
SUB-12710,Juniper Analytics,Enterprise,annual,United Kingdom,referral,2025-08-30,,active,98,1769.7
SUB-12726,Orbit Works,Enterprise,monthly,Canada,organic search,2025-08-30,,active,71,1839
SUB-10742,Quill Studio,Starter,annual,Canada,outbound sales,2025-08-31,,active,7,46.83
SUB-11993,Bluebird Health,Enterprise,monthly,United Kingdom,paid search,2025-08-31,,active,30,1470
SUB-13010,Juniper Analytics,Scale,monthly,United States,paid search,2025-08-31,,active,32,683
SUB-10728,Pine Analytics,Starter,annual,France,paid search,2025-09-01,,active,4,35.74
SUB-11731,Northwind Logistics,Growth,annual,United States,organic search,2025-09-01,,active,4,122.02
SUB-10412,Acme Works,Growth,annual,Brazil,organic search,2025-09-02,,active,3,109.4
SUB-10732,Vela Analytics,Scale,annual,United Kingdom,content,2025-09-02,,active,9,345.95
SUB-11236,Acme Studio,Enterprise,monthly,United States,organic search,2025-09-02,,active,155,2595
SUB-11394,Vela Partners,Scale,annual,United States,paid search,2025-09-02,,active,11,366.35
SUB-11416,Nimbus Studio,Starter,annual,Germany,outbound sales,2025-09-02,,active,10,57.93
SUB-10217,Atlas Systems,Starter,monthly,India,paid search,2025-09-03,,active,7,55.1
SUB-10763,Juniper Works,Starter,monthly,Germany,outbound sales,2025-09-03,,active,6,50.75
SUB-10928,Bluebird Labs,Growth,annual,Canada,organic search,2025-09-03,,active,4,122.02
SUB-11930,Copper Health,Starter,monthly,Japan,organic search,2025-09-03,,active,5,46.4
SUB-10341,Atlas Analytics,Growth,monthly,Australia,paid search,2025-09-04,,active,4,143.55
SUB-11638,Quill Works,Scale,monthly,Canada,paid search,2025-09-04,,active,38,755
SUB-11726,Nimbus Works,Growth,annual,United States,content,2025-09-04,,active,8,172.51
SUB-12058,Kestrel Labs,Enterprise,annual,Australia,partner,2025-09-04,,active,84,1662.6
SUB-12587,Atlas Analytics,Growth,monthly,Germany,referral,2025-09-04,,active,3,128.7
SUB-10566,Pine Analytics,Growth,monthly,United States,organic search,2025-09-05,2025-10-05,churned,2,113.85
SUB-10902,Vela Works,Growth,monthly,India,partner,2025-09-05,,active,10,232.65
SUB-11045,Lumen Works,Growth,monthly,United States,paid search,2025-09-05,,active,2,113.85
SUB-10791,Lumen Health,Starter,annual,United States,organic search,2025-09-06,,active,8,50.53
SUB-11438,Fable Studio,Starter,annual,United States,outbound sales,2025-09-06,,active,1,24.65
SUB-11647,Atlas Systems,Starter,monthly,United States,outbound sales,2025-09-06,,active,9,63.8
SUB-11707,Pine Health,Enterprise,annual,United Kingdom,organic search,2025-09-06,,active,146,2136.9
SUB-12620,Atlas Health,Starter,annual,Brazil,outbound sales,2025-09-06,,active,5,39.44
SUB-10782,Copper Works,Starter,monthly,Australia,organic search,2025-09-07,,active,1,29
SUB-12457,Vela Retail,Starter,annual,Japan,partner,2025-09-07,,active,2,28.35
SUB-12619,Northwind Partners,Starter,monthly,United States,referral,2025-09-07,,active,8,59.45
SUB-10256,Kestrel Labs,Growth,annual,Brazil,paid search,2025-09-08,,active,3,109.4
SUB-11651,Vela Studio,Scale,monthly,Canada,referral,2025-09-08,,active,10,419
SUB-10860,Northwind Logistics,Scale,monthly,France,partner,2025-09-09,,active,44,827
SUB-11218,Nimbus Partners,Starter,annual,United Kingdom,organic search,2025-09-09,,active,7,46.83
SUB-11295,Pine Works,Starter,monthly,Australia,organic search,2025-09-09,,active,2,33.35
SUB-11419,Vela Logistics,Starter,monthly,Brazil,paid search,2025-09-09,,active,5,46.4
SUB-11446,Pine Foods,Starter,monthly,India,referral,2025-09-09,,active,9,63.8
SUB-11447,Copper Analytics,Starter,monthly,India,organic search,2025-09-09,,active,9,63.8
SUB-12715,Quill Foods,Scale,annual,Japan,paid search,2025-09-09,,active,12,376.55
SUB-12766,Bluebird Systems,Scale,annual,United Kingdom,organic search,2025-09-09,,active,21,468.35
SUB-12819,Pine Logistics,Growth,monthly,Canada,organic search,2025-09-09,,active,10,232.65
SUB-10041,Lumen Foods,Starter,annual,France,content,2025-09-10,,active,2,28.35
SUB-11492,Nimbus Labs,Scale,monthly,United States,referral,2025-09-10,,active,14,467
SUB-11869,Nimbus Logistics,Starter,monthly,Germany,paid search,2025-09-10,,active,9,63.8
SUB-12009,Atlas Retail,Starter,monthly,United States,partner,2025-09-10,,active,10,68.15
SUB-12805,Lumen Partners,Growth,monthly,India,outbound sales,2025-09-10,,active,6,173.25
SUB-13087,Lumen Foods,Growth,monthly,United Kingdom,paid search,2025-09-10,,active,6,173.25
SUB-10364,Quill Studio,Growth,monthly,Australia,paid search,2025-09-11,,active,9,217.8
SUB-10857,Juniper Labs,Growth,monthly,United States,referral,2025-09-11,,active,10,232.65
SUB-11840,Pine Foods,Scale,monthly,United States,paid search,2025-09-11,,active,19,527
SUB-13034,Acme Studio,Starter,monthly,India,referral,2025-09-11,,active,9,63.8
SUB-10503,Fable Health,Starter,monthly,Brazil,outbound sales,2025-09-12,,active,10,68.15
SUB-11646,Bluebird Labs,Growth,annual,India,paid search,2025-09-12,,active,2,96.77
SUB-12173,Fable Studio,Growth,monthly,United States,organic search,2025-09-12,,active,5,158.4
SUB-12467,Kestrel Retail,Scale,monthly,United Kingdom,organic search,2025-09-12,,active,10,419
SUB-10635,Pine Labs,Starter,annual,United States,partner,2025-09-13,,active,7,46.83
SUB-10840,Vela Analytics,Scale,monthly,United States,outbound sales,2025-09-13,,active,6,371
SUB-11661,Nimbus Health,Starter,monthly,Germany,partner,2025-09-13,,active,8,59.45
SUB-12016,Vela Works,Starter,monthly,Japan,referral,2025-09-13,,active,5,46.4
SUB-12771,Atlas Labs,Scale,monthly,Australia,referral,2025-09-13,,active,23,575
SUB-13158,Kestrel Foods,Starter,annual,United States,paid search,2025-09-13,,active,2,28.35
SUB-10684,Kestrel Logistics,Growth,monthly,United States,paid search,2025-09-14,,active,8,202.95
SUB-11352,Orbit Works,Starter,monthly,Canada,content,2025-09-14,,active,4,42.05
SUB-11591,Vela Retail,Starter,annual,United States,paid search,2025-09-14,,active,5,39.44
SUB-11687,Harbor Retail,Starter,monthly,United States,organic search,2025-09-14,,active,5,46.4
SUB-11948,Nimbus Studio,Starter,monthly,United States,paid search,2025-09-14,,active,3,37.7
SUB-10887,Lumen Systems,Growth,monthly,Germany,paid search,2025-09-15,,active,10,232.65
SUB-11060,Northwind Foods,Growth,monthly,India,referral,2025-09-15,,active,2,113.85
SUB-11084,Pine Analytics,Starter,monthly,India,paid search,2025-09-15,,active,7,55.1
SUB-11149,Lumen Systems,Starter,annual,Australia,outbound sales,2025-09-15,,active,1,24.65
SUB-11895,Pine Systems,Growth,monthly,India,outbound sales,2025-09-15,2025-11-12,churned,7,188.1
SUB-11990,Lumen Foods,Scale,monthly,India,partner,2025-09-15,,active,31,671
SUB-12199,Atlas Retail,Growth,annual,United States,paid search,2025-09-15,,active,6,147.26
SUB-12683,Copper Studio,Starter,annual,United Kingdom,paid search,2025-09-15,,active,3,32.05
SUB-13120,Lumen Studio,Starter,annual,United States,outbound sales,2025-09-15,,active,7,46.83
SUB-13171,Pine Retail,Enterprise,monthly,United States,content,2025-09-15,,active,195,2955
SUB-10402,Lumen Foods,Starter,monthly,United States,content,2025-09-16,,active,6,50.75
SUB-10592,Acme Works,Enterprise,annual,United Kingdom,outbound sales,2025-09-16,,active,60,1479
SUB-11395,Harbor Retail,Starter,annual,United States,organic search,2025-09-16,,active,6,43.14
SUB-11473,Vela Foods,Scale,annual,United States,paid search,2025-09-16,,active,32,580.55
SUB-12420,Atlas Health,Scale,annual,India,paid search,2025-09-16,,active,27,529.55
SUB-12681,Kestrel Analytics,Growth,monthly,India,partner,2025-09-16,,active,6,173.25
SUB-13023,Orbit Foods,Starter,monthly,India,content,2025-09-16,,active,3,37.7
SUB-13161,Acme Partners,Starter,monthly,India,paid search,2025-09-16,,active,2,33.35
SUB-10795,Atlas Retail,Enterprise,monthly,United Kingdom,organic search,2025-09-17,,active,134,2406
SUB-10813,Quill Studio,Starter,monthly,United States,paid search,2025-09-17,,active,2,33.35
SUB-11466,Kestrel Health,Scale,annual,India,paid search,2025-09-17,,active,16,417.35
SUB-12722,Acme Partners,Scale,annual,United States,partner,2025-09-18,,active,19,447.95
SUB-12468,Pine Works,Starter,annual,Australia,paid search,2025-09-19,,active,6,43.14
SUB-12943,Copper Works,Starter,annual,India,content,2025-09-19,,active,6,43.14
SUB-10951,Copper Works,Starter,annual,Germany,outbound sales,2025-09-20,2025-11-28,churned,3,32.05
SUB-11225,Copper Systems,Scale,annual,India,referral,2025-09-20,,active,16,417.35
SUB-11813,Juniper Studio,Starter,monthly,United States,organic search,2025-09-20,,active,3,37.7
SUB-11973,Acme Partners,Starter,annual,United Kingdom,organic search,2025-09-20,2025-11-28,churned,7,46.83
SUB-12075,Harbor Health,Growth,monthly,Australia,organic search,2025-09-20,,active,5,158.4
SUB-12787,Nimbus Partners,Starter,monthly,Germany,content,2025-09-20,,active,6,50.75
SUB-12843,Bluebird Systems,Growth,monthly,United States,content,2025-09-20,2025-10-26,churned,4,143.55
SUB-13016,Orbit Systems,Scale,monthly,Australia,outbound sales,2025-09-20,,active,16,491
SUB-10173,Lumen Foods,Growth,monthly,United States,referral,2025-09-21,2025-10-21,churned,7,188.1
SUB-10304,Vela Foods,Growth,monthly,United Kingdom,paid search,2025-09-21,,active,5,158.4
SUB-10770,Kestrel Works,Enterprise,annual,United States,organic search,2025-09-21,,active,47,1379.55
SUB-11117,Harbor Partners,Enterprise,annual,Germany,partner,2025-09-21,,active,64,1509.6
SUB-11134,Harbor Systems,Growth,annual,United States,organic search,2025-09-21,,active,1,84.15
SUB-11542,Pine Analytics,Starter,monthly,United Kingdom,organic search,2025-09-21,,active,10,68.15
SUB-11912,Copper Analytics,Scale,annual,Germany,organic search,2025-09-21,,active,6,315.35
SUB-12028,Vela Labs,Scale,annual,Australia,outbound sales,2025-09-21,,active,44,702.95
SUB-12808,Copper Health,Growth,monthly,France,organic search,2025-09-21,,active,10,232.65
SUB-12874,Copper Logistics,Starter,annual,Brazil,referral,2025-09-21,,active,8,50.53
SUB-10083,Atlas Foods,Scale,monthly,Japan,content,2025-09-22,,active,30,659
SUB-11086,Northwind Health,Growth,annual,Brazil,outbound sales,2025-09-22,,active,5,134.64
SUB-11376,Bluebird Labs,Growth,monthly,United States,outbound sales,2025-09-22,,active,5,158.4
SUB-11598,Atlas Studio,Starter,monthly,Germany,content,2025-09-22,,active,10,68.15
SUB-12579,Fable Works,Starter,annual,United States,outbound sales,2025-09-22,2025-11-17,churned,1,24.65
SUB-12887,Pine Partners,Growth,annual,United States,organic search,2025-09-22,,active,5,134.64
SUB-10461,Juniper Logistics,Scale,monthly,United States,organic search,2025-09-23,,active,18,515
SUB-10627,Bluebird Labs,Starter,annual,India,organic search,2025-09-23,,active,8,50.53
SUB-11502,Vela Health,Starter,annual,Germany,partner,2025-09-23,,active,9,54.23
SUB-11896,Orbit Systems,Starter,monthly,India,outbound sales,2025-09-23,,active,8,59.45
SUB-12073,Quill Analytics,Enterprise,annual,India,content,2025-09-23,,active,46,1371.9
SUB-12707,Pine Partners,Starter,annual,United States,organic search,2025-09-23,,active,9,54.23
SUB-12847,Bluebird Labs,Growth,annual,India,referral,2025-09-23,,active,5,134.64
SUB-13188,Quill Partners,Growth,monthly,United States,organic search,2025-09-23,,active,5,158.4
SUB-10062,Harbor Retail,Growth,monthly,Australia,paid search,2025-09-24,2025-12-09,churned,2,113.85
SUB-10178,Acme Studio,Growth,annual,United States,referral,2025-09-24,,active,6,147.26
SUB-10520,Harbor Logistics,Growth,monthly,Australia,paid search,2025-09-24,,active,9,217.8
SUB-12042,Fable Analytics,Growth,annual,United States,outbound sales,2025-09-24,,active,2,96.77
SUB-12648,Quill Works,Enterprise,monthly,United States,organic search,2025-09-24,,active,180,2820
SUB-12799,Fable Labs,Starter,annual,United States,partner,2025-09-24,2025-12-27,churned,3,32.05
SUB-12895,Harbor Systems,Growth,annual,India,paid search,2025-09-24,,active,10,197.75
SUB-13042,Harbor Logistics,Growth,monthly,United States,organic search,2025-09-24,,active,5,158.4
SUB-13079,Vela Health,Enterprise,annual,India,organic search,2025-09-24,,active,102,1800.3
SUB-10344,Vela Retail,Starter,annual,Brazil,paid search,2025-09-25,,active,8,50.53
SUB-10373,Quill Systems,Enterprise,annual,India,outbound sales,2025-09-25,,active,92,1723.8
SUB-10497,Atlas Logistics,Scale,annual,India,partner,2025-09-25,,active,20,458.15
SUB-10754,Pine Retail,Scale,annual,United States,organic search,2025-09-25,,active,27,529.55
SUB-11730,Atlas Analytics,Enterprise,monthly,United Kingdom,paid search,2025-09-25,,active,166,2694
SUB-11964,Northwind Analytics,Growth,monthly,United States,paid search,2025-09-25,,active,5,158.4
SUB-12213,Juniper Systems,Starter,annual,Brazil,organic search,2025-09-25,,active,2,28.35
SUB-10678,Bluebird Health,Growth,monthly,United Kingdom,organic search,2025-09-26,,active,3,128.7
SUB-10975,Harbor Studio,Growth,monthly,Australia,partner,2025-09-26,,active,1,99
SUB-11922,Bluebird Retail,Growth,monthly,United Kingdom,organic search,2025-09-26,,active,10,232.65
SUB-12094,Acme Labs,Growth,monthly,United Kingdom,outbound sales,2025-09-26,,active,2,113.85
SUB-12560,Pine Logistics,Scale,annual,Germany,organic search,2025-09-26,,active,34,600.95
SUB-13127,Fable Foods,Starter,annual,France,referral,2025-09-26,,active,7,46.83
SUB-10066,Copper Studio,Growth,annual,United States,paid search,2025-09-27,,active,10,197.75
SUB-10298,Juniper Retail,Starter,annual,United States,partner,2025-09-27,,active,1,24.65
SUB-12455,Bluebird Studio,Starter,monthly,United States,organic search,2025-09-27,,active,8,59.45
SUB-12631,Nimbus Health,Scale,annual,India,referral,2025-09-27,,active,31,570.35
SUB-10251,Orbit Health,Growth,annual,United Kingdom,referral,2025-09-28,,active,8,172.51
SUB-10505,Juniper Analytics,Growth,monthly,Germany,paid search,2025-09-28,,active,10,232.65
SUB-11097,Fable Retail,Growth,monthly,United States,organic search,2025-09-28,,active,8,202.95
SUB-11698,Quill Analytics,Starter,monthly,United States,paid search,2025-09-28,,active,1,29
SUB-10056,Fable Health,Scale,annual,France,paid search,2025-09-29,,active,9,345.95
SUB-10436,Northwind Foods,Growth,monthly,India,referral,2025-09-29,,active,6,173.25
SUB-10491,Juniper Systems,Starter,monthly,United States,organic search,2025-09-29,,active,9,63.8
SUB-10733,Vela Studio,Growth,monthly,Japan,referral,2025-09-29,,active,4,143.55
SUB-11159,Nimbus Health,Starter,monthly,Germany,paid search,2025-09-29,,active,8,59.45
SUB-11757,Pine Labs,Starter,monthly,United States,partner,2025-09-29,,active,4,42.05
SUB-13182,Fable Health,Growth,annual,United States,paid search,2025-09-29,,active,6,147.26
SUB-10624,Kestrel Studio,Starter,monthly,Australia,paid search,2025-09-30,,active,6,50.75
SUB-10652,Acme Analytics,Growth,monthly,France,outbound sales,2025-09-30,,active,10,232.65
SUB-10980,Copper Labs,Enterprise,monthly,Germany,partner,2025-09-30,,active,103,2127
SUB-11095,Acme Analytics,Growth,annual,United Kingdom,outbound sales,2025-09-30,,active,10,197.75
SUB-11203,Copper Partners,Growth,monthly,United States,referral,2025-09-30,,active,6,173.25
SUB-12063,Copper Logistics,Growth,annual,India,content,2025-09-30,,active,1,84.15
SUB-12289,Quill Systems,Growth,annual,Australia,partner,2025-09-30,,active,4,122.02
SUB-12409,Fable Studio,Scale,monthly,United States,outbound sales,2025-09-30,,active,9,407
SUB-12425,Nimbus Works,Growth,monthly,Canada,organic search,2025-09-30,,active,2,113.85
SUB-13082,Lumen Health,Starter,monthly,United States,partner,2025-09-30,,active,2,33.35
SUB-13097,Juniper Foods,Scale,monthly,Australia,organic search,2025-09-30,,active,42,803
SUB-10439,Orbit Labs,Enterprise,monthly,United States,partner,2025-10-01,,active,70,1830
SUB-11059,Northwind Labs,Starter,monthly,United States,partner,2025-10-01,,active,5,46.4
SUB-12612,Nimbus Foods,Growth,monthly,United States,referral,2025-10-01,,active,5,158.4
SUB-12704,Orbit Works,Enterprise,monthly,United States,content,2025-10-01,,active,125,2325
SUB-10345,Bluebird Health,Scale,annual,France,partner,2025-10-02,,active,26,519.35
SUB-10549,Kestrel Partners,Scale,monthly,United States,content,2025-10-02,,active,10,419
SUB-10786,Atlas Logistics,Growth,monthly,United States,referral,2025-10-02,,active,10,232.65
SUB-12405,Juniper Foods,Starter,annual,India,organic search,2025-10-02,,active,4,35.74
SUB-13126,Orbit Analytics,Scale,monthly,United States,organic search,2025-10-02,2025-11-01,churned,34,707
SUB-13172,Northwind Retail,Enterprise,annual,United States,outbound sales,2025-10-02,,active,35,1287.75
SUB-10249,Lumen Systems,Starter,annual,Germany,organic search,2025-10-03,,active,5,39.44
SUB-10272,Copper Works,Starter,monthly,United States,paid search,2025-10-03,,active,6,50.75
SUB-10349,Northwind Analytics,Starter,monthly,Australia,paid search,2025-10-03,,active,2,33.35
SUB-10408,Kestrel Foods,Growth,monthly,France,outbound sales,2025-10-03,,active,10,232.65
SUB-13113,Quill Studio,Starter,monthly,Australia,partner,2025-10-03,,active,8,59.45
SUB-10133,Kestrel Labs,Growth,monthly,United States,organic search,2025-10-04,,active,7,188.1
SUB-10189,Fable Studio,Starter,annual,United States,organic search,2025-10-04,,active,7,46.83
SUB-10195,Nimbus Logistics,Starter,monthly,United States,content,2025-10-04,,active,7,55.1
SUB-11741,Quill Retail,Starter,annual,United States,organic search,2025-10-04,,active,6,43.14
SUB-11748,Juniper Logistics,Starter,monthly,United States,paid search,2025-10-04,,active,6,50.75
SUB-12093,Northwind Studio,Growth,monthly,Japan,organic search,2025-10-04,,active,2,113.85
SUB-10059,Northwind Foods,Starter,monthly,Brazil,content,2025-10-05,,active,9,63.8
SUB-10279,Bluebird Labs,Growth,monthly,United Kingdom,outbound sales,2025-10-05,,active,10,232.65
SUB-11525,Pine Logistics,Growth,monthly,Japan,organic search,2025-10-05,2025-11-04,churned,2,113.85
SUB-12261,Bluebird Partners,Growth,annual,United States,organic search,2025-10-05,2025-12-15,churned,7,159.89
SUB-12416,Copper Partners,Scale,annual,India,paid search,2025-10-05,,active,36,621.35
SUB-10633,Nimbus Systems,Enterprise,monthly,United States,organic search,2025-10-06,2025-12-07,churned,177,2793
SUB-11771,Nimbus Health,Starter,annual,Brazil,referral,2025-10-06,,active,8,50.53
SUB-12361,Copper Systems,Starter,annual,Japan,organic search,2025-10-06,,active,10,57.93
SUB-10783,Nimbus Analytics,Growth,monthly,United States,outbound sales,2025-10-07,,active,6,173.25
SUB-12013,Bluebird Labs,Growth,monthly,Germany,paid search,2025-10-07,,active,6,173.25
SUB-12024,Atlas Retail,Growth,annual,United States,outbound sales,2025-10-07,,active,9,185.13
SUB-12181,Juniper Systems,Starter,monthly,Canada,organic search,2025-10-07,2025-11-06,churned,7,55.1
SUB-10371,Acme Labs,Growth,annual,United States,content,2025-10-08,,active,10,197.75
SUB-11626,Northwind Studio,Starter,monthly,Canada,organic search,2025-10-08,,active,5,46.4
SUB-12092,Pine Health,Starter,annual,United States,content,2025-10-08,,active,8,50.53
SUB-12621,Nimbus Logistics,Scale,annual,United States,referral,2025-10-08,,active,40,662.15
SUB-13031,Pine Health,Scale,monthly,Japan,outbound sales,2025-10-08,,active,6,371
SUB-10132,Quill Retail,Enterprise,monthly,Germany,organic search,2025-10-09,,active,74,1866
SUB-11303,Northwind Retail,Growth,annual,United States,organic search,2025-10-09,,active,6,147.26
SUB-10337,Kestrel Logistics,Growth,monthly,United States,paid search,2025-10-10,,active,6,173.25
SUB-10681,Copper Systems,Starter,monthly,United States,organic search,2025-10-10,2025-12-26,churned,6,50.75
SUB-10719,Acme Retail,Growth,monthly,Germany,organic search,2025-10-10,,active,6,173.25
SUB-12078,Acme Labs,Starter,monthly,Japan,content,2025-10-10,,active,1,29
SUB-12645,Atlas Systems,Growth,monthly,United Kingdom,content,2025-10-10,,active,3,128.7
SUB-12675,Bluebird Logistics,Growth,annual,United States,referral,2025-10-10,,active,8,172.51
SUB-10896,Nimbus Health,Growth,monthly,Japan,paid search,2025-10-11,,active,6,173.25
SUB-11688,Orbit Systems,Starter,annual,India,organic search,2025-10-11,,active,1,24.65
SUB-12754,Bluebird Analytics,Growth,monthly,United Kingdom,partner,2025-10-11,,active,8,202.95
SUB-10431,Bluebird Studio,Starter,monthly,United States,referral,2025-10-12,,active,5,46.4
SUB-11088,Northwind Partners,Growth,monthly,United States,paid search,2025-10-12,,active,6,173.25
SUB-11172,Pine Studio,Scale,monthly,United States,referral,2025-10-12,,active,16,491
SUB-12342,Juniper Analytics,Starter,monthly,United Kingdom,partner,2025-10-12,,active,4,42.05
SUB-12574,Fable Works,Starter,monthly,United States,content,2025-10-12,,active,3,37.7
SUB-12615,Kestrel Labs,Starter,annual,United Kingdom,outbound sales,2025-10-12,,active,3,32.05
SUB-13131,Copper Health,Growth,monthly,France,partner,2025-10-12,,active,1,99
SUB-11684,Harbor Analytics,Starter,monthly,United Kingdom,partner,2025-10-13,,active,5,46.4
SUB-12183,Juniper Studio,Growth,monthly,Australia,organic search,2025-10-13,,active,3,128.7
SUB-11292,Northwind Analytics,Scale,monthly,United States,paid search,2025-10-14,,active,42,803
SUB-11523,Copper Labs,Scale,monthly,Japan,organic search,2025-10-14,,active,17,503
SUB-12105,Lumen Partners,Growth,monthly,United States,paid search,2025-10-14,,active,6,173.25
SUB-12107,Northwind Systems,Scale,monthly,United States,organic search,2025-10-14,,active,36,731
SUB-12596,Pine Studio,Starter,monthly,Canada,organic search,2025-10-14,,active,2,33.35
SUB-12934,Orbit Labs,Starter,annual,India,paid search,2025-10-14,,active,2,28.35
SUB-10191,Orbit Foods,Starter,monthly,Japan,organic search,2025-10-15,,active,5,46.4
SUB-10488,Bluebird Works,Growth,monthly,France,content,2025-10-15,,active,9,217.8
SUB-10537,Bluebird Retail,Growth,annual,United States,paid search,2025-10-15,,active,2,96.77
SUB-10804,Orbit Health,Starter,monthly,United States,organic search,2025-10-15,,active,5,46.4
SUB-11082,Kestrel Retail,Growth,monthly,Canada,outbound sales,2025-10-15,2025-11-14,churned,3,128.7
SUB-11662,Vela Foods,Growth,monthly,Japan,partner,2025-10-15,,active,10,232.65
SUB-11938,Vela Logistics,Scale,annual,India,paid search,2025-10-15,,active,44,702.95
SUB-13032,Pine Works,Starter,monthly,United Kingdom,outbound sales,2025-10-15,,active,9,63.8
SUB-10107,Vela Health,Starter,annual,Japan,partner,2025-10-16,,active,2,28.35
SUB-10457,Juniper Systems,Growth,annual,United States,partner,2025-10-16,,active,1,84.15
SUB-12296,Quill Health,Growth,annual,Canada,organic search,2025-10-16,,active,7,159.89
SUB-10553,Atlas Works,Starter,annual,Australia,paid search,2025-10-17,,active,5,39.44
SUB-10759,Atlas Retail,Enterprise,monthly,India,outbound sales,2025-10-17,,active,198,2982
SUB-10946,Nimbus Studio,Scale,monthly,India,organic search,2025-10-17,,active,28,635
SUB-11533,Nimbus Foods,Starter,annual,France,paid search,2025-10-17,,active,2,28.35
SUB-11676,Quill Logistics,Starter,annual,India,paid search,2025-10-17,,active,3,32.05
SUB-11823,Acme Health,Growth,annual,Germany,paid search,2025-10-17,,active,1,84.15
SUB-11849,Copper Labs,Scale,monthly,United Kingdom,partner,2025-10-17,,active,18,515
SUB-11854,Copper Works,Scale,monthly,India,organic search,2025-10-17,,active,15,479
SUB-12765,Pine Health,Enterprise,annual,Germany,organic search,2025-10-17,,active,105,1823.25
SUB-12795,Vela Retail,Starter,monthly,Canada,partner,2025-10-17,2025-11-16,churned,5,46.4
SUB-12816,Copper Labs,Growth,monthly,United States,paid search,2025-10-17,,active,10,232.65
SUB-10368,Acme Health,Starter,monthly,United States,paid search,2025-10-18,2025-11-17,churned,5,46.4
SUB-10426,Kestrel Foods,Starter,monthly,France,partner,2025-10-18,,active,8,59.45
SUB-10542,Pine Labs,Growth,annual,India,paid search,2025-10-18,,active,1,84.15
SUB-10992,Juniper Logistics,Scale,monthly,United States,organic search,2025-10-18,,active,21,551
SUB-12610,Pine Retail,Starter,annual,Brazil,paid search,2025-10-18,,active,5,39.44
SUB-10017,Orbit Retail,Starter,monthly,Australia,paid search,2025-10-19,,active,9,63.8
SUB-10284,Fable Foods,Starter,annual,France,referral,2025-10-19,,active,9,54.23
SUB-10869,Lumen Logistics,Starter,annual,United States,content,2025-10-19,,active,7,46.83
SUB-11360,Orbit Retail,Growth,monthly,France,partner,2025-10-19,,active,4,143.55
SUB-11536,Nimbus Labs,Starter,annual,France,organic search,2025-10-19,,active,3,32.05
SUB-11939,Lumen Systems,Starter,monthly,India,organic search,2025-10-19,,active,1,29
SUB-12210,Kestrel Studio,Growth,annual,United Kingdom,partner,2025-10-19,,active,10,197.75
SUB-12300,Quill Analytics,Scale,annual,United States,paid search,2025-10-19,,active,44,702.95
SUB-10016,Atlas Logistics,Starter,annual,Brazil,referral,2025-10-20,,active,7,46.83
SUB-10538,Fable Systems,Growth,monthly,United Kingdom,referral,2025-10-20,,active,1,99
SUB-12095,Kestrel Works,Starter,annual,France,paid search,2025-10-20,,active,9,54.23
SUB-12438,Harbor Analytics,Starter,annual,United States,organic search,2025-10-20,,active,7,46.83
SUB-12445,Kestrel Partners,Starter,monthly,United States,organic search,2025-10-20,,active,8,59.45
SUB-12916,Kestrel Systems,Starter,monthly,Australia,content,2025-10-20,,active,9,63.8
SUB-11385,Bluebird Health,Starter,annual,United States,organic search,2025-10-21,2025-12-30,churned,3,32.05
SUB-11673,Northwind Retail,Scale,monthly,United Kingdom,paid search,2025-10-21,,active,39,767
SUB-12020,Atlas Works,Starter,monthly,Germany,partner,2025-10-21,,active,8,59.45
SUB-12299,Juniper Retail,Starter,annual,India,partner,2025-10-21,,active,7,46.83
SUB-12400,Orbit Foods,Enterprise,monthly,France,paid search,2025-10-21,,active,188,2892
SUB-12667,Harbor Health,Scale,monthly,Germany,paid search,2025-10-21,,active,35,719
SUB-13144,Copper Systems,Starter,monthly,United States,organic search,2025-10-21,,active,1,29
SUB-13176,Juniper Health,Starter,annual,Brazil,content,2025-10-21,,active,2,28.35
SUB-10630,Lumen Works,Growth,monthly,India,organic search,2025-10-22,,active,6,173.25
SUB-10787,Atlas Logistics,Growth,annual,Canada,content,2025-10-22,,active,7,159.89
SUB-11136,Pine Works,Growth,monthly,United States,content,2025-10-22,,active,3,128.7
SUB-12145,Fable Analytics,Growth,monthly,France,paid search,2025-10-22,,active,9,217.8
SUB-12440,Kestrel Health,Starter,annual,United Kingdom,organic search,2025-10-22,,active,9,54.23
SUB-12863,Vela Logistics,Scale,annual,India,partner,2025-10-22,,active,15,407.15
SUB-13000,Harbor Systems,Scale,annual,India,organic search,2025-10-22,,active,7,325.55
SUB-13167,Atlas Labs,Starter,monthly,India,outbound sales,2025-10-22,2025-11-21,churned,3,37.7
SUB-10223,Kestrel Retail,Starter,monthly,United States,organic search,2025-10-23,,active,6,50.75
SUB-10267,Fable Studio,Growth,monthly,United Kingdom,paid search,2025-10-23,,active,6,173.25
SUB-10287,Kestrel Studio,Scale,monthly,Brazil,organic search,2025-10-23,,active,16,491
SUB-11156,Lumen Logistics,Starter,annual,France,organic search,2025-10-23,,active,5,39.44
SUB-11355,Lumen Partners,Starter,monthly,United States,content,2025-10-23,,active,4,42.05
SUB-12364,Acme Studio,Scale,annual,Australia,outbound sales,2025-10-23,,active,44,702.95
SUB-12836,Kestrel Partners,Starter,annual,United States,organic search,2025-10-23,,active,9,54.23
SUB-10557,Orbit Logistics,Starter,annual,United States,organic search,2025-10-24,,active,8,50.53
SUB-10784,Orbit Partners,Growth,annual,Germany,referral,2025-10-24,,active,10,197.75
SUB-10853,Quill Systems,Starter,annual,United States,outbound sales,2025-10-24,,active,10,57.93
SUB-11135,Atlas Analytics,Growth,monthly,India,organic search,2025-10-24,2025-12-05,churned,9,217.8
SUB-11403,Bluebird Health,Growth,annual,United States,outbound sales,2025-10-24,,active,5,134.64
SUB-11863,Lumen Logistics,Starter,monthly,Japan,organic search,2025-10-24,,active,4,42.05
SUB-12533,Vela Foods,Starter,annual,Australia,partner,2025-10-24,,active,2,28.35
SUB-10443,Bluebird Retail,Growth,annual,Canada,outbound sales,2025-10-25,,active,1,84.15
SUB-10607,Kestrel Retail,Starter,annual,United States,outbound sales,2025-10-25,,active,10,57.93
SUB-10810,Bluebird Labs,Growth,monthly,United States,organic search,2025-10-25,,active,7,188.1
SUB-11514,Vela Foods,Starter,monthly,India,content,2025-10-25,,active,8,59.45
SUB-11701,Northwind Works,Scale,monthly,United Kingdom,outbound sales,2025-10-25,,active,7,383
SUB-12030,Copper Logistics,Growth,monthly,France,paid search,2025-10-25,,active,7,188.1
SUB-12104,Nimbus Studio,Growth,monthly,India,partner,2025-10-26,,active,10,232.65
SUB-12995,Pine Systems,Starter,annual,United States,referral,2025-10-26,,active,3,32.05
SUB-10651,Kestrel Health,Enterprise,monthly,Canada,referral,2025-10-27,,active,88,1992
SUB-10677,Pine Partners,Growth,monthly,United States,paid search,2025-10-27,,active,5,158.4
SUB-10846,Pine Analytics,Starter,annual,United States,outbound sales,2025-10-27,,active,6,43.14
SUB-11664,Acme Retail,Starter,monthly,United States,paid search,2025-10-27,,active,1,29
SUB-12236,Fable Systems,Enterprise,annual,United States,organic search,2025-10-27,,active,198,2534.7
SUB-12665,Pine Works,Growth,monthly,United States,paid search,2025-10-27,,active,1,99
SUB-10305,Atlas Works,Starter,monthly,Australia,paid search,2025-10-28,,active,1,29
SUB-10367,Northwind Health,Growth,annual,United States,organic search,2025-10-28,,active,3,109.4
SUB-11610,Quill Retail,Enterprise,annual,Canada,referral,2025-10-28,,active,51,1410.15
SUB-12001,Quill Works,Growth,monthly,United States,organic search,2025-10-28,,active,5,158.4
SUB-12382,Fable Partners,Starter,annual,United States,paid search,2025-10-28,,active,3,32.05
SUB-10212,Orbit Studio,Starter,annual,India,referral,2025-10-29,,active,1,24.65
SUB-10827,Juniper Logistics,Growth,annual,United States,content,2025-10-29,,active,8,172.51
SUB-12277,Copper Studio,Growth,annual,United Kingdom,referral,2025-10-29,,active,3,109.4
SUB-12383,Northwind Partners,Growth,monthly,United States,partner,2025-10-29,,active,5,158.4
SUB-10707,Juniper Works,Enterprise,annual,France,paid search,2025-10-30,,active,130,2014.5
SUB-10776,Orbit Works,Starter,monthly,United States,organic search,2025-10-30,,active,2,33.35
SUB-10945,Nimbus Foods,Starter,monthly,Canada,referral,2025-10-30,,active,6,50.75
SUB-11674,Kestrel Foods,Growth,monthly,Japan,outbound sales,2025-10-30,,active,4,143.55
SUB-11971,Pine Labs,Starter,monthly,United Kingdom,outbound sales,2025-10-30,,active,2,33.35
SUB-12081,Quill Partners,Scale,monthly,United States,outbound sales,2025-10-30,2025-12-23,churned,6,371
SUB-12089,Atlas Retail,Scale,monthly,United Kingdom,referral,2025-10-30,,active,9,407
SUB-12298,Pine Studio,Starter,annual,Brazil,paid search,2025-10-30,,active,5,39.44
SUB-12559,Bluebird Retail,Starter,annual,India,paid search,2025-10-30,,active,2,28.35
SUB-10844,Juniper Analytics,Growth,monthly,India,paid search,2025-10-31,,active,7,188.1
SUB-10863,Atlas Partners,Growth,monthly,Germany,partner,2025-10-31,,active,6,173.25
SUB-11468,Orbit Retail,Starter,annual,United Kingdom,organic search,2025-10-31,,active,4,35.74
SUB-12740,Atlas Labs,Growth,monthly,United States,paid search,2025-10-31,,active,7,188.1
SUB-13150,Pine Health,Starter,monthly,United States,paid search,2025-10-31,,active,2,33.35
SUB-10685,Fable Labs,Starter,monthly,Germany,outbound sales,2025-11-01,,active,10,68.15
SUB-12050,Nimbus Studio,Enterprise,monthly,United States,outbound sales,2025-11-01,,active,86,1974
SUB-12497,Bluebird Works,Growth,monthly,United States,organic search,2025-11-01,,active,7,188.1
SUB-10149,Nimbus Logistics,Starter,monthly,United States,outbound sales,2025-11-02,,active,2,33.35
SUB-10582,Atlas Systems,Starter,annual,India,organic search,2025-11-02,,active,7,46.83
SUB-11051,Copper Systems,Growth,monthly,Brazil,referral,2025-11-02,,active,8,202.95
SUB-12123,Lumen Health,Starter,monthly,India,outbound sales,2025-11-02,,active,3,37.7
SUB-12676,Fable Health,Growth,annual,Japan,organic search,2025-11-02,,active,6,147.26
SUB-11252,Bluebird Analytics,Growth,monthly,Australia,organic search,2025-11-03,,active,6,173.25
SUB-11590,Pine Studio,Scale,annual,United States,paid search,2025-11-03,,active,16,417.35
SUB-12699,Bluebird Retail,Starter,monthly,United States,content,2025-11-03,2025-12-03,churned,9,63.8
SUB-12925,Pine Retail,Growth,annual,Canada,organic search,2025-11-03,,active,4,122.02
SUB-12960,Vela Health,Scale,annual,Australia,organic search,2025-11-03,,active,26,519.35
SUB-10333,Copper Studio,Scale,monthly,India,partner,2025-11-04,2025-12-04,churned,14,467
SUB-11332,Harbor Studio,Enterprise,monthly,United Kingdom,content,2025-11-04,,active,179,2811
SUB-11483,Harbor Foods,Growth,annual,Canada,organic search,2025-11-04,,active,10,197.75
SUB-12483,Northwind Foods,Starter,annual,United States,paid search,2025-11-04,,active,3,32.05
SUB-12881,Orbit Foods,Starter,monthly,United Kingdom,referral,2025-11-04,,active,10,68.15
SUB-13139,Copper Systems,Starter,monthly,France,paid search,2025-11-04,,active,9,63.8
SUB-10506,Kestrel Labs,Starter,monthly,United States,partner,2025-11-05,,active,10,68.15
SUB-10724,Kestrel Health,Starter,annual,United Kingdom,outbound sales,2025-11-05,,active,10,57.93
SUB-10800,Kestrel Studio,Growth,monthly,Canada,referral,2025-11-05,,active,8,202.95
SUB-10899,Vela Logistics,Starter,monthly,United Kingdom,referral,2025-11-05,,active,8,59.45
SUB-11955,Lumen Works,Starter,monthly,United States,organic search,2025-11-05,,active,6,50.75
SUB-12474,Vela Partners,Starter,monthly,Canada,content,2025-11-05,2025-12-23,churned,2,33.35
SUB-10594,Kestrel Labs,Starter,annual,United States,paid search,2025-11-06,,active,2,28.35
SUB-11350,Harbor Retail,Growth,monthly,Australia,partner,2025-11-06,,active,7,188.1
SUB-11518,Orbit Logistics,Scale,annual,United States,organic search,2025-11-06,,active,42,682.55
SUB-12846,Vela Foods,Starter,monthly,United States,referral,2025-11-06,,active,5,46.4
SUB-10589,Kestrel Retail,Starter,annual,United States,organic search,2025-11-07,,active,3,32.05
SUB-11773,Nimbus Systems,Starter,annual,Canada,paid search,2025-11-07,,active,2,28.35
SUB-12450,Orbit Retail,Growth,annual,Australia,organic search,2025-11-07,,active,7,159.89
SUB-12458,Vela Works,Starter,monthly,United Kingdom,organic search,2025-11-07,,active,1,29
SUB-12733,Harbor Partners,Growth,annual,Canada,organic search,2025-11-07,,active,4,122.02
SUB-12738,Lumen Analytics,Scale,annual,Germany,outbound sales,2025-11-07,,active,28,539.75
SUB-10276,Copper Foods,Growth,monthly,United States,content,2025-11-08,,active,7,188.1
SUB-11809,Lumen Systems,Growth,annual,India,organic search,2025-11-08,,active,7,159.89
SUB-12218,Vela Analytics,Starter,annual,India,partner,2025-11-08,,active,6,43.14
SUB-12482,Northwind Partners,Scale,annual,Australia,referral,2025-11-08,,active,22,478.55
SUB-13080,Northwind Logistics,Enterprise,monthly,Japan,referral,2025-11-08,,active,119,2271
SUB-10718,Orbit Systems,Scale,monthly,United States,outbound sales,2025-11-09,,active,40,779
SUB-11346,Quill Analytics,Growth,monthly,Germany,organic search,2025-11-09,,active,5,158.4
SUB-12945,Kestrel Analytics,Starter,monthly,India,paid search,2025-11-09,,active,2,33.35
SUB-12962,Acme Works,Growth,monthly,United Kingdom,paid search,2025-11-09,,active,10,232.65
SUB-13044,Nimbus Partners,Scale,annual,United Kingdom,outbound sales,2025-11-09,,active,19,447.95
SUB-13089,Bluebird Systems,Starter,annual,United States,outbound sales,2025-11-09,2025-12-09,churned,1,24.65
SUB-10953,Quill Retail,Growth,annual,Germany,organic search,2025-11-10,,active,10,197.75
SUB-11408,Vela Partners,Starter,annual,India,organic search,2025-11-10,,active,7,46.83
SUB-11991,Orbit Logistics,Starter,annual,India,partner,2025-11-10,,active,7,46.83
SUB-12155,Fable Partners,Enterprise,annual,India,outbound sales,2025-11-10,,active,80,1632
SUB-12922,Orbit Works,Growth,monthly,India,paid search,2025-11-10,,active,8,202.95
SUB-10180,Copper Studio,Growth,monthly,United States,partner,2025-11-11,,active,8,202.95
SUB-10762,Vela Retail,Growth,annual,United States,paid search,2025-11-11,,active,8,172.51
SUB-11042,Harbor Health,Growth,monthly,India,outbound sales,2025-11-11,,active,1,99
SUB-11365,Fable Retail,Starter,monthly,India,partner,2025-11-11,,active,1,29
SUB-11794,Acme Health,Starter,monthly,Brazil,paid search,2025-11-11,,active,4,42.05
SUB-10399,Bluebird Retail,Growth,monthly,United States,partner,2025-11-12,,active,3,128.7
SUB-10626,Bluebird Systems,Starter,annual,United States,paid search,2025-11-12,,active,8,50.53
SUB-10932,Acme Works,Starter,annual,India,organic search,2025-11-12,,active,6,43.14
SUB-11066,Northwind Health,Starter,annual,France,partner,2025-11-12,,active,3,32.05
SUB-11152,Vela Analytics,Starter,annual,United Kingdom,organic search,2025-11-12,,active,5,39.44
SUB-11725,Acme Retail,Starter,annual,Canada,referral,2025-11-12,,active,6,43.14
SUB-11389,Copper Retail,Starter,monthly,United Kingdom,referral,2025-11-13,,active,10,68.15
SUB-12412,Fable Works,Enterprise,monthly,United States,referral,2025-11-13,,active,47,1623
SUB-10125,Harbor Studio,Enterprise,monthly,Canada,organic search,2025-11-14,,active,33,1497
SUB-10918,Acme Labs,Growth,monthly,Australia,partner,2025-11-14,,active,1,99
SUB-10944,Nimbus Health,Starter,monthly,United States,partner,2025-11-14,,active,4,42.05
SUB-11250,Bluebird Health,Scale,annual,Australia,content,2025-11-14,,active,13,386.75
SUB-11994,Lumen Retail,Enterprise,monthly,Canada,paid search,2025-11-14,,active,173,2757
SUB-12804,Quill Studio,Starter,monthly,India,organic search,2025-11-14,,active,9,63.8
SUB-12901,Harbor Logistics,Scale,monthly,United States,partner,2025-11-14,,active,41,791
SUB-13006,Harbor Analytics,Starter,monthly,Australia,content,2025-11-14,,active,6,50.75
SUB-10875,Orbit Studio,Starter,monthly,United Kingdom,paid search,2025-11-15,,active,10,68.15
SUB-11282,Quill Labs,Growth,monthly,India,organic search,2025-11-15,,active,4,143.55
SUB-12368,Vela Labs,Starter,annual,United States,paid search,2025-11-15,,active,4,35.74
SUB-12432,Juniper Analytics,Starter,monthly,France,organic search,2025-11-15,,active,5,46.4
SUB-12686,Harbor Studio,Scale,annual,Brazil,outbound sales,2025-11-15,,active,43,692.75
SUB-11834,Nimbus Systems,Starter,monthly,United States,organic search,2025-11-16,,active,1,29
SUB-12080,Bluebird Systems,Starter,monthly,United Kingdom,outbound sales,2025-11-16,,active,7,55.1
SUB-12360,Kestrel Partners,Scale,annual,Germany,referral,2025-11-16,,active,30,560.15
SUB-12502,Copper Logistics,Starter,annual,United States,organic search,2025-11-16,,active,5,39.44
SUB-12601,Harbor Systems,Growth,annual,United States,partner,2025-11-16,,active,2,96.77
SUB-10026,Vela Partners,Growth,monthly,United States,paid search,2025-11-17,,active,5,158.4
SUB-10715,Northwind Health,Starter,monthly,United States,outbound sales,2025-11-17,2025-12-17,churned,7,55.1
SUB-10843,Northwind Works,Growth,monthly,United States,organic search,2025-11-17,,active,4,143.55
SUB-10969,Northwind Analytics,Starter,monthly,Brazil,partner,2025-11-17,,active,2,33.35
SUB-11007,Kestrel Systems,Starter,annual,Germany,paid search,2025-11-17,2025-12-20,churned,2,28.35
SUB-11259,Pine Retail,Growth,monthly,United States,organic search,2025-11-17,,active,4,143.55
SUB-11552,Quill Logistics,Starter,monthly,United Kingdom,paid search,2025-11-17,,active,6,50.75
SUB-11754,Atlas Health,Growth,monthly,Germany,referral,2025-11-17,,active,5,158.4
SUB-12127,Bluebird Labs,Starter,monthly,United States,organic search,2025-11-17,,active,10,68.15
SUB-12578,Northwind Partners,Growth,monthly,United Kingdom,paid search,2025-11-17,,active,7,188.1
SUB-11271,Fable Retail,Enterprise,monthly,India,organic search,2025-11-18,,active,92,2028
SUB-11608,Lumen Logistics,Starter,monthly,United States,paid search,2025-11-18,,active,5,46.4
SUB-11832,Fable Works,Growth,monthly,United States,organic search,2025-11-18,,active,6,173.25
SUB-12245,Pine Retail,Starter,monthly,United Kingdom,paid search,2025-11-18,,active,10,68.15
SUB-12955,Acme Foods,Growth,annual,United States,paid search,2025-11-18,,active,7,159.89
SUB-10502,Harbor Labs,Starter,monthly,India,organic search,2025-11-19,,active,4,42.05
SUB-10523,Atlas Foods,Enterprise,monthly,United States,content,2025-11-19,,active,99,2091
SUB-11243,Fable Retail,Growth,monthly,France,content,2025-11-19,,active,3,128.7
SUB-12753,Vela Partners,Scale,monthly,United States,organic search,2025-11-19,,active,38,755
SUB-13038,Acme Logistics,Starter,annual,India,referral,2025-11-19,,active,10,57.93
SUB-10378,Lumen Systems,Enterprise,monthly,India,referral,2025-11-20,,active,199,2991
SUB-10414,Acme Logistics,Scale,monthly,United States,paid search,2025-11-20,,active,23,575
SUB-10454,Vela Studio,Starter,monthly,United States,organic search,2025-11-20,,active,7,55.1
SUB-10585,Copper Systems,Growth,monthly,Australia,organic search,2025-11-20,,active,5,158.4
SUB-11513,Lumen Foods,Starter,annual,United States,outbound sales,2025-11-20,,active,9,54.23
SUB-11670,Acme Health,Growth,monthly,United States,organic search,2025-11-20,,active,1,99
SUB-12125,Northwind Labs,Starter,monthly,Japan,outbound sales,2025-11-20,,active,1,29
SUB-12326,Atlas Retail,Growth,monthly,India,outbound sales,2025-11-20,,active,2,113.85
SUB-10752,Northwind Analytics,Growth,annual,Japan,organic search,2025-11-21,,active,3,109.4
SUB-12096,Northwind Labs,Starter,monthly,United States,content,2025-11-21,,active,3,37.7
SUB-12358,Northwind Health,Growth,monthly,United States,referral,2025-11-21,,active,5,158.4
SUB-12373,Acme Labs,Scale,monthly,Japan,paid search,2025-11-21,,active,15,479
SUB-10756,Fable Retail,Starter,annual,Brazil,partner,2025-11-22,,active,10,57.93
SUB-10269,Kestrel Studio,Scale,monthly,United States,organic search,2025-11-23,,active,42,803
SUB-10731,Acme Logistics,Starter,annual,United States,paid search,2025-11-23,,active,3,32.05
SUB-10871,Copper Systems,Growth,annual,India,paid search,2025-11-24,,active,9,185.13
SUB-11763,Vela Partners,Starter,annual,United States,outbound sales,2025-11-24,,active,5,39.44
SUB-12156,Orbit Systems,Starter,annual,Brazil,organic search,2025-11-24,,active,5,39.44
SUB-10070,Pine Works,Growth,annual,United States,organic search,2025-11-25,,active,4,122.02
SUB-10985,Atlas Analytics,Growth,annual,Canada,outbound sales,2025-11-25,,active,9,185.13
SUB-11105,Orbit Analytics,Enterprise,monthly,India,outbound sales,2025-11-25,,active,178,2802
SUB-12217,Nimbus Foods,Growth,monthly,Canada,organic search,2025-11-25,,active,7,188.1
SUB-12323,Acme Health,Starter,monthly,Brazil,organic search,2025-11-25,,active,8,59.45
SUB-10307,Bluebird Works,Growth,annual,United States,referral,2025-11-26,,active,3,109.4
SUB-10862,Northwind Foods,Growth,monthly,United States,organic search,2025-11-26,,active,10,232.65
SUB-11141,Kestrel Health,Starter,monthly,United States,organic search,2025-11-26,,active,7,55.1
SUB-11710,Copper Systems,Growth,annual,Germany,referral,2025-11-26,,active,8,172.51
SUB-11977,Juniper Health,Starter,monthly,United States,partner,2025-11-26,,active,1,29
SUB-12430,Vela Analytics,Scale,annual,United States,organic search,2025-11-26,,active,17,427.55
SUB-13183,Acme Labs,Growth,annual,United States,content,2025-11-26,,active,5,134.64
SUB-10023,Pine Foods,Growth,annual,Australia,organic search,2025-11-27,,active,9,185.13
SUB-10413,Fable Retail,Starter,monthly,United States,content,2025-11-27,,active,5,46.4
SUB-10974,Northwind Partners,Starter,monthly,United States,organic search,2025-11-27,,active,4,42.05
SUB-11297,Nimbus Foods,Scale,monthly,United States,referral,2025-11-27,,active,38,755
SUB-11799,Acme Studio,Growth,annual,United Kingdom,content,2025-11-27,,active,9,185.13
SUB-11981,Acme Retail,Scale,annual,United States,referral,2025-11-27,,active,10,356.15
SUB-10877,Quill Retail,Starter,monthly,India,referral,2025-11-28,,active,7,55.1
SUB-10964,Lumen Foods,Starter,monthly,Australia,organic search,2025-11-28,,active,2,33.35
SUB-11743,Bluebird Works,Growth,annual,United States,outbound sales,2025-11-28,,active,10,197.75
SUB-12040,Acme Logistics,Starter,monthly,United Kingdom,referral,2025-11-28,,active,5,46.4
SUB-12111,Fable Works,Growth,monthly,United States,organic search,2025-11-28,,active,6,173.25
SUB-12340,Atlas Foods,Growth,monthly,Canada,paid search,2025-11-28,,active,3,128.7
SUB-12968,Orbit Works,Starter,monthly,France,content,2025-11-28,,active,5,46.4
SUB-10708,Pine Foods,Growth,annual,United States,content,2025-11-29,,active,2,96.77
SUB-11972,Nimbus Foods,Starter,annual,Japan,paid search,2025-11-29,,active,2,28.35
SUB-12510,Vela Studio,Scale,monthly,United States,organic search,2025-11-29,,active,31,671
SUB-12779,Kestrel Partners,Growth,monthly,India,organic search,2025-11-29,,active,4,143.55
SUB-10291,Atlas Systems,Starter,monthly,United States,content,2025-11-30,,active,1,29
SUB-10631,Atlas Retail,Growth,monthly,United Kingdom,outbound sales,2025-11-30,,active,3,128.7
SUB-10858,Vela Studio,Enterprise,monthly,Japan,partner,2025-11-30,,active,44,1596
SUB-10960,Pine Labs,Starter,annual,Canada,outbound sales,2025-11-30,,active,9,54.23
SUB-11123,Pine Works,Scale,monthly,United States,organic search,2025-11-30,,active,42,803
SUB-11917,Juniper Partners,Scale,monthly,United States,organic search,2025-11-30,,active,31,671
SUB-12174,Vela Studio,Enterprise,annual,United States,organic search,2025-11-30,,active,135,2052.75
SUB-12177,Bluebird Foods,Scale,annual,United Kingdom,referral,2025-11-30,,active,12,376.55
SUB-12465,Fable Partners,Starter,annual,India,organic search,2025-11-30,,active,9,54.23
SUB-12663,Juniper Foods,Starter,monthly,Australia,organic search,2025-11-30,,active,6,50.75
SUB-10156,Harbor Studio,Starter,annual,Brazil,organic search,2025-12-01,,active,3,32.05
SUB-10536,Fable Systems,Growth,monthly,Japan,organic search,2025-12-01,,active,9,217.8
SUB-10847,Orbit Systems,Starter,annual,Brazil,organic search,2025-12-01,,active,6,43.14
SUB-10962,Copper Labs,Growth,annual,Brazil,organic search,2025-12-01,,active,8,172.51
SUB-11046,Harbor Works,Scale,annual,United Kingdom,paid search,2025-12-01,,active,31,570.35
SUB-11504,Lumen Systems,Starter,monthly,United States,partner,2025-12-01,,active,3,37.7
SUB-11916,Pine Health,Starter,monthly,United States,outbound sales,2025-12-01,,active,6,50.75
SUB-11380,Copper Labs,Scale,annual,United States,partner,2025-12-02,,active,19,447.95
SUB-12002,Acme Systems,Starter,monthly,India,organic search,2025-12-02,,active,8,59.45
SUB-10952,Fable Labs,Growth,annual,United States,outbound sales,2025-12-03,,active,9,185.13
SUB-11390,Atlas Health,Starter,monthly,United States,organic search,2025-12-03,,active,2,33.35
SUB-12086,Nimbus Foods,Scale,annual,Brazil,content,2025-12-03,,active,38,641.75
SUB-12536,Atlas Systems,Starter,annual,Australia,partner,2025-12-03,,active,2,28.35
SUB-12717,Harbor Retail,Starter,monthly,Germany,paid search,2025-12-03,,active,5,46.4
SUB-13189,Orbit Retail,Starter,monthly,United States,organic search,2025-12-03,,active,3,37.7
SUB-13192,Kestrel Analytics,Scale,annual,India,outbound sales,2025-12-03,,active,32,580.55
SUB-10038,Orbit Logistics,Enterprise,monthly,Canada,organic search,2025-12-04,,active,26,1434
SUB-10231,Northwind Analytics,Growth,monthly,United States,organic search,2025-12-04,,active,3,128.7
SUB-11797,Northwind Works,Starter,monthly,Germany,outbound sales,2025-12-04,,active,5,46.4
SUB-12418,Atlas Retail,Starter,annual,United States,outbound sales,2025-12-04,,active,9,54.23
SUB-12423,Orbit Retail,Starter,annual,United Kingdom,organic search,2025-12-04,,active,10,57.93
SUB-12923,Nimbus Works,Starter,annual,United States,organic search,2025-12-04,,active,6,43.14
SUB-10328,Vela Labs,Starter,monthly,India,paid search,2025-12-05,,active,10,68.15
SUB-11543,Copper Systems,Growth,annual,Germany,partner,2025-12-05,,active,2,96.77
SUB-12022,Pine Health,Growth,monthly,United States,organic search,2025-12-05,,active,5,158.4
SUB-12545,Pine Systems,Enterprise,monthly,France,content,2025-12-05,,active,66,1794
SUB-12709,Pine Logistics,Scale,monthly,Germany,referral,2025-12-05,,active,40,779
SUB-12903,Quill Analytics,Enterprise,monthly,Germany,organic search,2025-12-05,,active,154,2586
SUB-10182,Nimbus Analytics,Scale,monthly,France,paid search,2025-12-06,,active,11,431
SUB-11485,Harbor Studio,Starter,annual,Germany,paid search,2025-12-06,,active,3,32.05
SUB-11577,Bluebird Works,Growth,monthly,United States,paid search,2025-12-06,,active,9,217.8
SUB-12071,Nimbus Works,Growth,annual,United States,paid search,2025-12-06,,active,8,172.51
SUB-13046,Atlas Labs,Enterprise,annual,France,partner,2025-12-06,,active,118,1922.7
SUB-13057,Kestrel Labs,Starter,annual,India,outbound sales,2025-12-06,,active,2,28.35
SUB-10346,Lumen Systems,Growth,annual,United Kingdom,paid search,2025-12-07,,active,7,159.89
SUB-10997,Fable Labs,Enterprise,annual,France,organic search,2025-12-07,,active,165,2282.25
SUB-11030,Northwind Retail,Starter,monthly,United States,paid search,2025-12-07,,active,7,55.1
SUB-12047,Fable Systems,Starter,monthly,United Kingdom,outbound sales,2025-12-07,,active,2,33.35
SUB-12617,Acme Studio,Starter,monthly,United States,organic search,2025-12-07,,active,5,46.4
SUB-13196,Fable Foods,Starter,monthly,United States,content,2025-12-07,,active,3,37.7
SUB-10094,Copper Health,Growth,annual,Germany,content,2025-12-08,,active,10,197.75
SUB-11098,Vela Partners,Growth,annual,India,organic search,2025-12-08,,active,1,84.15
SUB-11215,Nimbus Systems,Scale,monthly,United States,partner,2025-12-08,,active,42,803
SUB-12950,Pine Works,Starter,monthly,United States,referral,2025-12-08,,active,9,63.8
SUB-13194,Bluebird Systems,Growth,annual,United States,referral,2025-12-08,,active,7,159.89
SUB-11163,Kestrel Labs,Growth,monthly,United States,partner,2025-12-09,,active,3,128.7
SUB-12814,Copper Partners,Growth,monthly,United States,partner,2025-12-09,,active,6,173.25
SUB-13060,Lumen Retail,Scale,monthly,United States,partner,2025-12-09,,active,29,647
SUB-10332,Bluebird Works,Growth,annual,United States,paid search,2025-12-10,,active,3,109.4
SUB-11660,Bluebird Health,Growth,monthly,Germany,outbound sales,2025-12-10,,active,6,173.25
SUB-12403,Juniper Health,Scale,annual,Australia,content,2025-12-10,,active,36,621.35
SUB-10822,Juniper Labs,Starter,monthly,United States,outbound sales,2025-12-11,,active,5,46.4
SUB-11555,Northwind Systems,Growth,monthly,United Kingdom,paid search,2025-12-11,,active,4,143.55
SUB-13165,Copper Systems,Starter,monthly,India,paid search,2025-12-11,,active,7,55.1
SUB-10329,Juniper Foods,Starter,monthly,United States,organic search,2025-12-12,,active,7,55.1
SUB-10544,Copper Health,Enterprise,monthly,Brazil,content,2025-12-12,,active,172,2748
SUB-11165,Quill Retail,Starter,annual,United States,paid search,2025-12-12,,active,9,54.23
SUB-10761,Quill Studio,Growth,annual,India,organic search,2025-12-13,,active,1,84.15
SUB-12444,Acme Health,Starter,annual,Germany,organic search,2025-12-13,,active,9,54.23
SUB-13043,Quill Foods,Enterprise,monthly,Australia,organic search,2025-12-13,,active,128,2352
SUB-10121,Fable Partners,Growth,monthly,Brazil,organic search,2025-12-14,,active,1,99
SUB-11744,Atlas Labs,Growth,monthly,India,outbound sales,2025-12-14,,active,7,188.1
SUB-12362,Orbit Labs,Starter,annual,India,organic search,2025-12-14,,active,5,39.44
SUB-12993,Fable Studio,Growth,annual,United Kingdom,organic search,2025-12-14,,active,1,84.15
SUB-10642,Northwind Health,Growth,annual,Germany,paid search,2025-12-15,,active,3,109.4
SUB-11559,Harbor Partners,Starter,annual,Germany,organic search,2025-12-15,,active,9,54.23
SUB-11666,Orbit Retail,Scale,monthly,India,paid search,2025-12-15,,active,38,755
SUB-12132,Lumen Health,Growth,monthly,Germany,content,2025-12-15,,active,10,232.65
SUB-12343,Acme Foods,Growth,monthly,India,paid search,2025-12-15,,active,6,173.25
SUB-12800,Juniper Labs,Enterprise,monthly,United States,referral,2025-12-15,2026-01-14,churned,38,1542
SUB-13175,Northwind Systems,Scale,monthly,United Kingdom,content,2025-12-15,,active,14,467
SUB-10757,Harbor Systems,Scale,monthly,Brazil,referral,2025-12-16,,trial,20,0
SUB-11093,Juniper Studio,Growth,annual,Germany,paid search,2025-12-16,,active,7,159.89
SUB-11120,Copper Studio,Starter,annual,Australia,organic search,2025-12-16,,trial,6,0
SUB-11944,Copper Works,Growth,monthly,United States,paid search,2025-12-16,,active,8,202.95
SUB-12027,Acme Works,Starter,annual,France,outbound sales,2025-12-16,,trial,8,0
SUB-12292,Orbit Logistics,Starter,monthly,India,organic search,2025-12-16,,active,1,29
SUB-12429,Acme Logistics,Growth,annual,United States,organic search,2025-12-16,,trial,1,0
SUB-10327,Pine Foods,Starter,monthly,India,organic search,2025-12-17,,trial,8,0
SUB-10587,Pine Foods,Growth,monthly,Brazil,outbound sales,2025-12-17,,active,7,188.1
SUB-11079,Copper Foods,Starter,monthly,Canada,partner,2025-12-17,,trial,10,0
SUB-12268,Acme Retail,Starter,annual,United States,partner,2025-12-17,,active,10,57.93
SUB-12882,Fable Logistics,Starter,annual,Japan,organic search,2025-12-17,,trial,7,0
SUB-11693,Bluebird Works,Starter,annual,United States,referral,2025-12-18,,active,2,28.35
SUB-11749,Nimbus Analytics,Starter,monthly,United States,content,2025-12-18,,trial,3,0
SUB-11814,Pine Foods,Enterprise,monthly,United States,content,2025-12-18,,trial,147,0
SUB-12719,Nimbus Retail,Growth,annual,Germany,outbound sales,2025-12-18,,active,2,96.77
SUB-10855,Quill Health,Starter,monthly,Germany,outbound sales,2025-12-19,,active,3,37.7
SUB-11287,Harbor Retail,Starter,monthly,United States,partner,2025-12-19,,active,3,37.7
SUB-12790,Harbor Partners,Scale,monthly,United States,organic search,2025-12-19,,active,44,827
SUB-10490,Vela Health,Starter,annual,Brazil,content,2025-12-20,,active,10,57.93
SUB-11326,Nimbus Works,Enterprise,monthly,Australia,paid search,2025-12-20,,trial,155,0
SUB-11587,Juniper Health,Starter,annual,United Kingdom,referral,2025-12-20,,trial,7,0
SUB-12011,Harbor Partners,Growth,monthly,Germany,organic search,2025-12-20,,trial,3,0
SUB-12046,Quill Retail,Starter,monthly,United States,paid search,2025-12-20,,trial,4,0
SUB-12149,Bluebird Labs,Starter,annual,United States,organic search,2025-12-20,,active,6,43.14
SUB-12320,Northwind Retail,Scale,annual,United States,content,2025-12-20,,trial,36,0
SUB-12961,Northwind Partners,Enterprise,annual,United States,organic search,2025-12-20,,trial,100,0
SUB-13084,Kestrel Retail,Starter,monthly,United Kingdom,paid search,2025-12-20,,trial,4,0
SUB-10897,Acme Works,Starter,annual,Australia,referral,2025-12-21,,trial,3,0
SUB-11351,Acme Systems,Growth,monthly,Canada,outbound sales,2025-12-21,,trial,9,0
SUB-12124,Acme Analytics,Starter,monthly,Germany,content,2025-12-21,,trial,5,0
SUB-12523,Kestrel Analytics,Enterprise,annual,India,content,2025-12-21,,trial,70,0
SUB-12758,Kestrel Analytics,Growth,annual,United States,content,2025-12-21,,trial,2,0
SUB-10319,Orbit Health,Starter,monthly,United States,organic search,2025-12-22,,active,6,50.75
SUB-10558,Nimbus Logistics,Enterprise,annual,Canada,referral,2025-12-22,,trial,96,0
SUB-11336,Fable Logistics,Starter,monthly,Brazil,content,2025-12-22,,trial,5,0
SUB-11818,Acme Systems,Enterprise,monthly,Canada,organic search,2025-12-22,,trial,97,0
SUB-12053,Northwind Partners,Starter,monthly,United States,paid search,2025-12-22,,trial,1,0
SUB-12760,Copper Analytics,Starter,monthly,India,paid search,2025-12-22,,trial,2,0
SUB-13191,Orbit Logistics,Growth,annual,Germany,organic search,2025-12-22,,active,8,172.51
SUB-10693,Acme Studio,Growth,monthly,United Kingdom,outbound sales,2025-12-23,,active,6,173.25
SUB-11107,Vela Systems,Starter,monthly,Canada,referral,2025-12-23,,active,9,63.8
SUB-11194,Pine Studio,Enterprise,annual,United States,organic search,2025-12-23,,active,154,2198.1
SUB-11327,Juniper Partners,Starter,monthly,United States,outbound sales,2025-12-23,,trial,7,0
SUB-11478,Bluebird Studio,Growth,annual,Germany,organic search,2025-12-23,,active,5,134.64
SUB-10376,Kestrel Works,Scale,monthly,India,referral,2025-12-24,,trial,16,0
SUB-10422,Nimbus Logistics,Starter,monthly,India,organic search,2025-12-24,,trial,9,0
SUB-11087,Fable Analytics,Scale,monthly,France,content,2025-12-24,,trial,41,0
SUB-11197,Fable Analytics,Growth,annual,Brazil,content,2025-12-24,,active,8,172.51
SUB-11208,Pine Analytics,Starter,annual,Japan,organic search,2025-12-24,,trial,6,0
SUB-11902,Vela Labs,Scale,monthly,India,referral,2025-12-24,,trial,20,0
SUB-12928,Harbor Logistics,Growth,annual,United Kingdom,outbound sales,2025-12-24,,trial,7,0
SUB-10599,Quill Logistics,Growth,annual,Japan,organic search,2025-12-25,,trial,10,0
SUB-10666,Kestrel Foods,Starter,monthly,United States,paid search,2025-12-26,,active,5,46.4
SUB-11384,Fable Systems,Starter,annual,Australia,organic search,2025-12-26,,trial,6,0
SUB-11427,Juniper Partners,Starter,monthly,United Kingdom,content,2025-12-26,,trial,3,0
SUB-11824,Orbit Works,Starter,monthly,India,outbound sales,2025-12-26,,trial,1,0
SUB-12166,Orbit Retail,Scale,monthly,Canada,organic search,2025-12-26,,trial,29,0
SUB-12586,Orbit Analytics,Starter,monthly,United States,outbound sales,2025-12-26,,trial,3,0
SUB-11212,Acme Studio,Growth,monthly,United Kingdom,paid search,2025-12-27,,active,5,158.4
SUB-11517,Fable Partners,Scale,monthly,United States,outbound sales,2025-12-27,,trial,14,0
SUB-12019,Juniper Health,Growth,monthly,France,referral,2025-12-27,,active,9,217.8
SUB-12315,Fable Partners,Scale,annual,United States,paid search,2025-12-27,,trial,22,0
SUB-10168,Kestrel Logistics,Scale,monthly,Germany,organic search,2025-12-28,,active,30,659
SUB-10192,Lumen Systems,Starter,monthly,India,referral,2025-12-28,,trial,3,0
SUB-12056,Vela Foods,Starter,monthly,United States,partner,2025-12-28,,active,5,46.4
SUB-12448,Pine Logistics,Growth,monthly,India,referral,2025-12-28,,active,4,143.55
SUB-10008,Quill Analytics,Growth,monthly,United Kingdom,organic search,2025-12-29,,active,1,99
SUB-10972,Lumen Studio,Starter,monthly,Germany,organic search,2025-12-29,,active,9,63.8
SUB-12597,Juniper Analytics,Starter,annual,United States,referral,2025-12-29,,trial,9,0
SUB-13012,Pine Foods,Growth,annual,Germany,content,2025-12-29,,active,2,96.77
SUB-10266,Orbit Analytics,Starter,annual,Japan,organic search,2025-12-30,,trial,3,0
SUB-12152,Juniper Studio,Starter,monthly,Germany,content,2025-12-30,,trial,9,0
SUB-12219,Orbit Systems,Starter,monthly,United States,paid search,2025-12-30,,trial,1,0
SUB-12376,Lumen Studio,Scale,monthly,United States,content,2025-12-30,,active,26,611
SUB-12609,Vela Logistics,Growth,monthly,United Kingdom,organic search,2025-12-30,,active,7,188.1
SUB-12700,Vela Labs,Scale,monthly,United Kingdom,organic search,2025-12-30,,active,39,767
SUB-12902,Harbor Labs,Scale,monthly,India,organic search,2025-12-30,,trial,17,0
